<?xml version="1.0" encoding="UTF-8"?>
<!DOCTYPE nitf SYSTEM "http://www.nitf.org/IPTC/NITF/3.3/specification/dtd/nitf-3-3.dtd">
<nitf change.date="June 10, 2005" change.time="19:30" version="-//IPTC//DTD NITF 3.3//EN">
  <head>
    <title>Stake Is Raised In Crazy Eddie</title>
    <meta content="2" name="publication_day_of_month"/>
    <meta content="10" name="publication_month"/>
    <meta content="1987" name="publication_year"/>
    <meta content="Friday" name="publication_day_of_week"/>
    <meta content="Financial Desk" name="dsk"/>
    <meta content="4" name="print_page_number"/>
    <meta content="D" name="print_section"/>
    <meta content="6" name="print_column"/>
    <meta content="Business" name="online_sections"/>
    <docdata>
      <doc-id id-string="79198"/>
      <doc.copyright holder="The New York Times" year="1987"/>
      <series series.name="COMPANY NEWS"/>
      <identified-content>
        <classifier class="indexing_service" type="descriptor">MERGERS, ACQUISITIONS AND DIVESTITURES</classifier>
        <org class="indexing_service">CRAZY EDDIE INC</org>
        <org class="indexing_service">ENTERTAINMENT MARKETING INC</org>
        <org class="indexing_service">OPPENHEIMER-PALMIERI FUND</org>
        <classifier class="online_producer" type="taxonomic_classifier">Top/News/Business</classifier>
        <classifier class="online_producer" type="general_descriptor">Mergers, Acquisitions and Divestitures</classifier>
        <classifier class="online_producer" type="general_descriptor">Finances</classifier>
      </identified-content>
    </docdata>
    <pubdata date.publication="19871002T000000" ex-ref="http://query.nytimes.com/gst/fullpage.html?res=9B0DE6D7113DF931A35753C1A961948260" item-length="117" name="The New York Times" unit-of-measure="word"/>
  </head>
  <body>
    <body.head>
      <hedline>
        <hl1>Stake Is Raised In Crazy Eddie</hl1>
      </hedline>
      <byline class="print_byline">Special to the New York Times</byline>
      <dateline>WASHINGTON, Oct. 1</dateline>
    </body.head>
    <body.content>
      <block class="lead_paragraph">
        <p>LEAD: An investment group consisting of Entertainment Marketing Inc. and Oppenheimer-Palmieri Fund L.P., disclosed that it had raised its stake in Crazy Eddie Inc. to 15.6 percent, from 14.6 percent.</p>
      </block>
      <block class="full_text">
        <p>LEAD: An investment group consisting of Entertainment Marketing Inc. and Oppenheimer-Palmieri Fund L.P., disclosed that it had raised its stake in Crazy Eddie Inc. to 15.6 percent, from 14.6 percent.</p>
        <p>An investment group consisting of Entertainment Marketing Inc. and Oppenheimer-Palmieri Fund L.P., disclosed that it had raised its stake in Crazy Eddie Inc. to 15.6 percent, from 14.6 percent.</p>
        <p>In a filing with the Securities and Exchange Commission, Elias Zinn, the chairman of Entertainment Marketing, based in Houston, said he had purchased an additional 320,000 Crazy Eddie shares on the open market at prices of $4.75 to $4.91 a share. Mr. Zinn gave no details in the S.E.C. filing about the group's preparations for a proxy fight to gain control of the Crazy Eddie board. A meeting of the shareholders of the retail electronics chain, which is based in Edison, N.J., is scheduled for Nov. 6.</p>
        <p>COMPANY NEWS</p>
      </block>
    </body.content>
  </body>
</nitf>
