<?xml version="1.0" encoding="UTF-8"?>
<!DOCTYPE nitf SYSTEM "http://www.nitf.org/IPTC/NITF/3.3/specification/dtd/nitf-3-3.dtd">
<nitf change.date="June 10, 2005" change.time="19:30" version="-//IPTC//DTD NITF 3.3//EN">
  <head>
    <title>DIME SAVINGS BANK(WALLINGORD)(O) reports earnings for Qtr to Dec 31</title>
    <meta content="23" name="publication_day_of_month"/>
    <meta content="1" name="publication_month"/>
    <meta content="1987" name="publication_year"/>
    <meta content="Friday" name="publication_day_of_week"/>
    <meta content="Financial Desk" name="dsk"/>
    <meta content="5" name="print_page_number"/>
    <meta content="D" name="print_section"/>
    <meta content="1" name="print_column"/>
    <meta content="Business" name="online_sections"/>
    <docdata>
      <doc-id id-string="6161"/>
      <doc.copyright holder="The New York Times" year="1987"/>
      <identified-content>
        <classifier class="indexing_service" type="descriptor">COMPANY REPORTS</classifier>
        <classifier class="online_producer" type="types_of_material">Statistics</classifier>
        <classifier class="online_producer" type="taxonomic_classifier">Top/News/Business</classifier>
        <classifier class="online_producer" type="general_descriptor">Company Reports</classifier>
        <classifier class="online_producer" type="general_descriptor">Corporations</classifier>
      </identified-content>
    </docdata>
    <pubdata date.publication="19870123T000000" ex-ref="http://query.nytimes.com/gst/fullpage.html?res=9D05E0D71239F930A15752C0A961948260" item-length="43" name="The New York Times" unit-of-measure="word"/>
  </head>
  <body>
    <body.head>
      <hedline>
        <hl1>DIME SAVINGS BANK(WALLINGORD)(O) reports earnings for Qtr to Dec 31</hl1>
      </hedline>
    </body.head>
    <body.content>
      <block class="lead_paragraph">
        <p>LEAD:</p>
        <p>*3*** COMPANY REPORTS **</p>
        <p>*3*DIME SAVINGS BANK(WALLINGORD)(O)</p>
        <p>Qtr to Dec 31</p>
        <p>1986</p>
        <p>1985</p>
        <p>Net inc</p>
        <p>1,607,000</p>
        <p>566,000</p>
        <p>Per share</p>
        <p>.31</p>
        <p>-</p>
        <p>Yr net inc</p>
        <p>5,165,000</p>
        <p>3,097,000</p>
        <p>The company went public in July 1986.</p>
      </block>
      <block class="full_text">
        <p>LEAD:</p>
        <p>*3*** COMPANY REPORTS **</p>
        <p>*3*DIME SAVINGS BANK(WALLINGORD)(O)</p>
        <p>Qtr to Dec 31</p>
        <p>1986</p>
        <p>1985</p>
        <p>Net inc</p>
        <p>1,607,000</p>
        <p>566,000</p>
        <p>Per share</p>
        <p>.31</p>
        <p>-</p>
        <p>Yr net inc</p>
        <p>5,165,000</p>
        <p>3,097,000</p>
        <p>The company went public in July 1986.</p>
        <p>*3*** COMPANY REPORTS **</p>
        <p>*3*DIME SAVINGS BANK(WALLINGORD)(O)</p>
        <p>Qtr to Dec 31</p>
        <p>1986</p>
        <p>1985</p>
        <p>Net inc</p>
        <p>1,607,000</p>
        <p>566,000</p>
        <p>Per share</p>
        <p>.31</p>
        <p>-</p>
        <p>Yr net inc</p>
        <p>5,165,000</p>
        <p>3,097,000</p>
        <p>The company went public in July 1986.</p>
      </block>
    </body.content>
  </body>
</nitf>
