<?xml version="1.0" encoding="UTF-8"?>
<!DOCTYPE nitf SYSTEM "http://www.nitf.org/IPTC/NITF/3.3/specification/dtd/nitf-3-3.dtd">
<nitf change.date="June 10, 2005" change.time="19:30" version="-//IPTC//DTD NITF 3.3//EN">
  <head>
    <title>AMERICAN EXPRESS CO reports earnings for Qtr to Dec 31</title>
    <meta content="23" name="publication_day_of_month"/>
    <meta content="1" name="publication_month"/>
    <meta content="1987" name="publication_year"/>
    <meta content="Friday" name="publication_day_of_week"/>
    <meta content="Financial Desk" name="dsk"/>
    <meta content="5" name="print_page_number"/>
    <meta content="D" name="print_section"/>
    <meta content="1" name="print_column"/>
    <meta content="Business" name="online_sections"/>
    <docdata>
      <doc-id id-string="6356"/>
      <doc.copyright holder="The New York Times" year="1987"/>
      <identified-content>
        <classifier class="indexing_service" type="descriptor">COMPANY REPORTS</classifier>
        <classifier class="online_producer" type="types_of_material">Statistics</classifier>
        <classifier class="online_producer" type="taxonomic_classifier">Top/News/Business</classifier>
        <classifier class="online_producer" type="general_descriptor">Company Reports</classifier>
        <classifier class="online_producer" type="general_descriptor">Corporations</classifier>
      </identified-content>
    </docdata>
    <pubdata date.publication="19870123T000000" ex-ref="http://query.nytimes.com/gst/fullpage.html?res=9D05E0D7103BF930A15752C0A961948260" item-length="118" name="The New York Times" unit-of-measure="word"/>
  </head>
  <body>
    <body.head>
      <hedline>
        <hl1>AMERICAN EXPRESS CO reports earnings for Qtr to Dec 31</hl1>
      </hedline>
    </body.head>
    <body.content>
      <block class="lead_paragraph">
        <p>LEAD:</p>
        <p>*3*** COMPANY REPORTS **</p>
        <p>*3*AMERICAN EXPRESS CO (NYSE)</p>
        <p>Qtr to Dec 31</p>
        <p>1986</p>
        <p>1985</p>
        <p>Revenue</p>
        <p>4,077,400,000</p>
        <p>3,348,500,000</p>
        <p>Net inc</p>
        <p>277,200,000</p>
        <p>272,600,000</p>
        <p>Share earns</p>
        <p>1.25</p>
        <p>1.19</p>
        <p>Yr rev</p>
        <p>14,652,300,000</p>
        <p>11,849,400,000</p>
        <p>Net inc</p>
        <p>b1,249,800,000</p>
        <p>b809,600,000</p>
        <p>Share earns</p>
        <p>5.55</p>
        <p>3.55</p>
      </block>
      <block class="full_text">
        <p>LEAD:</p>
        <p>*3*** COMPANY REPORTS **</p>
        <p>*3*AMERICAN EXPRESS CO (NYSE)</p>
        <p>Qtr to Dec 31</p>
        <p>1986</p>
        <p>1985</p>
        <p>Revenue</p>
        <p>4,077,400,000</p>
        <p>3,348,500,000</p>
        <p>Net inc</p>
        <p>277,200,000</p>
        <p>272,600,000</p>
        <p>Share earns</p>
        <p>1.25</p>
        <p>1.19</p>
        <p>Yr rev</p>
        <p>14,652,300,000</p>
        <p>11,849,400,000</p>
        <p>Net inc</p>
        <p>b1,249,800,000</p>
        <p>b809,600,000</p>
        <p>Share earns</p>
        <p>5.55</p>
        <p>3.55</p>
        <p>*3*** COMPANY REPORTS **</p>
        <p>*3*AMERICAN EXPRESS CO (NYSE)</p>
        <p>Qtr to Dec 31</p>
        <p>1986</p>
        <p>1985</p>
        <p>Revenue</p>
        <p>4,077,400,000</p>
        <p>3,348,500,000</p>
        <p>Net inc</p>
        <p>277,200,000</p>
        <p>272,600,000</p>
        <p>Share earns</p>
        <p>1.25</p>
        <p>1.19</p>
        <p>Yr rev</p>
        <p>14,652,300,000</p>
        <p>11,849,400,000</p>
        <p>Net inc</p>
        <p>b1,249,800,000</p>
        <p>b809,600,000</p>
        <p>Share earns</p>
        <p>5.55</p>
        <p>3.55</p>
        <p>b-Includes income from discontinued operations of $139,600,000 for the latest quarter and a loss from discontinued operations of $2,700,000 for the year-ago period.</p>
        <p>The company said the quarter-to- quarter comparison was negatively affected by a special gain in the fourth quarter of 1985 as well as by the increased corporate expenses in the same period of 1986.</p>
      </block>
    </body.content>
  </body>
</nitf>
