<?xml version="1.0" encoding="UTF-8"?>
<!DOCTYPE nitf SYSTEM "http://www.nitf.org/IPTC/NITF/3.3/specification/dtd/nitf-3-3.dtd">
<nitf change.date="June 10, 2005" change.time="19:30" version="-//IPTC//DTD NITF 3.3//EN">
  <head>
    <title>GEORGIA-PACIFIC CORP reports earnings for Qtr to Dec 31</title>
    <meta content="23" name="publication_day_of_month"/>
    <meta content="1" name="publication_month"/>
    <meta content="1987" name="publication_year"/>
    <meta content="Friday" name="publication_day_of_week"/>
    <meta content="Financial Desk" name="dsk"/>
    <meta content="5" name="print_page_number"/>
    <meta content="D" name="print_section"/>
    <meta content="1" name="print_column"/>
    <meta content="Business" name="online_sections"/>
    <docdata>
      <doc-id id-string="6373"/>
      <doc.copyright holder="The New York Times" year="1987"/>
      <identified-content>
        <classifier class="indexing_service" type="descriptor">COMPANY REPORTS</classifier>
        <classifier class="online_producer" type="types_of_material">Statistics</classifier>
        <classifier class="online_producer" type="taxonomic_classifier">Top/News/Business</classifier>
        <classifier class="online_producer" type="general_descriptor">Company Reports</classifier>
        <classifier class="online_producer" type="general_descriptor">Corporations</classifier>
      </identified-content>
    </docdata>
    <pubdata date.publication="19870123T000000" ex-ref="http://query.nytimes.com/gst/fullpage.html?res=9D05E0D7153DF930A15752C0A961948260" item-length="124" name="The New York Times" unit-of-measure="word"/>
  </head>
  <body>
    <body.head>
      <hedline>
        <hl1>GEORGIA-PACIFIC CORP reports earnings for Qtr to Dec 31</hl1>
      </hedline>
    </body.head>
    <body.content>
      <block class="lead_paragraph">
        <p>LEAD:</p>
        <p>*3*** COMPANY REPORTS **</p>
        <p>*3*GEORGIA-PACIFIC CORP (NYSE)</p>
        <p>Qtr to Dec 31</p>
        <p>1986</p>
        <p>1985</p>
        <p>Sales</p>
        <p>1,781,000,000</p>
        <p>1,590,000,000</p>
        <p>Net inc</p>
        <p>b83,000,000</p>
        <p>c43,000,000</p>
        <p>Share earns</p>
        <p>.75</p>
        <p>.37</p>
        <p>Yr sales</p>
        <p>7,223,000,000</p>
        <p>6,716,000,000</p>
        <p>Net inc</p>
        <p>296,000,000</p>
        <p>cd187,000,000</p>
        <p>Share earns</p>
        <p>2.69</p>
        <p>1.64</p>
      </block>
      <block class="full_text">
        <p>LEAD:</p>
        <p>*3*** COMPANY REPORTS **</p>
        <p>*3*GEORGIA-PACIFIC CORP (NYSE)</p>
        <p>Qtr to Dec 31</p>
        <p>1986</p>
        <p>1985</p>
        <p>Sales</p>
        <p>1,781,000,000</p>
        <p>1,590,000,000</p>
        <p>Net inc</p>
        <p>b83,000,000</p>
        <p>c43,000,000</p>
        <p>Share earns</p>
        <p>.75</p>
        <p>.37</p>
        <p>Yr sales</p>
        <p>7,223,000,000</p>
        <p>6,716,000,000</p>
        <p>Net inc</p>
        <p>296,000,000</p>
        <p>cd187,000,000</p>
        <p>Share earns</p>
        <p>2.69</p>
        <p>1.64</p>
        <p>*3*** COMPANY REPORTS **</p>
        <p>*3*GEORGIA-PACIFIC CORP (NYSE)</p>
        <p>Qtr to Dec 31</p>
        <p>1986</p>
        <p>1985</p>
        <p>Sales</p>
        <p>1,781,000,000</p>
        <p>1,590,000,000</p>
        <p>Net inc</p>
        <p>b83,000,000</p>
        <p>c43,000,000</p>
        <p>Share earns</p>
        <p>.75</p>
        <p>.37</p>
        <p>Yr sales</p>
        <p>7,223,000,000</p>
        <p>6,716,000,000</p>
        <p>Net inc</p>
        <p>296,000,000</p>
        <p>cd187,000,000</p>
        <p>Share earns</p>
        <p>2.69</p>
        <p>1.64</p>
        <p>b-Includes a gain of $3 million, or 3 cents a share, from a change in accounting for pensions and a pretax gain of $33 million from sales and redemption of debt, preferred stock and warrants of a formerly-owned commodity chemicals subsidiary sold in 1984.</p>
        <p>c-Includes a gain of $10 million, or 10 cents a share, from settlement of a suit.</p>
        <p>d-After a loss from discontinued operations of $30 million.</p>
      </block>
    </body.content>
  </body>
</nitf>
