<?xml version="1.0" encoding="UTF-8"?>
<!DOCTYPE nitf SYSTEM "http://www.nitf.org/IPTC/NITF/3.3/specification/dtd/nitf-3-3.dtd">
<nitf change.date="June 10, 2005" change.time="19:30" version="-//IPTC//DTD NITF 3.3//EN">
  <head>
    <title>REPH ACQUISITION CO reports earnings for Year to Aug 31</title>
    <meta content="8" name="publication_day_of_month"/>
    <meta content="12" name="publication_month"/>
    <meta content="1987" name="publication_year"/>
    <meta content="Tuesday" name="publication_day_of_week"/>
    <meta content="Financial Desk" name="dsk"/>
    <meta content="21" name="print_page_number"/>
    <meta content="D" name="print_section"/>
    <meta content="1" name="print_column"/>
    <meta content="Business" name="online_sections"/>
    <docdata>
      <doc-id id-string="100209"/>
      <doc.copyright holder="The New York Times" year="1987"/>
      <identified-content>
        <classifier class="indexing_service" type="descriptor">COMPANY REPORTS</classifier>
        <classifier class="online_producer" type="types_of_material">Statistics</classifier>
        <classifier class="online_producer" type="taxonomic_classifier">Top/News/Business</classifier>
        <classifier class="online_producer" type="general_descriptor">Company Reports</classifier>
        <classifier class="online_producer" type="general_descriptor">Corporations</classifier>
      </identified-content>
    </docdata>
    <pubdata date.publication="19871208T000000" ex-ref="http://query.nytimes.com/gst/fullpage.html?res=9E04E0D7113DF93BA35751C1A961948260" item-length="85" name="The New York Times" unit-of-measure="word"/>
  </head>
  <body>
    <body.head>
      <hedline>
        <hl1>REPH ACQUISITION CO reports earnings for Year to Aug 31</hl1>
      </hedline>
    </body.head>
    <body.content>
      <block class="lead_paragraph">
        <p>LEAD:</p>
        <p>*3*** COMPANY REPORTS **</p>
        <p>*3*REPH ACQUISITION CO</p>
        <p>Year to Aug 31</p>
        <p>1987</p>
        <p>1986</p>
        <p>Revenue</p>
        <p>536,956,000</p>
        <p>348,816,000</p>
        <p>Net loss</p>
        <p>b283,025,000</p>
        <p>c8,886,000</p>
        <p>b-Includes $112,524,000 attributable to the writedown of the property, plant and equipment of certain hospitals and $73,326,000 to a writeoff of the excess cost of the net assets acquired over fair value assigned to certain hospitals.</p>
      </block>
      <block class="full_text">
        <p>LEAD:</p>
        <p>*3*** COMPANY REPORTS **</p>
        <p>*3*REPH ACQUISITION CO</p>
        <p>Year to Aug 31</p>
        <p>1987</p>
        <p>1986</p>
        <p>Revenue</p>
        <p>536,956,000</p>
        <p>348,816,000</p>
        <p>Net loss</p>
        <p>b283,025,000</p>
        <p>c8,886,000</p>
        <p>b-Includes $112,524,000 attributable to the writedown of the property, plant and equipment of certain hospitals and $73,326,000 to a writeoff of the excess cost of the net assets acquired over fair value assigned to certain hospitals.</p>
        <p>*3*** COMPANY REPORTS **</p>
        <p>*3*REPH ACQUISITION CO</p>
        <p>Year to Aug 31</p>
        <p>1987</p>
        <p>1986</p>
        <p>Revenue</p>
        <p>536,956,000</p>
        <p>348,816,000</p>
        <p>Net loss</p>
        <p>b283,025,000</p>
        <p>c8,886,000</p>
        <p>b-Includes $112,524,000 attributable to the writedown of the property, plant and equipment of certain hospitals and $73,326,000 to a writeoff of the excess cost of the net assets acquired over fair value assigned to certain hospitals.</p>
        <p>c-Net income  The year-ago period was comprised of only eight months.</p>
      </block>
    </body.content>
  </body>
</nitf>
