<?xml version="1.0" encoding="UTF-8"?>
<!DOCTYPE nitf SYSTEM "http://www.nitf.org/IPTC/NITF/3.3/specification/dtd/nitf-3-3.dtd">
<nitf change.date="June 10, 2005" change.time="19:30" version="-//IPTC//DTD NITF 3.3//EN">
  <head>
    <title>TO-FITNESS INC reports earnings for Qtr to March 31</title>
    <meta content="16" name="publication_day_of_month"/>
    <meta content="5" name="publication_month"/>
    <meta content="1987" name="publication_year"/>
    <meta content="Saturday" name="publication_day_of_week"/>
    <meta content="Financial Desk" name="dsk"/>
    <meta content="39" name="print_page_number"/>
    <meta content="1" name="print_section"/>
    <meta content="1" name="print_column"/>
    <meta content="Business" name="online_sections"/>
    <docdata>
      <doc-id id-string="40872"/>
      <doc.copyright holder="The New York Times" year="1987"/>
      <identified-content>
        <classifier class="indexing_service" type="descriptor">COMPANY REPORTS</classifier>
        <classifier class="online_producer" type="types_of_material">Statistics</classifier>
        <classifier class="online_producer" type="taxonomic_classifier">Top/News/Business</classifier>
        <classifier class="online_producer" type="general_descriptor">Company Reports</classifier>
        <classifier class="online_producer" type="general_descriptor">Corporations</classifier>
      </identified-content>
    </docdata>
    <pubdata date.publication="19870516T000000" ex-ref="http://query.nytimes.com/gst/fullpage.html?res=9A05E0D71326E032BC4D53DFB16E958A" item-length="41" name="The New York Times" unit-of-measure="word"/>
  </head>
  <body>
    <body.head>
      <hedline>
        <hl1>TO-FITNESS INC reports earnings for Qtr to March 31</hl1>
      </hedline>
    </body.head>
    <body.content>
      <block class="lead_paragraph">
        <p>LEAD:</p>
        <p>*3*** COMPANY REPORTS **</p>
        <p>*3*TO-FITNESS INC</p>
        <p>Qtr to March 31</p>
        <p>1987</p>
        <p>1986</p>
        <p>Sales</p>
        <p>1,351,342</p>
        <p>369,155</p>
        <p>Net inc</p>
        <p>b30,443</p>
        <p>c417,482</p>
        <p>Share earns</p>
        <p>.01</p>
        <p>-</p>
        <p>b-After a tax credit of $12,177.</p>
        <p>c-Net loss</p>
      </block>
      <block class="full_text">
        <p>LEAD:</p>
        <p>*3*** COMPANY REPORTS **</p>
        <p>*3*TO-FITNESS INC</p>
        <p>Qtr to March 31</p>
        <p>1987</p>
        <p>1986</p>
        <p>Sales</p>
        <p>1,351,342</p>
        <p>369,155</p>
        <p>Net inc</p>
        <p>b30,443</p>
        <p>c417,482</p>
        <p>Share earns</p>
        <p>.01</p>
        <p>-</p>
        <p>b-After a tax credit of $12,177.</p>
        <p>c-Net loss</p>
        <p>*3*** COMPANY REPORTS **</p>
        <p>*3*TO-FITNESS INC</p>
        <p>Qtr to March 31</p>
        <p>1987</p>
        <p>1986</p>
        <p>Sales</p>
        <p>1,351,342</p>
        <p>369,155</p>
        <p>Net inc</p>
        <p>b30,443</p>
        <p>c417,482</p>
        <p>Share earns</p>
        <p>.01</p>
        <p>-</p>
        <p>b-After a tax credit of $12,177.</p>
        <p>c-Net loss</p>
      </block>
    </body.content>
  </body>
</nitf>
