<?xml version="1.0" encoding="UTF-8"?>
<!DOCTYPE nitf SYSTEM "http://www.nitf.org/IPTC/NITF/3.3/specification/dtd/nitf-3-3.dtd">
<nitf change.date="June 10, 2005" change.time="19:30" version="-//IPTC//DTD NITF 3.3//EN">
  <head>
    <title>ANSWERS TO QUIZ</title>
    <meta content="12" name="publication_day_of_month"/>
    <meta content="12" name="publication_month"/>
    <meta content="1987" name="publication_year"/>
    <meta content="Saturday" name="publication_day_of_week"/>
    <meta content="National Desk" name="dsk"/>
    <meta content="21" name="print_page_number"/>
    <meta content="1" name="print_section"/>
    <meta content="4" name="print_column"/>
    <meta content="U.S." name="online_sections"/>
    <docdata>
      <doc-id id-string="101046"/>
      <doc.copyright holder="The New York Times" year="1987"/>
      <identified-content>
        <classifier class="indexing_service" type="descriptor">NEWS AND NEWS MEDIA</classifier>
        <classifier class="online_producer" type="types_of_material">Question</classifier>
        <classifier class="online_producer" type="taxonomic_classifier">Top/News/U.S.</classifier>
        <classifier class="online_producer" type="taxonomic_classifier">Top/News</classifier>
        <classifier class="online_producer" type="general_descriptor">Media</classifier>
        <classifier class="online_producer" type="general_descriptor">News and News Media</classifier>
      </identified-content>
    </docdata>
    <pubdata date.publication="19871212T000000" ex-ref="http://query.nytimes.com/gst/fullpage.html?res=9B0DE4DA153CF931A25751C1A961948260" item-length="420" name="The New York Times" unit-of-measure="word"/>
  </head>
  <body>
    <body.head>
      <hedline>
        <hl1>ANSWERS TO QUIZ</hl1>
      </hedline>
    </body.head>
    <body.content>
      <block class="lead_paragraph">
        <p>LEAD: Questions appear on page 18.</p>
      </block>
      <block class="full_text">
        <p>LEAD: Questions appear on page 18.</p>
        <p>Questions appear on page 18.</p>
        <p>1. The clothes are school uniforms that the students are volunteered to wear. According to advocates of the move, discipline problems have been reduced since the dress code was adopted.</p>
        <p>2. The two nations failed to conclude major new accords on such key issues dividing them as Soviet withdrawal from Afghanistan and United States testing of space-based defensive weapons.</p>
        <p>3. The money raised through the sale of the Coliseum property is being spent as part of the operating budget for the fiscal year 1988, which began July 1.</p>
        <p>4. Warsaw announced that steep price increases planned for next year for basic foods will instead be put into effect over three years. The Government linked the action to the failure of a referendum seeking popular support for the increases. Sharp increases in the prices of rents, heat and fuel will not be scaled back.</p>
        <p>5. To permit better scheduling of crews. According to male officers, the policy of single-sex crews causes men to carry an unequal share of duty.</p>
        <p>6. His name and works will be marketed by the company whose marketing was responsible for the success of the Cabbage Patch dolls.</p>
        <p>7. Many of the patients are showing little if any improvement and are typically far sicker than had been expected.</p>
        <p>8. That dioxin's potency in inducing cancer is one-sixteenth that of an estimate by the agency two years ago.</p>
        <p>9. In a game against the Boston Bruins, Hextell became the first goalie to score by shooting the puck into the opponent's net.</p>
        <p>10. An author's right to use the names of living people in works of fiction.</p>
        <p>11. New observations by radiotelescopes support the theory that stars are formed from collapsing gas clouds, and indicate that the process is spawning dozens of stars at once.</p>
        <p>12. A position paper by the nation's Roman Catholic bishops that offered qualified support for teaching about condoms in Catholic school educational programs aimed at fighting the spread of AIDS.</p>
        <p>13. The European Community's transport ministers approved an airline deregulation package that is expected to lower air fares within Europe by next summer.</p>
        <p>14. Judge Kennedy received the American Bar Asssociation's highest rating by unanimous vote.</p>
        <p>15. There are 300 blue, green, red and amber lights in the room's dome that flicker or fade as music is played.</p>
        <p>16. He is Tim Brown, winner of the Heisman Trophy. Don McPherson, the quarterback who led Syracuse to its first undefeated regular season in 28 years, finished No. 2.</p>
      </block>
    </body.content>
  </body>
</nitf>
