<?xml version="1.0" encoding="UTF-8"?>
<!DOCTYPE nitf SYSTEM "http://www.nitf.org/IPTC/NITF/3.3/specification/dtd/nitf-3-3.dtd">
<nitf change.date="June 10, 2005" change.time="19:30" version="-//IPTC//DTD NITF 3.3//EN">
  <head>
    <title>Correction</title>
    <meta content="24" name="publication_day_of_month"/>
    <meta content="12" name="publication_month"/>
    <meta content="1987" name="publication_year"/>
    <meta content="Thursday" name="publication_day_of_week"/>
    <meta content="Metropolitan Desk" name="dsk"/>
    <meta content="3" name="print_page_number"/>
    <meta content="A" name="print_section"/>
    <meta content="1" name="print_column"/>
    <meta content="Corrections; New York and Region" name="online_sections"/>
    <docdata>
      <doc-id id-string="104288"/>
      <doc.copyright holder="The New York Times" year="1987"/>
      <identified-content>
        <classifier class="indexing_service" type="descriptor">FINANCES</classifier>
        <classifier class="indexing_service" type="descriptor">BUDGETS AND BUDGETING</classifier>
        <classifier class="indexing_service" type="descriptor">CORRECTION STORIES</classifier>
        <classifier class="indexing_service" type="descriptor">LAW AND LEGISLATION</classifier>
        <location class="indexing_service">UNITED STATES</location>
        <location class="indexing_service">UNITED STATES</location>
        <person class="indexing_service">GORE, ALBERT JR (SEN)</person>
        <classifier class="online_producer" type="types_of_material">CORRECTION</classifier>
        <classifier class="online_producer" type="taxonomic_classifier">Top/News/New York and Region</classifier>
        <classifier class="online_producer" type="taxonomic_classifier">Top/News/Corrections</classifier>
        <classifier class="online_producer" type="taxonomic_classifier">Top/Features/Travel/Guides/Destinations/North America</classifier>
        <classifier class="online_producer" type="taxonomic_classifier">Top/Features/Travel/Guides/Destinations/North America/United States</classifier>
        <classifier class="online_producer" type="general_descriptor">Budgets and Budgeting</classifier>
        <classifier class="online_producer" type="general_descriptor">Finances</classifier>
        <classifier class="online_producer" type="general_descriptor">Law and Legislation</classifier>
      </identified-content>
    </docdata>
    <pubdata date.publication="19871224T000000" ex-ref="http://query.nytimes.com/gst/fullpage.html?res=9B0DE0D91F39F937A15751C1A961948260" item-length="30" name="The New York Times" unit-of-measure="word"/>
  </head>
  <body>
    <body.head>
      <hedline>
        <hl1>Correction</hl1>
      </hedline>
    </body.head>
    <body.content>
      <block class="lead_paragraph">
        <p>LEAD: Because of an editing error, a rollcall listing yesterday on the Senate's vote on a $600 billion spending bill misidentified Senator Albert Gore of Tennessee. He is a Democrat.</p>
      </block>
      <block class="full_text">
        <p>LEAD: Because of an editing error, a rollcall listing yesterday on the Senate's vote on a $600 billion spending bill misidentified Senator Albert Gore of Tennessee. He is a Democrat.</p>
        <p>Because of an editing error, a rollcall listing yesterday on the Senate's vote on a $600 billion spending bill misidentified Senator Albert Gore of Tennessee. He is a Democrat.</p>
      </block>
    </body.content>
  </body>
</nitf>
