<?xml version="1.0" encoding="UTF-8"?>
<!DOCTYPE nitf SYSTEM "http://www.nitf.org/IPTC/NITF/3.3/specification/dtd/nitf-3-3.dtd">
<nitf change.date="June 10, 2005" change.time="19:30" version="-//IPTC//DTD NITF 3.3//EN">
  <head>
    <title>Malcolm Stewart Wed To Katherine M. Boyle</title>
    <meta content="26" name="publication_day_of_month"/>
    <meta content="9" name="publication_month"/>
    <meta content="1987" name="publication_year"/>
    <meta content="Saturday" name="publication_day_of_week"/>
    <meta content="Society Desk" name="dsk"/>
    <meta content="12" name="print_page_number"/>
    <meta content="1" name="print_section"/>
    <meta content="4" name="print_column"/>
    <meta content="Style" name="online_sections"/>
    <docdata>
      <doc-id id-string="77591"/>
      <doc.copyright holder="The New York Times" year="1987"/>
      <identified-content>
        <classifier class="indexing_service" type="descriptor">WEDDINGS AND ENGAGEMENTS</classifier>
        <person class="indexing_service">BOYLE, KATHERINE MARIE (KATHERINE MARIE STEWART)</person>
        <person class="indexing_service">STEWART, MALCOLM JAMES</person>
        <classifier class="online_producer" type="taxonomic_classifier">Top/Features/Style</classifier>
        <classifier class="online_producer" type="taxonomic_classifier">Top/Features/Style/Fashion and Style</classifier>
        <classifier class="online_producer" type="taxonomic_classifier">Top/Features/Style/Fashion and Style/Weddings and Celebrations</classifier>
        <classifier class="online_producer" type="general_descriptor">Weddings and Engagements</classifier>
      </identified-content>
    </docdata>
    <pubdata date.publication="19870926T000000" ex-ref="http://query.nytimes.com/gst/fullpage.html?res=9B0DE7DA1330F935A1575AC0A961948260" item-length="198" name="The New York Times" unit-of-measure="word"/>
  </head>
  <body>
    <body.head>
      <hedline>
        <hl1>Malcolm Stewart Wed To Katherine M. Boyle</hl1>
      </hedline>
    </body.head>
    <body.content>
      <block class="lead_paragraph">
        <p>LEAD: Katherine Marie Boyle, a daughter of Mr. and Mrs. Robert Leonard Boyle of Rumson, N.J., was married yesterday to Malcolm James Stewart, a son of James Donald Stewart of Randolph, Vt., and the late Thelma Stewart. The Rev. Victor R. Yanitelli performed the ceremony at the Roman Catholic Church of St.</p>
      </block>
      <block class="full_text">
        <p>LEAD: Katherine Marie Boyle, a daughter of Mr. and Mrs. Robert Leonard Boyle of Rumson, N.J., was married yesterday to Malcolm James Stewart, a son of James Donald Stewart of Randolph, Vt., and the late Thelma Stewart. The Rev. Victor R. Yanitelli performed the ceremony at the Roman Catholic Church of St.</p>
        <p>Katherine Marie Boyle, a daughter of Mr. and Mrs. Robert Leonard Boyle of Rumson, N.J., was married yesterday to Malcolm James Stewart, a son of James Donald Stewart of Randolph, Vt., and the late Thelma Stewart. The Rev. Victor R. Yanitelli performed the ceremony at the Roman Catholic Church of St. Ignatius Loyola in New York.</p>
        <p>The bride, an account executive at Scali, McCabe, Sloves, an advertising agency in New York, graduated from Miss Porter's School and Georgetown University. Her father is a real-estate salesman at Wm. H. Hintlemann in Rumson and a member of the New Jersey Supreme Court Advisory Committee on Judicial Conduct. He was formerly the president and publisher of The Hudson Dispatch newspaper in Union City, N.J.</p>
        <p>Mr. Stewart is a vice president in the corporate finance division of the Citicorp Investment Bank in New York. He graduated from the University of Oregon, where he was elected to Phi Beta Kappa, and received a master's degree in international affairs from Columbia University. His father, who is retired, was a professor of biology at the University of Vermont and Norwich University and a biologist for the Vermont Fish and Wildlife Department.</p>
      </block>
    </body.content>
  </body>
</nitf>
