<?xml version="1.0" encoding="UTF-8"?>
<!DOCTYPE nitf SYSTEM "http://www.nitf.org/IPTC/NITF/3.3/specification/dtd/nitf-3-3.dtd">
<nitf change.date="June 10, 2005" change.time="19:30" version="-//IPTC//DTD NITF 3.3//EN">
  <head>
    <title>Home Sales Falter In the Suburbs</title>
    <meta content="2" name="publication_day_of_month"/>
    <meta content="8" name="publication_month"/>
    <meta content="1987" name="publication_year"/>
    <meta content="Sunday" name="publication_day_of_week"/>
    <meta content="Week in Review Desk" name="dsk"/>
    <meta content="6" name="print_page_number"/>
    <meta content="4" name="print_section"/>
    <meta content="6" name="print_column"/>
    <meta content="Week in Review" name="online_sections"/>
    <docdata>
      <doc-id id-string="62361"/>
      <doc.copyright holder="The New York Times" year="1987"/>
      <series series.name="THE REGION"/>
      <identified-content>
        <classifier class="indexing_service" type="descriptor">HOUSING</classifier>
        <classifier class="indexing_service" type="descriptor">SALES</classifier>
        <location class="indexing_service">NEW YORK CITY METROPOLITAN AREA</location>
        <person class="indexing_service">DOUGLAS, CARLYLE C</person>
        <person class="indexing_service">CONNELLY, MARY</person>
        <classifier class="online_producer" type="taxonomic_classifier">Top/Features/Week in Review</classifier>
        <classifier class="online_producer" type="taxonomic_classifier">Top/Classifieds/Real Estate/Locations/New York</classifier>
        <classifier class="online_producer" type="taxonomic_classifier">Top/Classifieds/Real Estate/Locations/New York/New York City</classifier>
        <classifier class="online_producer" type="taxonomic_classifier">Top/Classifieds/Job Market/Job Categories/Sales and Business Development</classifier>
        <classifier class="online_producer" type="taxonomic_classifier">Top/Features/Travel/Guides/Destinations/North America/United States/New York/New York City</classifier>
        <classifier class="online_producer" type="general_descriptor">Sales</classifier>
        <classifier class="online_producer" type="general_descriptor">Housing</classifier>
      </identified-content>
    </docdata>
    <pubdata date.publication="19870802T000000" ex-ref="http://query.nytimes.com/gst/fullpage.html?res=9B0DEFDA163FF931A3575BC0A961948260" item-length="166" name="The New York Times" unit-of-measure="word"/>
  </head>
  <body>
    <body.head>
      <hedline>
        <hl1>Home Sales Falter In the Suburbs</hl1>
      </hedline>
      <byline class="print_byline">By CARLYLE C. DOUGLAS AND MARY CONNELLY</byline>
      <byline class="normalized_byline">CONNELLY, MARY; DOUGLAS, CARLYLE C</byline>
    </body.head>
    <body.content>
      <block class="lead_paragraph">
        <p>LEAD: No one could predict how long the trend might last, or even say for sure that it was a trend, but a look at home buying in New York City's suburbs last week - which should have been the peak of the season - detected a lull. In communities where real-estate prices have more than doubled since 1980, sellers were lowering their prices and still waiting for buyers.</p>
      </block>
      <block class="full_text">
        <p>LEAD: No one could predict how long the trend might last, or even say for sure that it was a trend, but a look at home buying in New York City's suburbs last week - which should have been the peak of the season - detected a lull. In communities where real-estate prices have more than doubled since 1980, sellers were lowering their prices and still waiting for buyers.</p>
        <p>No one could predict how long the trend might last, or even say for sure that it was a trend, but a look at home buying in New York City's suburbs last week - which should have been the peak of the season - detected a lull. In communities where real-estate prices have more than doubled since 1980, sellers were lowering their prices and still waiting for buyers.</p>
        <p>''For the moment,'' said Richard Palmer, regional vice president of the National Board of Realtors for New York, New Jersey and Pennsylvania, ''the unsatiable demand for homes seems to be satisfied.''</p>
        <p>Experts speculated as to the reasons: revisions in the Federal tax code, a recent jump in mortgage interest rates, and the relocation of many corporate employees to other parts of the country - in part because of the high cost of housing.</p>
        <p>One would-be seller in Trumbull, Conn., Roger Sonstroem, put his theory this way: ''There is a limit,'' he said, ''to the number of people who can afford to pay $400,000 for a house.''  THE REGION</p>
      </block>
    </body.content>
  </body>
</nitf>
