<?xml version="1.0" encoding="UTF-8"?>
<!DOCTYPE nitf SYSTEM "http://www.nitf.org/IPTC/NITF/3.3/specification/dtd/nitf-3-3.dtd">
<nitf change.date="June 10, 2005" change.time="19:30" version="-//IPTC//DTD NITF 3.3//EN">
  <head>
    <title>Statement on Meeting</title>
    <meta content="10" name="publication_day_of_month"/>
    <meta content="11" name="publication_month"/>
    <meta content="1987" name="publication_year"/>
    <meta content="Tuesday" name="publication_day_of_week"/>
    <meta content="Financial Desk" name="dsk"/>
    <meta content="8" name="print_page_number"/>
    <meta content="D" name="print_section"/>
    <meta content="3" name="print_column"/>
    <meta content="Business" name="online_sections"/>
    <docdata>
      <doc-id id-string="91503"/>
      <doc.copyright holder="The New York Times" year="1987"/>
      <series series.name="CENTRAL BANKERS CALL FOR REDUCING TRADE IMBALANCES"/>
      <identified-content>
        <classifier class="indexing_service" type="descriptor">INTERNATIONAL TRADE AND WORLD MARKET</classifier>
        <person class="indexing_service">POHL, KARL OTTO</person>
        <classifier class="online_producer" type="types_of_material">Text</classifier>
        <classifier class="online_producer" type="taxonomic_classifier">Top/News/Business</classifier>
        <classifier class="online_producer" type="general_descriptor">International Trade and World Market</classifier>
      </identified-content>
    </docdata>
    <pubdata date.publication="19871110T000000" ex-ref="http://query.nytimes.com/gst/fullpage.html?res=9B0DEED61138F933A25752C1A961948260" item-length="220" name="The New York Times" unit-of-measure="word"/>
  </head>
  <body>
    <body.head>
      <hedline>
        <hl1>Statement on Meeting</hl1>
      </hedline>
      <byline class="print_byline">Special to the New York Times</byline>
      <dateline>BASEL, Switzerland, Nov. 9</dateline>
    </body.head>
    <body.content>
      <block class="lead_paragraph">
        <p>LEAD: Following is the text of the statement issued today by Karl Otto Pohl, president of West Germany's central bank and chairman of the Group of 10 central bank governors. The group consists of the United States, Japan, West Germany, Britain, Canada, France, Italy, Belgium, the Netherlands and Sweden.</p>
      </block>
      <block class="full_text">
        <p>LEAD: Following is the text of the statement issued today by Karl Otto Pohl, president of West Germany's central bank and chairman of the Group of 10 central bank governors. The group consists of the United States, Japan, West Germany, Britain, Canada, France, Italy, Belgium, the Netherlands and Sweden.</p>
        <p>Following is the text of the statement issued today by Karl Otto Pohl, president of West Germany's central bank and chairman of the Group of 10 central bank governors. The group consists of the United States, Japan, West Germany, Britain, Canada, France, Italy, Belgium, the Netherlands and Sweden. Switzerland sits in on Group of 10 meetings.</p>
        <p>The central bank governors of the Group of 10 countries have this afternoon held their usual monthly meeting. They have exchanged views on recent developments in the money, capital and exchange markets and are in agreement both on their analysis of the present situation and on the policies that are needed to deal with it. In particular:</p>
        <p>* They expressed their satisfaction at recent measures taken to maintain the smooth functioning of the financial system and reaffirmed their commitment to that end.</p>
        <p>* They stressed the importance of moves by governments of major industrial countries to adopt fiscal policies with the objectives of reducing existing payments imbalances, promoting exchange rate stability and sustaining noninflationary growth.</p>
        <p>* They are ready to support these objectives with appropriate monetary policies.</p>
        <p>* They welcome the recent measures taken by European central banks, which reflect their strengthened monetary cooperation.</p>
        <p>CENTRAL BANKERS CALL FOR REDUCING TRADE IMBALANCES</p>
      </block>
    </body.content>
  </body>
</nitf>
