<?xml version="1.0" encoding="UTF-8"?>
<!DOCTYPE nitf SYSTEM "http://www.nitf.org/IPTC/NITF/3.3/specification/dtd/nitf-3-3.dtd">
<nitf change.date="June 10, 2005" change.time="19:30" version="-//IPTC//DTD NITF 3.3//EN">
  <head>
    <title>AUTOMATIC DATA PROCESSING INC reports earnings for Qtr to March 31</title>
    <meta content="18" name="publication_day_of_month"/>
    <meta content="4" name="publication_month"/>
    <meta content="1987" name="publication_year"/>
    <meta content="Saturday" name="publication_day_of_week"/>
    <meta content="Financial Desk" name="dsk"/>
    <meta content="32" name="print_page_number"/>
    <meta content="1" name="print_section"/>
    <meta content="1" name="print_column"/>
    <meta content="Business" name="online_sections"/>
    <docdata>
      <doc-id id-string="31322"/>
      <doc.copyright holder="The New York Times" year="1987"/>
      <identified-content>
        <classifier class="indexing_service" type="descriptor">COMPANY REPORTS</classifier>
        <classifier class="online_producer" type="types_of_material">Statistics</classifier>
        <classifier class="online_producer" type="taxonomic_classifier">Top/News/Business</classifier>
        <classifier class="online_producer" type="general_descriptor">Company Reports</classifier>
        <classifier class="online_producer" type="general_descriptor">Corporations</classifier>
      </identified-content>
    </docdata>
    <pubdata date.publication="19870418T000000" ex-ref="http://query.nytimes.com/gst/fullpage.html?res=9805E0D7173CF93BA25757C0A961948260" item-length="55" name="The New York Times" unit-of-measure="word"/>
  </head>
  <body>
    <body.head>
      <hedline>
        <hl1>AUTOMATIC DATA PROCESSING INC reports earnings for Qtr to March 31</hl1>
      </hedline>
    </body.head>
    <body.content>
      <block class="lead_paragraph">
        <p>LEAD:</p>
        <p>*3*** COMPANY REPORTS **</p>
        <p>*3*AUTOMATIC DATA PROCESSING INC (NYSE)</p>
        <p>Qtr to March 31</p>
        <p>1987</p>
        <p>1986</p>
        <p>Revenue</p>
        <p>373,690,000</p>
        <p>324,259,000</p>
        <p>Net inc</p>
        <p>39,280,000</p>
        <p>31,860,000</p>
        <p>Share earns</p>
        <p>.52</p>
        <p>.43</p>
        <p>9mo rev</p>
        <p>1,028,962,000</p>
        <p>885,675,000</p>
        <p>Net inc</p>
        <p>91,980,000</p>
        <p>75,054,000</p>
        <p>Share earns</p>
        <p>1.24</p>
        <p>1.03</p>
      </block>
      <block class="full_text">
        <p>LEAD:</p>
        <p>*3*** COMPANY REPORTS **</p>
        <p>*3*AUTOMATIC DATA PROCESSING INC (NYSE)</p>
        <p>Qtr to March 31</p>
        <p>1987</p>
        <p>1986</p>
        <p>Revenue</p>
        <p>373,690,000</p>
        <p>324,259,000</p>
        <p>Net inc</p>
        <p>39,280,000</p>
        <p>31,860,000</p>
        <p>Share earns</p>
        <p>.52</p>
        <p>.43</p>
        <p>9mo rev</p>
        <p>1,028,962,000</p>
        <p>885,675,000</p>
        <p>Net inc</p>
        <p>91,980,000</p>
        <p>75,054,000</p>
        <p>Share earns</p>
        <p>1.24</p>
        <p>1.03</p>
        <p>*3*** COMPANY REPORTS **</p>
        <p>*3*AUTOMATIC DATA PROCESSING INC (NYSE)</p>
        <p>Qtr to March 31</p>
        <p>1987</p>
        <p>1986</p>
        <p>Revenue</p>
        <p>373,690,000</p>
        <p>324,259,000</p>
        <p>Net inc</p>
        <p>39,280,000</p>
        <p>31,860,000</p>
        <p>Share earns</p>
        <p>.52</p>
        <p>.43</p>
        <p>9mo rev</p>
        <p>1,028,962,000</p>
        <p>885,675,000</p>
        <p>Net inc</p>
        <p>91,980,000</p>
        <p>75,054,000</p>
        <p>Share earns</p>
        <p>1.24</p>
        <p>1.03</p>
      </block>
    </body.content>
  </body>
</nitf>
