<?xml version="1.0" encoding="UTF-8"?>
<!DOCTYPE nitf SYSTEM "http://www.nitf.org/IPTC/NITF/3.3/specification/dtd/nitf-3-3.dtd">
<nitf change.date="June 10, 2005" change.time="19:30" version="-//IPTC//DTD NITF 3.3//EN">
  <head>
    <title>IPCO CORP reports earnings for Qtr to March 31</title>
    <meta content="18" name="publication_day_of_month"/>
    <meta content="4" name="publication_month"/>
    <meta content="1987" name="publication_year"/>
    <meta content="Saturday" name="publication_day_of_week"/>
    <meta content="Financial Desk" name="dsk"/>
    <meta content="32" name="print_page_number"/>
    <meta content="1" name="print_section"/>
    <meta content="1" name="print_column"/>
    <meta content="Business" name="online_sections"/>
    <docdata>
      <doc-id id-string="31481"/>
      <doc.copyright holder="The New York Times" year="1987"/>
      <identified-content>
        <classifier class="indexing_service" type="descriptor">COMPANY REPORTS</classifier>
        <classifier class="online_producer" type="types_of_material">Statistics</classifier>
        <classifier class="online_producer" type="taxonomic_classifier">Top/News/Business</classifier>
        <classifier class="online_producer" type="general_descriptor">Company Reports</classifier>
        <classifier class="online_producer" type="general_descriptor">Corporations</classifier>
      </identified-content>
    </docdata>
    <pubdata date.publication="19870418T000000" ex-ref="http://query.nytimes.com/gst/fullpage.html?res=9905E0D71E26EE32BC4C53DFB16E958A" item-length="179" name="The New York Times" unit-of-measure="word"/>
  </head>
  <body>
    <body.head>
      <hedline>
        <hl1>IPCO CORP reports earnings for Qtr to March 31</hl1>
      </hedline>
    </body.head>
    <body.content>
      <block class="lead_paragraph">
        <p>LEAD:</p>
        <p>*3*** COMPANY REPORTS **</p>
        <p>*3*IPCO CORP (NYSE)</p>
        <p>Qtr to March 31</p>
        <p>1987</p>
        <p>1986</p>
        <p>Sales</p>
        <p>55,181,000</p>
        <p>49,346,000</p>
        <p>Net inc</p>
        <p>b531,000</p>
        <p>d1,330,000</p>
        <p>Share earns</p>
        <p>.10</p>
        <p>.25</p>
        <p>9mo sales</p>
        <p>153,017,000</p>
        <p>143,163,000</p>
        <p>Net loss</p>
        <p>b1,658,000</p>
        <p>cd4,578,000</p>
        <p>Share earns</p>
        <p>-</p>
        <p>.85</p>
      </block>
      <block class="full_text">
        <p>LEAD:</p>
        <p>*3*** COMPANY REPORTS **</p>
        <p>*3*IPCO CORP (NYSE)</p>
        <p>Qtr to March 31</p>
        <p>1987</p>
        <p>1986</p>
        <p>Sales</p>
        <p>55,181,000</p>
        <p>49,346,000</p>
        <p>Net inc</p>
        <p>b531,000</p>
        <p>d1,330,000</p>
        <p>Share earns</p>
        <p>.10</p>
        <p>.25</p>
        <p>9mo sales</p>
        <p>153,017,000</p>
        <p>143,163,000</p>
        <p>Net loss</p>
        <p>b1,658,000</p>
        <p>cd4,578,000</p>
        <p>Share earns</p>
        <p>-</p>
        <p>.85</p>
        <p>*3*** COMPANY REPORTS **</p>
        <p>*3*IPCO CORP (NYSE)</p>
        <p>Qtr to March 31</p>
        <p>1987</p>
        <p>1986</p>
        <p>Sales</p>
        <p>55,181,000</p>
        <p>49,346,000</p>
        <p>Net inc</p>
        <p>b531,000</p>
        <p>d1,330,000</p>
        <p>Share earns</p>
        <p>.10</p>
        <p>.25</p>
        <p>9mo sales</p>
        <p>153,017,000</p>
        <p>143,163,000</p>
        <p>Net loss</p>
        <p>b1,658,000</p>
        <p>cd4,578,000</p>
        <p>Share earns</p>
        <p>-</p>
        <p>.85</p>
        <p>b-After losses from discontinued operations of $288,000 and $436,000 for the quarter and 9 months, respectively; the 9 months also includes a loss of $2,027,000 on the disposal of discontinued operations.</p>
        <p>c-Net income  d-After losses from discontinued operations of $167,000 for the quarter and $586,000 for the 9 months.</p>
        <p>The company said the latest 9-month includes a $1.7 million loss on the first quarter sale of the company's dental laboratory business, which has been treated as a discontinued operation.</p>
        <p>The company also said the year-ago 9-month includes a $2.8 million, or 53 cents a share, gain on the first quarter sale of the company's plasma center and a $900,000 charge related the second quarter shutdown of certain facilities.</p>
      </block>
    </body.content>
  </body>
</nitf>
