<?xml version="1.0" encoding="UTF-8"?>
<!DOCTYPE nitf SYSTEM "http://www.nitf.org/IPTC/NITF/3.3/specification/dtd/nitf-3-3.dtd">
<nitf change.date="June 10, 2005" change.time="19:30" version="-//IPTC//DTD NITF 3.3//EN">
  <head>
    <title>Corrections</title>
    <meta content="27" name="publication_day_of_month"/>
    <meta content="1" name="publication_month"/>
    <meta content="1987" name="publication_year"/>
    <meta content="Tuesday" name="publication_day_of_week"/>
    <meta content="Metropolitan Desk" name="dsk"/>
    <meta content="3" name="print_page_number"/>
    <meta content="A" name="print_section"/>
    <meta content="1" name="print_column"/>
    <meta content="Corrections; New York and Region" name="online_sections"/>
    <docdata>
      <doc-id id-string="7467"/>
      <doc.copyright holder="The New York Times" year="1987"/>
      <identified-content>
        <classifier class="indexing_service" type="descriptor">CORRECTION STORIES</classifier>
        <location class="indexing_service">MIDDLE EAST</location>
        <org class="indexing_service">BEIRUT UNIVERSITY COLLEGE</org>
        <classifier class="online_producer" type="types_of_material">Correction</classifier>
        <classifier class="online_producer" type="taxonomic_classifier">Top/News/New York and Region</classifier>
        <classifier class="online_producer" type="taxonomic_classifier">Top/News/Corrections</classifier>
        <classifier class="online_producer" type="taxonomic_classifier">Top/Features/Travel/Guides/Destinations/Middle East</classifier>
      </identified-content>
    </docdata>
    <pubdata date.publication="19870127T000000" ex-ref="http://query.nytimes.com/gst/fullpage.html?res=9B0DE4DB1638F934A15752C0A961948260" item-length="34" name="The New York Times" unit-of-measure="word"/>
  </head>
  <body>
    <body.head>
      <hedline>
        <hl1>Corrections</hl1>
      </hedline>
    </body.head>
    <body.content>
      <block class="lead_paragraph">
        <p>LEAD: An article on Sunday about Beirut University College misidentified the body that chartered the college. It was the Board of Regents of the University of the State of New York, not the State University.</p>
      </block>
      <block class="full_text">
        <p>LEAD: An article on Sunday about Beirut University College misidentified the body that chartered the college. It was the Board of Regents of the University of the State of New York, not the State University.</p>
        <p>An article on Sunday about Beirut University College misidentified the body that chartered the college. It was the Board of Regents of the University of the State of New York, not the State University.</p>
      </block>
    </body.content>
  </body>
</nitf>
