<?xml version="1.0" encoding="UTF-8"?>
<!DOCTYPE nitf SYSTEM "http://www.nitf.org/IPTC/NITF/3.3/specification/dtd/nitf-3-3.dtd">
<nitf change.date="June 10, 2005" change.time="19:30" version="-//IPTC//DTD NITF 3.3//EN">
  <head>
    <title>Piano and Bass Duo</title>
    <meta content="15" name="publication_day_of_month"/>
    <meta content="5" name="publication_month"/>
    <meta content="1987" name="publication_year"/>
    <meta content="Friday" name="publication_day_of_week"/>
    <meta content="Weekend Desk" name="dsk"/>
    <meta content="25" name="print_page_number"/>
    <meta content="C" name="print_section"/>
    <meta content="2" name="print_column"/>
    <meta content="Arts" name="online_sections"/>
    <docdata>
      <doc-id id-string="40568"/>
      <doc.copyright holder="The New York Times" year="1987"/>
      <identified-content>
        <classifier class="indexing_service" type="descriptor">MUSIC</classifier>
        <classifier class="indexing_service" type="descriptor">CONCERTS AND RECITALS</classifier>
        <person class="indexing_service">HICKS, JOHN</person>
        <person class="indexing_service">WILLIAMS, BUSTER</person>
        <classifier class="online_producer" type="taxonomic_classifier">Top/Features/Arts</classifier>
        <classifier class="online_producer" type="taxonomic_classifier">Top/Features/Arts/Music</classifier>
        <classifier class="online_producer" type="taxonomic_classifier">Top/Features/Travel/Guides/Activities and Interests/Music</classifier>
        <classifier class="online_producer" type="taxonomic_classifier">Top/Classifieds/Job Market/Job Categories/Music, Theater and Dance</classifier>
        <classifier class="online_producer" type="general_descriptor">Music</classifier>
      </identified-content>
    </docdata>
    <pubdata date.publication="19870515T000000" ex-ref="http://query.nytimes.com/gst/fullpage.html?res=9B0DEFDA1131F936A25756C0A961948260" item-length="33" name="The New York Times" unit-of-measure="word"/>
  </head>
  <body>
    <body.head>
      <hedline>
        <hl1>Piano and Bass Duo</hl1>
      </hedline>
    </body.head>
    <body.content>
      <block class="lead_paragraph">
        <p>LEAD: The duo of John Hicks on piano and Buster Williams on bass will perform tonight and tomrrow at Bradley's, 70 University Place (228-6440). Music starts at 9:45 P.M.; there is no cover charge.</p>
      </block>
      <block class="full_text">
        <p>LEAD: The duo of John Hicks on piano and Buster Williams on bass will perform tonight and tomrrow at Bradley's, 70 University Place (228-6440). Music starts at 9:45 P.M.; there is no cover charge.</p>
        <p>The duo of John Hicks on piano and Buster Williams on bass will perform tonight and tomrrow at Bradley's, 70 University Place (228-6440). Music starts at 9:45 P.M.; there is no cover charge.</p>
      </block>
    </body.content>
  </body>
</nitf>
