<?xml version="1.0" encoding="UTF-8"?>
<!DOCTYPE nitf SYSTEM "http://www.nitf.org/IPTC/NITF/3.3/specification/dtd/nitf-3-3.dtd">
<nitf change.date="June 10, 2005" change.time="19:30" version="-//IPTC//DTD NITF 3.3//EN">
  <head>
    <title>WASHINGTON NATIONAL CORP reports earnings for Qtr to March 31</title>
    <meta content="7" name="publication_day_of_month"/>
    <meta content="5" name="publication_month"/>
    <meta content="1987" name="publication_year"/>
    <meta content="Thursday" name="publication_day_of_week"/>
    <meta content="Financial Desk" name="dsk"/>
    <meta content="6" name="print_page_number"/>
    <meta content="D" name="print_section"/>
    <meta content="3" name="print_column"/>
    <meta content="Business" name="online_sections"/>
    <docdata>
      <doc-id id-string="37988"/>
      <doc.copyright holder="The New York Times" year="1987"/>
      <identified-content>
        <classifier class="indexing_service" type="descriptor">COMPANY REPORTS</classifier>
        <classifier class="online_producer" type="types_of_material">Statistics</classifier>
        <classifier class="online_producer" type="taxonomic_classifier">Top/News/Business</classifier>
        <classifier class="online_producer" type="general_descriptor">Company Reports</classifier>
        <classifier class="online_producer" type="general_descriptor">Corporations</classifier>
      </identified-content>
    </docdata>
    <pubdata date.publication="19870507T000000" ex-ref="http://query.nytimes.com/gst/fullpage.html?res=9A05E0D71E3EF934A35756C0A961948260" item-length="50" name="The New York Times" unit-of-measure="word"/>
  </head>
  <body>
    <body.head>
      <hedline>
        <hl1>WASHINGTON NATIONAL CORP reports earnings for Qtr to March 31</hl1>
      </hedline>
    </body.head>
    <body.content>
      <block class="lead_paragraph">
        <p>LEAD:</p>
        <p>*3*** COMPANY REPORTS **</p>
        <p>*3*WASHINGTON NATIONAL CORP (NYSE)</p>
        <p>Qtr to March 31</p>
        <p>1987</p>
        <p>1986</p>
        <p>Net inc</p>
        <p>b12,059,000</p>
        <p>b10,036,000</p>
        <p>Share earns</p>
        <p>1.06</p>
        <p>.89</p>
        <p>b-After realized investment gains of $6,752,000 for the latest quarter and $2,831,000 for the year-ago period.</p>
      </block>
      <block class="full_text">
        <p>LEAD:</p>
        <p>*3*** COMPANY REPORTS **</p>
        <p>*3*WASHINGTON NATIONAL CORP (NYSE)</p>
        <p>Qtr to March 31</p>
        <p>1987</p>
        <p>1986</p>
        <p>Net inc</p>
        <p>b12,059,000</p>
        <p>b10,036,000</p>
        <p>Share earns</p>
        <p>1.06</p>
        <p>.89</p>
        <p>b-After realized investment gains of $6,752,000 for the latest quarter and $2,831,000 for the year-ago period.</p>
        <p>*3*** COMPANY REPORTS **</p>
        <p>*3*WASHINGTON NATIONAL CORP (NYSE)</p>
        <p>Qtr to March 31</p>
        <p>1987</p>
        <p>1986</p>
        <p>Net inc</p>
        <p>b12,059,000</p>
        <p>b10,036,000</p>
        <p>Share earns</p>
        <p>1.06</p>
        <p>.89</p>
        <p>b-After realized investment gains of $6,752,000 for the latest quarter and $2,831,000 for the year-ago period.</p>
      </block>
    </body.content>
  </body>
</nitf>
