<?xml version="1.0" encoding="UTF-8"?>
<!DOCTYPE nitf SYSTEM "http://www.nitf.org/IPTC/NITF/3.3/specification/dtd/nitf-3-3.dtd">
<nitf change.date="June 10, 2005" change.time="19:30" version="-//IPTC//DTD NITF 3.3//EN">
  <head>
    <title>Mitchell Stanley Weds Miss Sterritt in London</title>
    <meta content="2" name="publication_day_of_month"/>
    <meta content="6" name="publication_month"/>
    <meta content="1987" name="publication_year"/>
    <meta content="Tuesday" name="publication_day_of_week"/>
    <meta content="Society Desk" name="dsk"/>
    <meta content="14" name="print_page_number"/>
    <meta content="C" name="print_section"/>
    <meta content="6" name="print_column"/>
    <meta content="Style" name="online_sections"/>
    <docdata>
      <doc-id id-string="45675"/>
      <doc.copyright holder="The New York Times" year="1987"/>
      <identified-content>
        <classifier class="indexing_service" type="descriptor">Terms not available</classifier>
        <classifier class="online_producer" type="taxonomic_classifier">Top/Features/Style</classifier>
        <classifier class="online_producer" type="taxonomic_classifier">Top/Features/Style/Fashion and Style</classifier>
      </identified-content>
    </docdata>
    <pubdata date.publication="19870602T000000" ex-ref="http://query.nytimes.com/gst/fullpage.html?res=9B0DE1D9113CF931A35755C0A961948260" item-length="182" name="The New York Times" unit-of-measure="word"/>
  </head>
  <body>
    <body.head>
      <hedline>
        <hl1>Mitchell Stanley Weds Miss Sterritt in London</hl1>
      </hedline>
    </body.head>
    <body.content>
      <block class="lead_paragraph">
        <p>LEAD: Kathleen Joan Sterritt, an assistant features editor of The Washington Post Magazine, and Mitchell Fanning Stanley, the special assistant to the Secretary of Commerce, were married in London yesterday at the Queen's Chapel of the Savoy, of the Church of England. The Rev. John H. Williams performed the ceremony.</p>
      </block>
      <block class="full_text">
        <p>LEAD: Kathleen Joan Sterritt, an assistant features editor of The Washington Post Magazine, and Mitchell Fanning Stanley, the special assistant to the Secretary of Commerce, were married in London yesterday at the Queen's Chapel of the Savoy, of the Church of England. The Rev. John H. Williams performed the ceremony.</p>
        <p>Kathleen Joan Sterritt, an assistant features editor of The Washington Post Magazine, and Mitchell Fanning Stanley, the special assistant to the Secretary of Commerce, were married in London yesterday at the Queen's Chapel of the Savoy, of the Church of England. The Rev. John H. Williams performed the ceremony.</p>
        <p>Mrs. Stanley, the daughter of Mrs. Jack F. Wayman of Ponte Vedra Beach, Fla., and Arthur P. Sterritt of Edgewater, Fla., graduated from the Bolles School and Vanderbilt University. Her father, who is retired, was a vice president of the Independent Life and Accident Insurance Company in Jacksonville, Fla., and her stepfather, the late Mr. Wayman, was a lawyer.</p>
        <p>Mr. Stanley, the son of Mr. and Mrs. Mitchell K. Stanley of Chevy Chase, Md., and Marion, Mass., graduated from the Landon School and the School of Foreign Service of Georgetown University. His father, who is retired, was an intelligence officer for the State Department. His mother, Mary F. Stanley, retired as chief of the Presidential appointments staff under the Director General of the Foreign Service.</p>
      </block>
    </body.content>
  </body>
</nitf>
