<?xml version="1.0" encoding="UTF-8"?>
<!DOCTYPE nitf SYSTEM "http://www.nitf.org/IPTC/NITF/3.3/specification/dtd/nitf-3-3.dtd">
<nitf change.date="June 10, 2005" change.time="19:30" version="-//IPTC//DTD NITF 3.3//EN">
  <head>
    <title>MICRON TECHNOLOGY INC reports earnings for Qtr to Sept 3</title>
    <meta content="7" name="publication_day_of_month"/>
    <meta content="10" name="publication_month"/>
    <meta content="1987" name="publication_year"/>
    <meta content="Wednesday" name="publication_day_of_week"/>
    <meta content="Financial Desk" name="dsk"/>
    <meta content="23" name="print_page_number"/>
    <meta content="D" name="print_section"/>
    <meta content="1" name="print_column"/>
    <meta content="Business" name="online_sections"/>
    <docdata>
      <doc-id id-string="80516"/>
      <doc.copyright holder="The New York Times" year="1987"/>
      <identified-content>
        <classifier class="indexing_service" type="descriptor">COMPANY REPORTS</classifier>
        <classifier class="online_producer" type="types_of_material">Statistics</classifier>
        <classifier class="online_producer" type="taxonomic_classifier">Top/News/Business</classifier>
        <classifier class="online_producer" type="general_descriptor">Company Reports</classifier>
        <classifier class="online_producer" type="general_descriptor">Corporations</classifier>
      </identified-content>
    </docdata>
    <pubdata date.publication="19871007T000000" ex-ref="http://query.nytimes.com/gst/fullpage.html?res=9C04E0D71E3BF934A35753C1A961948260" item-length="63" name="The New York Times" unit-of-measure="word"/>
  </head>
  <body>
    <body.head>
      <hedline>
        <hl1>MICRON TECHNOLOGY INC reports earnings for Qtr to Sept 3</hl1>
      </hedline>
    </body.head>
    <body.content>
      <block class="lead_paragraph">
        <p>LEAD:</p>
        <p>*3*** COMPANY REPORTS **</p>
        <p>*3*MICRON TECHNOLOGY INC (OTC)</p>
        <p>Qtr to Sept 3</p>
        <p>1987</p>
        <p>1986</p>
        <p>Revenue</p>
        <p>29,500,000</p>
        <p>19,953,000</p>
        <p>Net inc</p>
        <p>1,419,000</p>
        <p>b5,843,000</p>
        <p>Share earns</p>
        <p>.06</p>
        <p>-</p>
        <p>Shares outst</p>
        <p>25,737,326</p>
        <p>19,937,622</p>
        <p>Yr rev</p>
        <p>91,187,000</p>
        <p>48,865,000</p>
        <p>Net loss</p>
        <p>22,933,000</p>
        <p>33,941,000</p>
        <p>Shares outst</p>
        <p>24,275,263</p>
        <p>19,437,409</p>
      </block>
      <block class="full_text">
        <p>LEAD:</p>
        <p>*3*** COMPANY REPORTS **</p>
        <p>*3*MICRON TECHNOLOGY INC (OTC)</p>
        <p>Qtr to Sept 3</p>
        <p>1987</p>
        <p>1986</p>
        <p>Revenue</p>
        <p>29,500,000</p>
        <p>19,953,000</p>
        <p>Net inc</p>
        <p>1,419,000</p>
        <p>b5,843,000</p>
        <p>Share earns</p>
        <p>.06</p>
        <p>-</p>
        <p>Shares outst</p>
        <p>25,737,326</p>
        <p>19,937,622</p>
        <p>Yr rev</p>
        <p>91,187,000</p>
        <p>48,865,000</p>
        <p>Net loss</p>
        <p>22,933,000</p>
        <p>33,941,000</p>
        <p>Shares outst</p>
        <p>24,275,263</p>
        <p>19,437,409</p>
        <p>*3*** COMPANY REPORTS **</p>
        <p>*3*MICRON TECHNOLOGY INC (OTC)</p>
        <p>Qtr to Sept 3</p>
        <p>1987</p>
        <p>1986</p>
        <p>Revenue</p>
        <p>29,500,000</p>
        <p>19,953,000</p>
        <p>Net inc</p>
        <p>1,419,000</p>
        <p>b5,843,000</p>
        <p>Share earns</p>
        <p>.06</p>
        <p>-</p>
        <p>Shares outst</p>
        <p>25,737,326</p>
        <p>19,937,622</p>
        <p>Yr rev</p>
        <p>91,187,000</p>
        <p>48,865,000</p>
        <p>Net loss</p>
        <p>22,933,000</p>
        <p>33,941,000</p>
        <p>Shares outst</p>
        <p>24,275,263</p>
        <p>19,437,409</p>
        <p>b-Net loss</p>
      </block>
    </body.content>
  </body>
</nitf>
