<?xml version="1.0" encoding="UTF-8"?>
<!DOCTYPE nitf SYSTEM "http://www.nitf.org/IPTC/NITF/3.3/specification/dtd/nitf-3-3.dtd">
<nitf change.date="June 10, 2005" change.time="19:30" version="-//IPTC//DTD NITF 3.3//EN">
  <head>
    <title>Miss Ferdon Is Affianced</title>
    <meta content="8" name="publication_day_of_month"/>
    <meta content="11" name="publication_month"/>
    <meta content="1987" name="publication_year"/>
    <meta content="Sunday" name="publication_day_of_week"/>
    <meta content="Society Desk" name="dsk"/>
    <meta content="77" name="print_page_number"/>
    <meta content="1" name="print_section"/>
    <meta content="1" name="print_column"/>
    <meta content="Style" name="online_sections"/>
    <docdata>
      <doc-id id-string="90578"/>
      <doc.copyright holder="The New York Times" year="1987"/>
      <identified-content>
        <classifier class="indexing_service" type="descriptor">WEDDINGS AND ENGAGEMENTS</classifier>
        <person class="indexing_service">FERDON, MAGGIE</person>
        <person class="indexing_service">COOLEY, JOHN W</person>
        <classifier class="online_producer" type="taxonomic_classifier">Top/Features/Style</classifier>
        <classifier class="online_producer" type="taxonomic_classifier">Top/Features/Style/Fashion and Style</classifier>
        <classifier class="online_producer" type="taxonomic_classifier">Top/Features/Style/Fashion and Style/Weddings and Celebrations</classifier>
        <classifier class="online_producer" type="general_descriptor">Weddings and Engagements</classifier>
      </identified-content>
    </docdata>
    <pubdata date.publication="19871108T000000" ex-ref="http://query.nytimes.com/gst/fullpage.html?res=9B0DE4DB103BF93BA35752C1A961948260" item-length="250" name="The New York Times" unit-of-measure="word"/>
  </head>
  <body>
    <body.head>
      <hedline>
        <hl1>Miss Ferdon Is Affianced</hl1>
      </hedline>
    </body.head>
    <body.content>
      <block class="lead_paragraph">
        <p>LEAD: Announcement has been made by Mr. and Mrs. John Jay Ferdon of San Francisco of the engagement of their daughter, Maggie Ferdon, to John Withrow Cooley, a son of Mr. and Mrs. Samuel P. Cooley of West Hartford, Conn., and Nantucket, Mass. The couple plan a January wedding.</p>
      </block>
      <block class="full_text">
        <p>LEAD: Announcement has been made by Mr. and Mrs. John Jay Ferdon of San Francisco of the engagement of their daughter, Maggie Ferdon, to John Withrow Cooley, a son of Mr. and Mrs. Samuel P. Cooley of West Hartford, Conn., and Nantucket, Mass. The couple plan a January wedding.</p>
        <p>Announcement has been made by Mr. and Mrs. John Jay Ferdon of San Francisco of the engagement of their daughter, Maggie Ferdon, to John Withrow Cooley, a son of Mr. and Mrs. Samuel P. Cooley of West Hartford, Conn., and Nantucket, Mass. The couple plan a January wedding.</p>
        <p>Miss Ferdon is the executive director of the Student/Sponsor Partnership, a nonprofit organization in New York that provides scholarships to inner-city students. She graduated from the Katherine Delmar Burke School and Vassar College, attended the New York University Institute of Fine Arts and received an M.B.A. degree from Columbia University.</p>
        <p>Her father, a partner in the law firm of Mills &amp; Ferdon and the president of the San Francisco Law School, served as District Attorney in San Francisco and the president of the San Francisco Board of Supervisors. Miss Ferdon's mother, Nancy Crowell Ferdon, is a social worker in the Child Welfare Department of San Francisco.</p>
        <p>Mr. Cooley, a vice president of the Morgan Guaranty Trust Company of New York, graduated from St. Paul's School in Concord, N.H., and magna cum laude from Yale College. He received an M.B.A. degree from N.Y.U. His father is an executive vice president of the Connecticut National Bank and is the senior credit officer of the bank and of the Hartford National Corporation. Mr. Cooley's grandfather the late Charles P. Cooley Jr. was the senior partner in Cooley &amp; Company, a Hartford stockbrokerage, and a governor of the New York Stock Exchange.</p>
      </block>
    </body.content>
  </body>
</nitf>
