<?xml version="1.0" encoding="UTF-8"?>
<!DOCTYPE nitf SYSTEM "http://www.nitf.org/IPTC/NITF/3.3/specification/dtd/nitf-3-3.dtd">
<nitf change.date="June 10, 2005" change.time="19:30" version="-//IPTC//DTD NITF 3.3//EN">
  <head>
    <title>ARE STRONGER HURRICANES IN OFFING?</title>
    <meta content="7" name="publication_day_of_month"/>
    <meta content="4" name="publication_month"/>
    <meta content="1987" name="publication_year"/>
    <meta content="Tuesday" name="publication_day_of_week"/>
    <meta content="Science Desk" name="dsk"/>
    <meta content="4" name="print_page_number"/>
    <meta content="C" name="print_section"/>
    <meta content="3" name="print_column"/>
    <meta content="Science; Health" name="online_sections"/>
    <docdata>
      <doc-id id-string="28216"/>
      <doc.copyright holder="The New York Times" year="1987"/>
      <series series.name="SCIENCE WATCH"/>
      <identified-content>
        <classifier class="indexing_service" type="descriptor">HURRICANES AND TROPICAL STORMS</classifier>
        <classifier class="indexing_service" type="descriptor">RESEARCH</classifier>
        <org class="indexing_service">NATURE (JOURNAL)</org>
        <org class="indexing_service">MASSACHUSETTS INSTITUTE OF TECHNOLOGY</org>
        <person class="indexing_service">EMANUEL, KERRY A (DR)</person>
        <classifier class="online_producer" type="taxonomic_classifier">Top/News</classifier>
        <classifier class="online_producer" type="taxonomic_classifier">Top/News/Science</classifier>
        <classifier class="online_producer" type="taxonomic_classifier">Top/News/Health</classifier>
        <classifier class="online_producer" type="general_descriptor">Research</classifier>
        <classifier class="online_producer" type="general_descriptor">Hurricanes and Tropical Storms</classifier>
      </identified-content>
    </docdata>
    <pubdata date.publication="19870407T000000" ex-ref="http://query.nytimes.com/gst/fullpage.html?res=9B0DE2DD143CF934A35757C0A961948260" item-length="249" name="The New York Times" unit-of-measure="word"/>
  </head>
  <body>
    <body.head>
      <hedline>
        <hl1>ARE STRONGER HURRICANES IN OFFING?</hl1>
      </hedline>
    </body.head>
    <body.content>
      <block class="lead_paragraph">
        <p>LEAD: HURRICANES 40 to 50 percent more destructive could be a byproduct of the gradual warming of the earth expected over the next half-century, according to new calculations by a climate modeler at the Massachusetts Institute of Technology.</p>
      </block>
      <block class="full_text">
        <p>LEAD: HURRICANES 40 to 50 percent more destructive could be a byproduct of the gradual warming of the earth expected over the next half-century, according to new calculations by a climate modeler at the Massachusetts Institute of Technology.</p>
        <p>HURRICANES 40 to 50 percent more destructive could be a byproduct of the gradual warming of the earth expected over the next half-century, according to new calculations by a climate modeler at the Massachusetts Institute of Technology.</p>
        <p>Powerful tropical storms would be among the most costly results of the greenhouse effect, the trapping of heat in the atmosphere by increased levels of carbon dioxide and manmade gases. The calculations predict that warmer ocean surfaces would feed the storms, raising wind speeds to new extremes.</p>
        <p>Hurricanes draw their strength from the heat of the oceans and convert that heat into mechanical energy in the form of strong winds. A computer model by Dr. Kerry A. Emanuel, the study's author, suggests that predicted increases of 4 or 5 degrees Fahrenheit in ocean temperatures would lead to great increases in destructive force.</p>
        <p>Dr. Emanuel acknowledged that the prediction depended on many uncertain estimates. Neither the amount of warming over the next decades nor the effect of warmer oceans on the dynamics of storms can be reliably assessed. Computer models of the physical processes remain ''quite crude,'' Dr. Emanuel noted.</p>
        <p>Commenting on the study, which was reported in the journal Nature, Richard Anthes, director of the National Center for Atmospheric Research in Boulder, Colo., said the projections were quite plausible. ''Long-range planning should take into account these things,'' he said. ''I think it's probably a real effect.''  SCIENCE WATCH</p>
      </block>
    </body.content>
  </body>
</nitf>
