<?xml version="1.0" encoding="UTF-8"?>
<!DOCTYPE nitf SYSTEM "http://www.nitf.org/IPTC/NITF/3.3/specification/dtd/nitf-3-3.dtd">
<nitf change.date="June 10, 2005" change.time="19:30" version="-//IPTC//DTD NITF 3.3//EN">
  <head>
    <title>Shades of Teheran</title>
    <meta content="7" name="publication_day_of_month"/>
    <meta content="4" name="publication_month"/>
    <meta content="1987" name="publication_year"/>
    <meta content="Tuesday" name="publication_day_of_week"/>
    <meta content="National Desk" name="dsk"/>
    <meta content="32" name="print_page_number"/>
    <meta content="A" name="print_section"/>
    <meta content="2" name="print_column"/>
    <meta content="U.S." name="online_sections"/>
    <docdata>
      <doc-id id-string="28162"/>
      <doc.copyright holder="The New York Times" year="1987"/>
      <series series.name="WASHINGTON TALK: BRIEFING"/>
      <identified-content>
        <classifier class="indexing_service" type="descriptor">HOSTAGES</classifier>
        <location class="indexing_service">IRAN</location>
        <org class="indexing_service">STATE, DEPARTMENT OF</org>
        <person class="indexing_service">LAINGEN, BRUCE</person>
        <object.title class="indexing_service">WASHINGTON TALK PAGE (NYT)</object.title>
        <classifier class="online_producer" type="taxonomic_classifier">Top/News/U.S.</classifier>
        <classifier class="online_producer" type="taxonomic_classifier">Top/Features/Travel/Guides/Destinations/Middle East</classifier>
        <classifier class="online_producer" type="taxonomic_classifier">Top/Features/Travel/Guides/Destinations/Middle East/Iran</classifier>
        <classifier class="online_producer" type="general_descriptor">Hostages</classifier>
      </identified-content>
    </docdata>
    <pubdata date.publication="19870407T000000" ex-ref="http://query.nytimes.com/gst/fullpage.html?res=9B0DE7DA123DF934A35757C0A961948260" item-length="111" name="The New York Times" unit-of-measure="word"/>
  </head>
  <body>
    <body.head>
      <hedline>
        <hl1>Shades of Teheran</hl1>
      </hedline>
    </body.head>
    <body.content>
      <block class="lead_paragraph">
        <p>LEAD: Bruce Laingen, who spent 444 days as a hostage of Iranian revolutionaries in 1979-80, finds his first duty after retirement from the State Department curiously reminiscent of part of his diplomatic career. The former charge d'affaires in Teheran is spending much of his time at the department's career counseling center, which happens to be situated in Annex 20, the former Iranian Embassy on Massachusetts Avenue that was seized by the United States in retaliation for Iran's taking of the American Embassy.</p>
      </block>
      <block class="full_text">
        <p>LEAD: Bruce Laingen, who spent 444 days as a hostage of Iranian revolutionaries in 1979-80, finds his first duty after retirement from the State Department curiously reminiscent of part of his diplomatic career. The former charge d'affaires in Teheran is spending much of his time at the department's career counseling center, which happens to be situated in Annex 20, the former Iranian Embassy on Massachusetts Avenue that was seized by the United States in retaliation for Iran's taking of the American Embassy.</p>
        <p>Bruce Laingen, who spent 444 days as a hostage of Iranian revolutionaries in 1979-80, finds his first duty after retirement from the State Department curiously reminiscent of part of his diplomatic career. The former charge d'affaires in Teheran is spending much of his time at the department's career counseling center, which happens to be situated in Annex 20, the former Iranian Embassy on Massachusetts Avenue that was seized by the United States in retaliation for Iran's taking of the American Embassy. Mr. Laingen, who is 64 years old, said the other day that the Persian architecture and decoration of the former embasssy gave him ''a strange feeling.''  WASHINGTON TALK: BRIEFING</p>
      </block>
    </body.content>
  </body>
</nitf>
