<?xml version="1.0" encoding="UTF-8"?>
<!DOCTYPE nitf SYSTEM "http://www.nitf.org/IPTC/NITF/3.3/specification/dtd/nitf-3-3.dtd">
<nitf change.date="June 10, 2005" change.time="19:30" version="-//IPTC//DTD NITF 3.3//EN">
  <head>
    <title>BAYOU RESOURCES INC reports earnings for Qtr to Dec 31</title>
    <meta content="2" name="publication_day_of_month"/>
    <meta content="4" name="publication_month"/>
    <meta content="1987" name="publication_year"/>
    <meta content="Thursday" name="publication_day_of_week"/>
    <meta content="Financial Desk" name="dsk"/>
    <meta content="6" name="print_page_number"/>
    <meta content="D" name="print_section"/>
    <meta content="5" name="print_column"/>
    <meta content="Business" name="online_sections"/>
    <docdata>
      <doc-id id-string="26560"/>
      <doc.copyright holder="The New York Times" year="1987"/>
      <identified-content>
        <classifier class="indexing_service" type="descriptor">COMPANY REPORTS</classifier>
        <classifier class="online_producer" type="types_of_material">Statistics</classifier>
        <classifier class="online_producer" type="taxonomic_classifier">Top/News/Business</classifier>
        <classifier class="online_producer" type="general_descriptor">Company Reports</classifier>
        <classifier class="online_producer" type="general_descriptor">Corporations</classifier>
      </identified-content>
    </docdata>
    <pubdata date.publication="19870402T000000" ex-ref="http://query.nytimes.com/gst/fullpage.html?res=9805E0D71238F931A35757C0A961948260" item-length="51" name="The New York Times" unit-of-measure="word"/>
  </head>
  <body>
    <body.head>
      <hedline>
        <hl1>BAYOU RESOURCES INC reports earnings for Qtr to Dec 31</hl1>
      </hedline>
    </body.head>
    <body.content>
      <block class="lead_paragraph">
        <p>LEAD:</p>
        <p>*3*** COMPANY REPORTS **</p>
        <p>*3*BAYOU RESOURCES INC (OTC)</p>
        <p>Qtr to Dec 31</p>
        <p>1986</p>
        <p>1985</p>
        <p>Revenue</p>
        <p>532,807</p>
        <p>769,465</p>
        <p>Net loss</p>
        <p>23,024</p>
        <p>b10,128</p>
        <p>Share earns</p>
        <p>-</p>
        <p>.01</p>
        <p>Yr rev</p>
        <p>2,355,371</p>
        <p>3,257,165</p>
        <p>Net loss</p>
        <p>116,793</p>
        <p>b203,372</p>
        <p>Share earns</p>
        <p>-</p>
        <p>.23</p>
        <p>b-Net income</p>
      </block>
      <block class="full_text">
        <p>LEAD:</p>
        <p>*3*** COMPANY REPORTS **</p>
        <p>*3*BAYOU RESOURCES INC (OTC)</p>
        <p>Qtr to Dec 31</p>
        <p>1986</p>
        <p>1985</p>
        <p>Revenue</p>
        <p>532,807</p>
        <p>769,465</p>
        <p>Net loss</p>
        <p>23,024</p>
        <p>b10,128</p>
        <p>Share earns</p>
        <p>-</p>
        <p>.01</p>
        <p>Yr rev</p>
        <p>2,355,371</p>
        <p>3,257,165</p>
        <p>Net loss</p>
        <p>116,793</p>
        <p>b203,372</p>
        <p>Share earns</p>
        <p>-</p>
        <p>.23</p>
        <p>b-Net income</p>
        <p>*3*** COMPANY REPORTS **</p>
        <p>*3*BAYOU RESOURCES INC (OTC)</p>
        <p>Qtr to Dec 31</p>
        <p>1986</p>
        <p>1985</p>
        <p>Revenue</p>
        <p>532,807</p>
        <p>769,465</p>
        <p>Net loss</p>
        <p>23,024</p>
        <p>b10,128</p>
        <p>Share earns</p>
        <p>-</p>
        <p>.01</p>
        <p>Yr rev</p>
        <p>2,355,371</p>
        <p>3,257,165</p>
        <p>Net loss</p>
        <p>116,793</p>
        <p>b203,372</p>
        <p>Share earns</p>
        <p>-</p>
        <p>.23</p>
        <p>b-Net income</p>
      </block>
    </body.content>
  </body>
</nitf>
