<?xml version="1.0" encoding="UTF-8"?>
<!DOCTYPE nitf SYSTEM "http://www.nitf.org/IPTC/NITF/3.3/specification/dtd/nitf-3-3.dtd">
<nitf change.date="June 10, 2005" change.time="19:30" version="-//IPTC//DTD NITF 3.3//EN">
  <head>
    <title>INSIDE</title>
    <meta content="28" name="publication_day_of_month"/>
    <meta content="9" name="publication_month"/>
    <meta content="1987" name="publication_year"/>
    <meta content="Monday" name="publication_day_of_week"/>
    <meta content="Metropolitan Desk" name="dsk"/>
    <meta content="1" name="print_page_number"/>
    <meta content="A" name="print_section"/>
    <meta content="1" name="print_column"/>
    <meta content="Front Page; New York and Region" name="online_sections"/>
    <docdata>
      <doc-id id-string="78273"/>
      <doc.copyright holder="The New York Times" year="1987"/>
      <identified-content>
        <classifier class="indexing_service" type="descriptor">Terms not available</classifier>
        <classifier class="online_producer" type="taxonomic_classifier">Top/News/New York and Region</classifier>
        <classifier class="online_producer" type="taxonomic_classifier">Top/News/Front Page</classifier>
      </identified-content>
    </docdata>
    <pubdata date.publication="19870928T000000" ex-ref="http://query.nytimes.com/gst/fullpage.html?res=9B0DEFDC143BF93BA1575AC0A961948260" item-length="143" name="The New York Times" unit-of-measure="word"/>
  </head>
  <body>
    <body.head>
      <hedline>
        <hl1>INSIDE</hl1>
      </hedline>
    </body.head>
    <body.content>
      <block class="lead_paragraph">
        <p>LEAD: Pope Inspires Devotion  Priests and laymen in three cities visited by Pope John Paul II on his American tour say he succeeded in encouraging Roman Catholics to renew their faith. Page B9.  Cuomo View of the Kremlin  Governor Cuomo, back from a week in the Soviet Union, said the Russians might agree to discuss reducing human-rights abuses.</p>
      </block>
      <block class="full_text">
        <p>LEAD: Pope Inspires Devotion  Priests and laymen in three cities visited by Pope John Paul II on his American tour say he succeeded in encouraging Roman Catholics to renew their faith. Page B9.  Cuomo View of the Kremlin  Governor Cuomo, back from a week in the Soviet Union, said the Russians might agree to discuss reducing human-rights abuses.</p>
        <p>Pope Inspires Devotion  Priests and laymen in three cities visited by Pope John Paul II on his American tour say he succeeded in encouraging Roman Catholics to renew their faith. Page B9.  Cuomo View of the Kremlin  Governor Cuomo, back from a week in the Soviet Union, said the Russians might agree to discuss reducing human-rights abuses. Page B8.  U.S. and Canada in Talks  Canadian and American cabinet officers meet today in Washington to explore the possibility of reviving talks on free trade. Page D1.  Chinese Leader Hesitates  Prime Minister Zhao Ziyang expressed reluctance to assume permanent leadership of China's Communist Party. Page A3.  A Verdict in Tunis  A Tunisian court ordered the death sentence for 7 of 90 Islamic militants, a milder decision than many Tunisians had expected. Page A10.</p>
      </block>
    </body.content>
  </body>
</nitf>
