<?xml version="1.0" encoding="UTF-8"?>
<!DOCTYPE nitf SYSTEM "http://www.nitf.org/IPTC/NITF/3.3/specification/dtd/nitf-3-3.dtd">
<nitf change.date="June 10, 2005" change.time="19:30" version="-//IPTC//DTD NITF 3.3//EN">
  <head>
    <title>HARMAN INTERNATIONAL reports earnings for Qtr to March 31</title>
    <meta content="30" name="publication_day_of_month"/>
    <meta content="4" name="publication_month"/>
    <meta content="1987" name="publication_year"/>
    <meta content="Thursday" name="publication_day_of_week"/>
    <meta content="Financial Desk" name="dsk"/>
    <meta content="5" name="print_page_number"/>
    <meta content="6" name="print_section"/>
    <meta content="4" name="print_column"/>
    <meta content="Business" name="online_sections"/>
    <docdata>
      <doc-id id-string="35417"/>
      <doc.copyright holder="The New York Times" year="1987"/>
      <identified-content>
        <classifier class="indexing_service" type="descriptor">COMPANY REPORTS</classifier>
        <classifier class="online_producer" type="types_of_material">Statistics</classifier>
        <classifier class="online_producer" type="taxonomic_classifier">Top/News/Business</classifier>
        <classifier class="online_producer" type="general_descriptor">Company Reports</classifier>
        <classifier class="online_producer" type="general_descriptor">Corporations</classifier>
      </identified-content>
    </docdata>
    <pubdata date.publication="19870430T000000" ex-ref="http://query.nytimes.com/gst/fullpage.html?res=9805E0D7163FF933A05757C0A961948260" item-length="64" name="The New York Times" unit-of-measure="word"/>
  </head>
  <body>
    <body.head>
      <hedline>
        <hl1>HARMAN INTERNATIONAL reports earnings for Qtr to March 31</hl1>
      </hedline>
    </body.head>
    <body.content>
      <block class="lead_paragraph">
        <p>LEAD:</p>
        <p>*3*** COMPANY REPORTS **</p>
        <p>*3*HARMAN INTERNATIONAL</p>
        <p>Qtr to March 31</p>
        <p>1987</p>
        <p>1986</p>
        <p>Sales</p>
        <p>88,521,000</p>
        <p>64,313,000</p>
        <p>Net inc</p>
        <p>2,125,000</p>
        <p>1,321,000</p>
        <p>Share earns</p>
        <p>.25</p>
        <p>.20</p>
        <p>Shares outst</p>
        <p>8,375,750</p>
        <p>6,466,450</p>
        <p>9mo sales</p>
        <p>238,938,000</p>
        <p>166,627,000</p>
        <p>Net inc</p>
        <p>6,098,000</p>
        <p>2,523,000</p>
        <p>Share earns</p>
        <p>.82</p>
        <p>.39</p>
        <p>Shares outst</p>
        <p>7,422,909</p>
        <p>6,395,316</p>
      </block>
      <block class="full_text">
        <p>LEAD:</p>
        <p>*3*** COMPANY REPORTS **</p>
        <p>*3*HARMAN INTERNATIONAL</p>
        <p>Qtr to March 31</p>
        <p>1987</p>
        <p>1986</p>
        <p>Sales</p>
        <p>88,521,000</p>
        <p>64,313,000</p>
        <p>Net inc</p>
        <p>2,125,000</p>
        <p>1,321,000</p>
        <p>Share earns</p>
        <p>.25</p>
        <p>.20</p>
        <p>Shares outst</p>
        <p>8,375,750</p>
        <p>6,466,450</p>
        <p>9mo sales</p>
        <p>238,938,000</p>
        <p>166,627,000</p>
        <p>Net inc</p>
        <p>6,098,000</p>
        <p>2,523,000</p>
        <p>Share earns</p>
        <p>.82</p>
        <p>.39</p>
        <p>Shares outst</p>
        <p>7,422,909</p>
        <p>6,395,316</p>
        <p>*3*** COMPANY REPORTS **</p>
        <p>*3*HARMAN INTERNATIONAL</p>
        <p>Qtr to March 31</p>
        <p>1987</p>
        <p>1986</p>
        <p>Sales</p>
        <p>88,521,000</p>
        <p>64,313,000</p>
        <p>Net inc</p>
        <p>2,125,000</p>
        <p>1,321,000</p>
        <p>Share earns</p>
        <p>.25</p>
        <p>.20</p>
        <p>Shares outst</p>
        <p>8,375,750</p>
        <p>6,466,450</p>
        <p>9mo sales</p>
        <p>238,938,000</p>
        <p>166,627,000</p>
        <p>Net inc</p>
        <p>6,098,000</p>
        <p>2,523,000</p>
        <p>Share earns</p>
        <p>.82</p>
        <p>.39</p>
        <p>Shares outst</p>
        <p>7,422,909</p>
        <p>6,395,316</p>
      </block>
    </body.content>
  </body>
</nitf>
