<?xml version="1.0" encoding="UTF-8"?>
<!DOCTYPE nitf SYSTEM "http://www.nitf.org/IPTC/NITF/3.3/specification/dtd/nitf-3-3.dtd">
<nitf change.date="June 10, 2005" change.time="19:30" version="-//IPTC//DTD NITF 3.3//EN">
  <head>
    <title>Italy's Tomba Wins His Fourth Straight World Cup Race</title>
    <meta content="17" name="publication_day_of_month"/>
    <meta content="12" name="publication_month"/>
    <meta content="1987" name="publication_year"/>
    <meta content="Thursday" name="publication_day_of_week"/>
    <meta content="Sports Desk" name="dsk"/>
    <meta content="23" name="print_page_number"/>
    <meta content="D" name="print_section"/>
    <meta content="4" name="print_column"/>
    <docdata>
      <doc-id id-string="102589"/>
      <doc.copyright holder="The New York Times" year="1987"/>
      <identified-content>
        <classifier class="indexing_service" type="descriptor">Terms not available</classifier>
        <classifier class="online_producer" type="types_of_material">Caption</classifier>
      </identified-content>
    </docdata>
    <pubdata date.publication="19871217T000000" ex-ref="http://query.nytimes.com/gst/fullpage.html?res=9B0DE5DA1230F934A25751C1A961948260" item-length="24" name="The New York Times" unit-of-measure="word"/>
  </head>
  <body>
    <body.head>
      <hedline>
        <hl1>Italy's Tomba Wins His Fourth Straight World Cup Race</hl1>
      </hedline>
    </body.head>
    <body.content>
      <block class="lead_paragraph">
        <p>LEAD:  Alberta Tomba on his way to winning the men's slalom in Madonna di Campiglio, Italy, for his fourth consecutive victory. Page D26. (AP)</p>
      </block>
      <block class="full_text">
        <p>LEAD:  Alberta Tomba on his way to winning the men's slalom in Madonna di Campiglio, Italy, for his fourth consecutive victory. Page D26. (AP)</p>
        <p>Alberta Tomba on his way to winning the men's slalom in Madonna di Campiglio, Italy, for his fourth consecutive victory. Page D26. (AP)</p>
      </block>
    </body.content>
  </body>
</nitf>
