<?xml version="1.0" encoding="UTF-8"?>
<!DOCTYPE nitf SYSTEM "http://www.nitf.org/IPTC/NITF/3.3/specification/dtd/nitf-3-3.dtd">
<nitf change.date="June 10, 2005" change.time="19:30" version="-//IPTC//DTD NITF 3.3//EN">
  <head>
    <title>EMULEX CORP reports earnings for Qtr to Dec 31</title>
    <meta content="28" name="publication_day_of_month"/>
    <meta content="1" name="publication_month"/>
    <meta content="1987" name="publication_year"/>
    <meta content="Wednesday" name="publication_day_of_week"/>
    <meta content="Financial Desk" name="dsk"/>
    <meta content="5" name="print_page_number"/>
    <meta content="D" name="print_section"/>
    <meta content="2" name="print_column"/>
    <meta content="Business" name="online_sections"/>
    <docdata>
      <doc-id id-string="7733"/>
      <doc.copyright holder="The New York Times" year="1987"/>
      <identified-content>
        <classifier class="indexing_service" type="descriptor">COMPANY REPORTS</classifier>
        <classifier class="online_producer" type="types_of_material">Statistics</classifier>
        <classifier class="online_producer" type="taxonomic_classifier">Top/News/Business</classifier>
        <classifier class="online_producer" type="general_descriptor">Company Reports</classifier>
        <classifier class="online_producer" type="general_descriptor">Corporations</classifier>
      </identified-content>
    </docdata>
    <pubdata date.publication="19870128T000000" ex-ref="http://query.nytimes.com/gst/fullpage.html?res=9D05E0D7133BF93BA15752C0A961948260" item-length="49" name="The New York Times" unit-of-measure="word"/>
  </head>
  <body>
    <body.head>
      <hedline>
        <hl1>EMULEX CORP reports earnings for Qtr to Dec 31</hl1>
      </hedline>
    </body.head>
    <body.content>
      <block class="lead_paragraph">
        <p>LEAD:</p>
        <p>*3*** COMPANY REPORTS **</p>
        <p>*3*EMULEX CORP (OTC)</p>
        <p>Qtr to Dec 31</p>
        <p>1986</p>
        <p>1985</p>
        <p>Revenue</p>
        <p>25,670,000</p>
        <p>25,423,000</p>
        <p>Net inc</p>
        <p>379,000</p>
        <p>1,586,000</p>
        <p>Share earns</p>
        <p>.03</p>
        <p>.12</p>
        <p>6mo rev</p>
        <p>50,685,000</p>
        <p>49,842,000</p>
        <p>Net inc</p>
        <p>1,950,000</p>
        <p>3,021,000</p>
        <p>Share earns</p>
        <p>.15</p>
        <p>.23</p>
      </block>
      <block class="full_text">
        <p>LEAD:</p>
        <p>*3*** COMPANY REPORTS **</p>
        <p>*3*EMULEX CORP (OTC)</p>
        <p>Qtr to Dec 31</p>
        <p>1986</p>
        <p>1985</p>
        <p>Revenue</p>
        <p>25,670,000</p>
        <p>25,423,000</p>
        <p>Net inc</p>
        <p>379,000</p>
        <p>1,586,000</p>
        <p>Share earns</p>
        <p>.03</p>
        <p>.12</p>
        <p>6mo rev</p>
        <p>50,685,000</p>
        <p>49,842,000</p>
        <p>Net inc</p>
        <p>1,950,000</p>
        <p>3,021,000</p>
        <p>Share earns</p>
        <p>.15</p>
        <p>.23</p>
        <p>*3*** COMPANY REPORTS **</p>
        <p>*3*EMULEX CORP (OTC)</p>
        <p>Qtr to Dec 31</p>
        <p>1986</p>
        <p>1985</p>
        <p>Revenue</p>
        <p>25,670,000</p>
        <p>25,423,000</p>
        <p>Net inc</p>
        <p>379,000</p>
        <p>1,586,000</p>
        <p>Share earns</p>
        <p>.03</p>
        <p>.12</p>
        <p>6mo rev</p>
        <p>50,685,000</p>
        <p>49,842,000</p>
        <p>Net inc</p>
        <p>1,950,000</p>
        <p>3,021,000</p>
        <p>Share earns</p>
        <p>.15</p>
        <p>.23</p>
      </block>
    </body.content>
  </body>
</nitf>
