<?xml version="1.0" encoding="UTF-8"?>
<!DOCTYPE nitf SYSTEM "http://www.nitf.org/IPTC/NITF/3.3/specification/dtd/nitf-3-3.dtd">
<nitf change.date="June 10, 2005" change.time="19:30" version="-//IPTC//DTD NITF 3.3//EN">
  <head>
    <title>EVERGREEN BANCORP reports earnings for Qtr to Dec 31</title>
    <meta content="28" name="publication_day_of_month"/>
    <meta content="1" name="publication_month"/>
    <meta content="1987" name="publication_year"/>
    <meta content="Wednesday" name="publication_day_of_week"/>
    <meta content="Financial Desk" name="dsk"/>
    <meta content="24" name="print_page_number"/>
    <meta content="D" name="print_section"/>
    <meta content="5" name="print_column"/>
    <meta content="Business" name="online_sections"/>
    <docdata>
      <doc-id id-string="7978"/>
      <doc.copyright holder="The New York Times" year="1987"/>
      <identified-content>
        <classifier class="indexing_service" type="descriptor">COMPANY REPORTS</classifier>
        <classifier class="online_producer" type="types_of_material">Statistics</classifier>
        <classifier class="online_producer" type="taxonomic_classifier">Top/News/Business</classifier>
        <classifier class="online_producer" type="general_descriptor">Company Reports</classifier>
        <classifier class="online_producer" type="general_descriptor">Corporations</classifier>
      </identified-content>
    </docdata>
    <pubdata date.publication="19870128T000000" ex-ref="http://query.nytimes.com/gst/fullpage.html?res=9D05E0D71431F93BA15752C0A961948260" item-length="44" name="The New York Times" unit-of-measure="word"/>
  </head>
  <body>
    <body.head>
      <hedline>
        <hl1>EVERGREEN BANCORP reports earnings for Qtr to Dec 31</hl1>
      </hedline>
    </body.head>
    <body.content>
      <block class="lead_paragraph">
        <p>LEAD:</p>
        <p>*3*** COMPANY REPORTS **</p>
        <p>*3*EVERGREEN BANCORP</p>
        <p>Qtr to Dec 31</p>
        <p>1986</p>
        <p>1985</p>
        <p>Net inc</p>
        <p>1,557,000</p>
        <p>1,253,000</p>
        <p>Per share</p>
        <p>.77</p>
        <p>.58</p>
        <p>Yr net inc</p>
        <p>6,398,000</p>
        <p>5,170,000</p>
        <p>Per share</p>
        <p>3.14</p>
        <p>3.04</p>
        <p>Shares outst</p>
        <p>2,039,274</p>
        <p>1,703,133</p>
      </block>
      <block class="full_text">
        <p>LEAD:</p>
        <p>*3*** COMPANY REPORTS **</p>
        <p>*3*EVERGREEN BANCORP</p>
        <p>Qtr to Dec 31</p>
        <p>1986</p>
        <p>1985</p>
        <p>Net inc</p>
        <p>1,557,000</p>
        <p>1,253,000</p>
        <p>Per share</p>
        <p>.77</p>
        <p>.58</p>
        <p>Yr net inc</p>
        <p>6,398,000</p>
        <p>5,170,000</p>
        <p>Per share</p>
        <p>3.14</p>
        <p>3.04</p>
        <p>Shares outst</p>
        <p>2,039,274</p>
        <p>1,703,133</p>
        <p>*3*** COMPANY REPORTS **</p>
        <p>*3*EVERGREEN BANCORP</p>
        <p>Qtr to Dec 31</p>
        <p>1986</p>
        <p>1985</p>
        <p>Net inc</p>
        <p>1,557,000</p>
        <p>1,253,000</p>
        <p>Per share</p>
        <p>.77</p>
        <p>.58</p>
        <p>Yr net inc</p>
        <p>6,398,000</p>
        <p>5,170,000</p>
        <p>Per share</p>
        <p>3.14</p>
        <p>3.04</p>
        <p>Shares outst</p>
        <p>2,039,274</p>
        <p>1,703,133</p>
      </block>
    </body.content>
  </body>
</nitf>
