<?xml version="1.0" encoding="UTF-8"?>
<!DOCTYPE nitf SYSTEM "http://www.nitf.org/IPTC/NITF/3.3/specification/dtd/nitf-3-3.dtd">
<nitf change.date="June 10, 2005" change.time="19:30" version="-//IPTC//DTD NITF 3.3//EN">
  <head>
    <title>Soviet Is Seeking Reciprocity In Monitoring of Atom Tests</title>
    <meta content="26" name="publication_day_of_month"/>
    <meta content="3" name="publication_month"/>
    <meta content="1987" name="publication_year"/>
    <meta content="Thursday" name="publication_day_of_week"/>
    <meta content="Foreign Desk" name="dsk"/>
    <meta content="6" name="print_page_number"/>
    <meta content="A" name="print_section"/>
    <meta content="6" name="print_column"/>
    <meta content="World" name="online_sections"/>
    <docdata>
      <doc-id id-string="24657"/>
      <doc.copyright holder="The New York Times" year="1987"/>
      <identified-content>
        <classifier class="indexing_service" type="descriptor">ATOMIC WEAPONS</classifier>
        <classifier class="indexing_service" type="descriptor">NUCLEAR TESTS</classifier>
        <classifier class="indexing_service" type="descriptor">UNITED STATES ARMAMENT AND DEFENSE</classifier>
        <location class="indexing_service">UNION OF SOVIET SOCIALIST REPUBLICS</location>
        <location class="indexing_service">SEMIPALATINSK (USSR)</location>
        <org class="indexing_service">NATURAL RESOURCES DEFENSE COUNCIL</org>
        <classifier class="online_producer" type="taxonomic_classifier">Top/News</classifier>
        <classifier class="online_producer" type="taxonomic_classifier">Top/News/World/Countries and Territories/Russia and the Former Soviet Union</classifier>
        <classifier class="online_producer" type="taxonomic_classifier">Top/News/World</classifier>
        <classifier class="online_producer" type="general_descriptor">Nuclear Tests</classifier>
        <classifier class="online_producer" type="general_descriptor">Atomic Weapons</classifier>
        <classifier class="online_producer" type="general_descriptor">United States Armament and Defense</classifier>
        <classifier class="online_producer" type="general_descriptor">Armament, Defense and Military Forces</classifier>
      </identified-content>
    </docdata>
    <pubdata date.publication="19870326T000000" ex-ref="http://query.nytimes.com/gst/fullpage.html?res=9B0DE1D6113BF935A15750C0A961948260" item-length="92" name="The New York Times" unit-of-measure="word"/>
  </head>
  <body>
    <body.head>
      <hedline>
        <hl1>Soviet Is Seeking Reciprocity In Monitoring of Atom Tests</hl1>
      </hedline>
      <byline class="print_byline">Special to the New York Times</byline>
      <dateline>WASHINGTON, March 25</dateline>
    </body.head>
    <body.content>
      <block class="lead_paragraph">
        <p>LEAD: The Soviet Union has told an American group that it may have to shut down monitoring stations near the Semipalatinsk nuclear test site unless Washington allows monitoring by Russians.</p>
      </block>
      <block class="full_text">
        <p>LEAD: The Soviet Union has told an American group that it may have to shut down monitoring stations near the Semipalatinsk nuclear test site unless Washington allows monitoring by Russians.</p>
        <p>The Soviet Union has told an American group that it may have to shut down monitoring stations near the Semipalatinsk nuclear test site unless Washington allows monitoring by Russians.</p>
        <p>The American group, the Natural Resources Defense Council, established the posts under an agreement with the Soviet Academy of Sciences that also called for posts near Nevada.</p>
        <p>The United States Government has said the Soviet experts would have to go to the site in Nevada and observe the direct measurement of a nuclear blast. This the Russians refuse to do.</p>
      </block>
    </body.content>
  </body>
</nitf>
