<?xml version="1.0" encoding="UTF-8"?>
<!DOCTYPE nitf SYSTEM "http://www.nitf.org/IPTC/NITF/3.3/specification/dtd/nitf-3-3.dtd">
<nitf change.date="June 10, 2005" change.time="19:30" version="-//IPTC//DTD NITF 3.3//EN">
  <head>
    <title>CHARLES BRINCKERHOFF</title>
    <meta content="22" name="publication_day_of_month"/>
    <meta content="4" name="publication_month"/>
    <meta content="1987" name="publication_year"/>
    <meta content="Wednesday" name="publication_day_of_week"/>
    <meta content="Obituary" name="dsk"/>
    <meta content="27" name="print_page_number"/>
    <meta content="D" name="print_section"/>
    <meta content="6" name="print_column"/>
    <meta content="Obituaries" name="online_sections"/>
    <docdata>
      <doc-id id-string="32672"/>
      <doc.copyright holder="The New York Times" year="1987"/>
      <identified-content>
        <classifier class="indexing_service" type="descriptor">DEATHS</classifier>
        <classifier class="indexing_service" type="descriptor">BIOGRAPHICAL INFORMATION</classifier>
        <person class="indexing_service">BRINCKERHOFF, CHARLES</person>
        <classifier class="online_producer" type="types_of_material">Obituary</classifier>
        <classifier class="online_producer" type="taxonomic_classifier">Top/News/Obituaries</classifier>
      </identified-content>
    </docdata>
    <pubdata date.publication="19870422T000000" ex-ref="http://query.nytimes.com/gst/fullpage.html?res=9B0DE5DF143CF931A15757C0A961948260" item-length="91" name="The New York Times" unit-of-measure="word"/>
  </head>
  <body>
    <body.head>
      <hedline>
        <hl1>CHARLES BRINCKERHOFF</hl1>
      </hedline>
    </body.head>
    <body.content>
      <block class="lead_paragraph">
        <p>LEAD: Charles M. Brinckerhoff, a former president, board chairman and chief executive officer of the Anaconda Company, died of pneumonia yesterday at Lenox Hill Hospital. He was 86 years old and lived in Manhattan.</p>
      </block>
      <block class="full_text">
        <p>LEAD: Charles M. Brinckerhoff, a former president, board chairman and chief executive officer of the Anaconda Company, died of pneumonia yesterday at Lenox Hill Hospital. He was 86 years old and lived in Manhattan.</p>
        <p>Charles M. Brinckerhoff, a former president, board chairman and chief executive officer of the Anaconda Company, died of pneumonia yesterday at Lenox Hill Hospital. He was 86 years old and lived in Manhattan.</p>
        <p>Mr. Brinckerhoff was born in Minneapolis and grew up in Elmhurst, Queens. He earned a bachelor's degree from Columbia College and a graduate degree in metallurgical engineering from the university.</p>
        <p>Surviving are his wife, the former Florence Andreen; a daughter, Carol B. Kietzman of Sands Point, L.I., and three grandchildren.</p>
      </block>
    </body.content>
  </body>
</nitf>
