<?xml version="1.0" encoding="UTF-8"?>
<!DOCTYPE nitf SYSTEM "http://www.nitf.org/IPTC/NITF/3.3/specification/dtd/nitf-3-3.dtd">
<nitf change.date="June 10, 2005" change.time="19:30" version="-//IPTC//DTD NITF 3.3//EN">
  <head>
    <title>Spinks Arrested</title>
    <meta content="17" name="publication_day_of_month"/>
    <meta content="3" name="publication_month"/>
    <meta content="1987" name="publication_year"/>
    <meta content="Tuesday" name="publication_day_of_week"/>
    <meta content="Sports Desk" name="dsk"/>
    <meta content="28" name="print_page_number"/>
    <meta content="D" name="print_section"/>
    <meta content="2" name="print_column"/>
    <meta content="Sports" name="online_sections"/>
    <docdata>
      <doc-id id-string="22376"/>
      <doc.copyright holder="The New York Times" year="1987"/>
      <series series.name="SPORTS PEOPLE"/>
      <identified-content>
        <classifier class="indexing_service" type="descriptor">ROADS AND TRAFFIC</classifier>
        <classifier class="indexing_service" type="descriptor">BOXING</classifier>
        <classifier class="indexing_service" type="descriptor">DRUNKEN AND RECKLESS DRIVING</classifier>
        <classifier class="indexing_service" type="descriptor">HEAVYWEIGHT</classifier>
        <person class="indexing_service">SPINKS, MICHAEL</person>
        <classifier class="online_producer" type="taxonomic_classifier">Top/News</classifier>
        <classifier class="online_producer" type="taxonomic_classifier">Top/News/Sports</classifier>
        <classifier class="online_producer" type="general_descriptor">Boxing</classifier>
        <classifier class="online_producer" type="general_descriptor">Drunken and Reckless Driving</classifier>
        <classifier class="online_producer" type="general_descriptor">Roads and Traffic</classifier>
      </identified-content>
    </docdata>
    <pubdata date.publication="19870317T000000" ex-ref="http://query.nytimes.com/gst/fullpage.html?res=9B0DE6DC1630F934A25750C0A961948260" item-length="86" name="The New York Times" unit-of-measure="word"/>
  </head>
  <body>
    <body.head>
      <hedline>
        <hl1>Spinks Arrested</hl1>
      </hedline>
    </body.head>
    <body.content>
      <block class="lead_paragraph">
        <p>LEAD: Michael Spinks, the former International Boxing Federation heavyweight champion, was charged with driving under the influence of alcohol early yesterday morning.</p>
      </block>
      <block class="full_text">
        <p>LEAD: Michael Spinks, the former International Boxing Federation heavyweight champion, was charged with driving under the influence of alcohol early yesterday morning.</p>
        <p>Michael Spinks, the former International Boxing Federation heavyweight champion, was charged with driving under the influence of alcohol early yesterday morning.</p>
        <p>Spinks's car hit a tree about two miles from his home in Wilmington, Del., the police said. Spinks, who was unhurt, told the police another vehicle forced him off the road.</p>
        <p>He was released pending a March 26 hearing. Spinks, 30, was recently stripped of his title by the I.B.F. for refusing to sign for a mandatory title defense against Tony Tucker.</p>
        <p>SPORTS PEOPLE</p>
      </block>
    </body.content>
  </body>
</nitf>
