<?xml version="1.0" encoding="UTF-8"?>
<!DOCTYPE nitf SYSTEM "http://www.nitf.org/IPTC/NITF/3.3/specification/dtd/nitf-3-3.dtd">
<nitf change.date="June 10, 2005" change.time="19:30" version="-//IPTC//DTD NITF 3.3//EN">
  <head>
    <title>Henry Ogilby to Wed Anne Phillips in May</title>
    <meta content="22" name="publication_day_of_month"/>
    <meta content="3" name="publication_month"/>
    <meta content="1987" name="publication_year"/>
    <meta content="Sunday" name="publication_day_of_week"/>
    <meta content="Society Desk" name="dsk"/>
    <meta content="58" name="print_page_number"/>
    <meta content="1" name="print_section"/>
    <meta content="1" name="print_column"/>
    <meta content="Style" name="online_sections"/>
    <docdata>
      <doc-id id-string="23869"/>
      <doc.copyright holder="The New York Times" year="1987"/>
      <identified-content>
        <classifier class="indexing_service" type="descriptor">WEDDINGS AND ENGAGEMENTS</classifier>
        <classifier class="online_producer" type="taxonomic_classifier">Top/Features/Style</classifier>
        <classifier class="online_producer" type="taxonomic_classifier">Top/Features/Style/Fashion and Style</classifier>
        <classifier class="online_producer" type="taxonomic_classifier">Top/Features/Style/Fashion and Style/Weddings and Celebrations</classifier>
        <classifier class="online_producer" type="general_descriptor">Weddings and Engagements</classifier>
      </identified-content>
    </docdata>
    <pubdata date.publication="19870322T000000" ex-ref="http://query.nytimes.com/gst/fullpage.html?res=9B0DE5DF1431F931A15750C0A961948260" item-length="165" name="The New York Times" unit-of-measure="word"/>
  </head>
  <body>
    <body.head>
      <hedline>
        <hl1>Henry Ogilby to Wed Anne Phillips in May</hl1>
      </hedline>
    </body.head>
    <body.content>
      <block class="lead_paragraph">
        <p>LEAD: Anne Crocker Phillips, an associate in the Boston law firm Ropes &amp; Gray, and Henry McFarlan Ogilby, an office information systems marketing manager with the Digital Equipment Corporation in Merrimack, N.H., plan to be married in May.</p>
      </block>
      <block class="full_text">
        <p>LEAD: Anne Crocker Phillips, an associate in the Boston law firm Ropes &amp; Gray, and Henry McFarlan Ogilby, an office information systems marketing manager with the Digital Equipment Corporation in Merrimack, N.H., plan to be married in May.</p>
        <p>Anne Crocker Phillips, an associate in the Boston law firm Ropes &amp; Gray, and Henry McFarlan Ogilby, an office information systems marketing manager with the Digital Equipment Corporation in Merrimack, N.H., plan to be married in May.</p>
        <p>The future bride is the daughter of Mr. and Mrs. Asa E. Phillips Jr. of Brookline, Mass., and Seal Harbor, Me., who have announced her engagement to a son of Lydia Phippen Ogilby of Belmont, Mass., and Randolph Hill, N.H., and the late John D. Ogilby.</p>
        <p>Miss Phillips graduated from the Winsor School; Harvard University, where she was elected to Phi Beta Kappa, and the University of Virginia School of Law. She made her debut at the Salem Assembly and the Boston Cotillion. Her father is a lawyer in Boston.</p>
        <p>Mr. Ogilby, a graduate of the Belmont Hill School and Colby College, received an M.B.A. degree from Babson College. He is in Digital Equipment's international marketing division and was until recently a sales director in the Geneva office.</p>
      </block>
    </body.content>
  </body>
</nitf>
