<?xml version="1.0" encoding="UTF-8"?>
<!DOCTYPE nitf SYSTEM "http://www.nitf.org/IPTC/NITF/3.3/specification/dtd/nitf-3-3.dtd">
<nitf change.date="June 10, 2005" change.time="19:30" version="-//IPTC//DTD NITF 3.3//EN">
  <head>
    <title>DEERE &amp; COMPANY reports earnings for Qtr to July 31</title>
    <meta content="27" name="publication_day_of_month"/>
    <meta content="8" name="publication_month"/>
    <meta content="1987" name="publication_year"/>
    <meta content="Thursday" name="publication_day_of_week"/>
    <meta content="Financial Desk" name="dsk"/>
    <meta content="7" name="print_page_number"/>
    <meta content="D" name="print_section"/>
    <meta content="5" name="print_column"/>
    <meta content="Business" name="online_sections"/>
    <docdata>
      <doc-id id-string="69456"/>
      <doc.copyright holder="The New York Times" year="1987"/>
      <identified-content>
        <classifier class="indexing_service" type="descriptor">COMPANY REPORTS</classifier>
        <classifier class="online_producer" type="types_of_material">Statistics</classifier>
        <classifier class="online_producer" type="taxonomic_classifier">Top/News/Business</classifier>
        <classifier class="online_producer" type="general_descriptor">Company Reports</classifier>
        <classifier class="online_producer" type="general_descriptor">Corporations</classifier>
      </identified-content>
    </docdata>
    <pubdata date.publication="19870827T000000" ex-ref="http://query.nytimes.com/gst/fullpage.html?res=9405E0D71F3BF934A1575BC0A961948260" item-length="131" name="The New York Times" unit-of-measure="word"/>
  </head>
  <body>
    <body.head>
      <hedline>
        <hl1>DEERE &amp; COMPANY reports earnings for Qtr to July 31</hl1>
      </hedline>
    </body.head>
    <body.content>
      <block class="lead_paragraph">
        <p>LEAD:</p>
        <p>*3*** COMPANY REPORTS **</p>
        <p>*3*DEERE &amp; COMPANY (NYSE)</p>
        <p>Qtr to July 31</p>
        <p>1987</p>
        <p>1986</p>
        <p>Sales</p>
        <p>1,195,000,000</p>
        <p>973,000,000</p>
        <p>Net inc</p>
        <p>25,500,000</p>
        <p>b33,800,000</p>
        <p>Share earns</p>
        <p>.38</p>
        <p>-</p>
        <p>9mo sales</p>
        <p>2,817,000,000</p>
        <p>2,698,000,000</p>
        <p>Net loss</p>
        <p>131,700,000</p>
        <p>89,500,000</p>
        <p>b-Net loss</p>
      </block>
      <block class="full_text">
        <p>LEAD:</p>
        <p>*3*** COMPANY REPORTS **</p>
        <p>*3*DEERE &amp; COMPANY (NYSE)</p>
        <p>Qtr to July 31</p>
        <p>1987</p>
        <p>1986</p>
        <p>Sales</p>
        <p>1,195,000,000</p>
        <p>973,000,000</p>
        <p>Net inc</p>
        <p>25,500,000</p>
        <p>b33,800,000</p>
        <p>Share earns</p>
        <p>.38</p>
        <p>-</p>
        <p>9mo sales</p>
        <p>2,817,000,000</p>
        <p>2,698,000,000</p>
        <p>Net loss</p>
        <p>131,700,000</p>
        <p>89,500,000</p>
        <p>b-Net loss</p>
        <p>*3*** COMPANY REPORTS **</p>
        <p>*3*DEERE &amp; COMPANY (NYSE)</p>
        <p>Qtr to July 31</p>
        <p>1987</p>
        <p>1986</p>
        <p>Sales</p>
        <p>1,195,000,000</p>
        <p>973,000,000</p>
        <p>Net inc</p>
        <p>25,500,000</p>
        <p>b33,800,000</p>
        <p>Share earns</p>
        <p>.38</p>
        <p>-</p>
        <p>9mo sales</p>
        <p>2,817,000,000</p>
        <p>2,698,000,000</p>
        <p>Net loss</p>
        <p>131,700,000</p>
        <p>89,500,000</p>
        <p>b-Net loss  The company said the latest 9-month reflects the virtual shutdown of its U.S. factories, which resulted in a $193 million loss in the first quarter.</p>
        <p>The company also said the latest 9-month loss was magnified by its inability to currently reorganize approximately $41 million of income tax benefits associated with tax loss carryforwards. The third quarter income was favorably affected by a $15 million tax benefit derived primarily from tax loss carryforwards.</p>
      </block>
    </body.content>
  </body>
</nitf>
