<?xml version="1.0" encoding="UTF-8"?>
<!DOCTYPE nitf SYSTEM "http://www.nitf.org/IPTC/NITF/3.3/specification/dtd/nitf-3-3.dtd">
<nitf change.date="June 10, 2005" change.time="19:30" version="-//IPTC//DTD NITF 3.3//EN">
  <head>
    <title>Macmillan Filing On Bell &amp; Howell</title>
    <meta content="24" name="publication_day_of_month"/>
    <meta content="11" name="publication_month"/>
    <meta content="1987" name="publication_year"/>
    <meta content="Tuesday" name="publication_day_of_week"/>
    <meta content="Financial Desk" name="dsk"/>
    <meta content="4" name="print_page_number"/>
    <meta content="D" name="print_section"/>
    <meta content="6" name="print_column"/>
    <meta content="Business" name="online_sections"/>
    <docdata>
      <doc-id id-string="95788"/>
      <doc.copyright holder="The New York Times" year="1987"/>
      <series series.name="COMPANY NEWS"/>
      <identified-content>
        <classifier class="indexing_service" type="descriptor">MERGERS, ACQUISITIONS AND DIVESTITURES</classifier>
        <org class="indexing_service">BELL &amp; HOWELL CO</org>
        <org class="indexing_service">MACMILLAN INC</org>
        <classifier class="online_producer" type="taxonomic_classifier">Top/News/Business</classifier>
        <classifier class="online_producer" type="general_descriptor">Mergers, Acquisitions and Divestitures</classifier>
        <classifier class="online_producer" type="general_descriptor">Finances</classifier>
      </identified-content>
    </docdata>
    <pubdata date.publication="19871124T000000" ex-ref="http://query.nytimes.com/gst/fullpage.html?res=9B0DE6D81139F937A15752C1A961948260" item-length="155" name="The New York Times" unit-of-measure="word"/>
  </head>
  <body>
    <body.head>
      <hedline>
        <hl1>Macmillan Filing On Bell &amp; Howell</hl1>
      </hedline>
      <byline class="print_byline">Special to the New York Times</byline>
      <dateline>WASHINGTON, Nov. 23</dateline>
    </body.head>
    <body.content>
      <block class="lead_paragraph">
        <p>LEAD: Macmillan Inc., the publishing concern, said it was seeking Federal clearance to join the bidding for Bell &amp; Howell Company. In a Securities and Exchange Commission filing, Macmillan, which holds 7.9 percent of Bell &amp; Howell's shares, said it had filed notice with the Federal Trade Commission and the Justice Department of its intention to buy enough additional shares that ''may result in Macmillan holding more that 50 percent'' of Bell &amp;</p>
      </block>
      <block class="full_text">
        <p>LEAD: Macmillan Inc., the publishing concern, said it was seeking Federal clearance to join the bidding for Bell &amp; Howell Company. In a Securities and Exchange Commission filing, Macmillan, which holds 7.9 percent of Bell &amp; Howell's shares, said it had filed notice with the Federal Trade Commission and the Justice Department of its intention to buy enough additional shares that ''may result in Macmillan holding more that 50 percent'' of Bell &amp;</p>
        <p>Macmillan Inc., the publishing concern, said it was seeking Federal clearance to join the bidding for Bell &amp; Howell Company. In a Securities and Exchange Commission filing, Macmillan, which holds 7.9 percent of Bell &amp; Howell's shares, said it had filed notice with the Federal Trade Commission and the Justice Department of its intention to buy enough additional shares that ''may result in Macmillan holding more that 50 percent'' of Bell &amp; Howell.</p>
        <p>A spokesman for Bell &amp; Howell, the publishing concern based in Skokie. Ill., said that the company had no comment on the announcement. In addition to Macmillan, the British investor Robert Maxwell and Robert M. Bass, the Texas investor, have both expressed interest in Bell &amp; Howell. Last week, the company announced that it was negotiating a management buyout with Mr. Bass and had instructed its financial adviser, Salomon Brothers Inc., to open bidding to other parties.</p>
        <p>COMPANY NEWS</p>
      </block>
    </body.content>
  </body>
</nitf>
