<?xml version="1.0" encoding="UTF-8"?>
<!DOCTYPE nitf SYSTEM "http://www.nitf.org/IPTC/NITF/3.3/specification/dtd/nitf-3-3.dtd">
<nitf change.date="June 10, 2005" change.time="19:30" version="-//IPTC//DTD NITF 3.3//EN">
  <head>
    <title>Frances F. Vandivier, Child Care Educator, 61</title>
    <meta content="25" name="publication_day_of_month"/>
    <meta content="11" name="publication_month"/>
    <meta content="1987" name="publication_year"/>
    <meta content="Wednesday" name="publication_day_of_week"/>
    <meta content="Obituary" name="dsk"/>
    <meta content="22" name="print_page_number"/>
    <meta content="D" name="print_section"/>
    <meta content="5" name="print_column"/>
    <meta content="Obituaries" name="online_sections"/>
    <docdata>
      <doc-id id-string="96269"/>
      <doc.copyright holder="The New York Times" year="1987"/>
      <identified-content>
        <classifier class="indexing_service" type="descriptor">DEATHS</classifier>
        <person class="indexing_service">VANDIVIER, FRANCES F</person>
        <classifier class="online_producer" type="types_of_material">Obituary</classifier>
        <classifier class="online_producer" type="taxonomic_classifier">Top/News/Obituaries</classifier>
      </identified-content>
    </docdata>
    <pubdata date.publication="19871125T000000" ex-ref="http://query.nytimes.com/gst/fullpage.html?res=9B0DE4D61E3DF936A15752C1A961948260" item-length="96" name="The New York Times" unit-of-measure="word"/>
  </head>
  <body>
    <body.head>
      <hedline>
        <hl1>Frances F. Vandivier, Child Care Educator, 61</hl1>
      </hedline>
    </body.head>
    <body.content>
      <block class="lead_paragraph">
        <p>LEAD: Frances Finnell Vandivier, a child care educator, died Thursday at Goergetown University Hospital in Washington of ovarian cancer. She was 61 years old.</p>
      </block>
      <block class="full_text">
        <p>LEAD: Frances Finnell Vandivier, a child care educator, died Thursday at Goergetown University Hospital in Washington of ovarian cancer. She was 61 years old.</p>
        <p>Frances Finnell Vandivier, a child care educator, died Thursday at Goergetown University Hospital in Washington of ovarian cancer. She was 61 years old.</p>
        <p>Mrs. Vandivier founded the child care department of Temple University in Philadelphia, where she developed a curriculum that served as the model for others.</p>
        <p>She is survived by her husband, Robert, of Falls Church, Va.; three sons, William D. Vandivier of Pittsburgh and John Elliot Vandivier and Robert B. Vandivier, both of Philadelphia; a sister, Bettye Fraley, and her mother, Daisy Finnell, both of Berea, Ky.</p>
      </block>
    </body.content>
  </body>
</nitf>
