<?xml version="1.0" encoding="UTF-8"?>
<!DOCTYPE nitf SYSTEM "http://www.nitf.org/IPTC/NITF/3.3/specification/dtd/nitf-3-3.dtd">
<nitf change.date="June 10, 2005" change.time="19:30" version="-//IPTC//DTD NITF 3.3//EN">
  <head>
    <title>TITAN CORP reports earnings for Qtr to March 31</title>
    <meta content="6" name="publication_day_of_month"/>
    <meta content="5" name="publication_month"/>
    <meta content="1987" name="publication_year"/>
    <meta content="Wednesday" name="publication_day_of_week"/>
    <meta content="Financial Desk" name="dsk"/>
    <meta content="6" name="print_page_number"/>
    <meta content="D" name="print_section"/>
    <meta content="5" name="print_column"/>
    <meta content="Business" name="online_sections"/>
    <docdata>
      <doc-id id-string="37777"/>
      <doc.copyright holder="The New York Times" year="1987"/>
      <identified-content>
        <classifier class="indexing_service" type="descriptor">COMPANY REPORTS</classifier>
        <classifier class="online_producer" type="types_of_material">Statistics</classifier>
        <classifier class="online_producer" type="taxonomic_classifier">Top/News/Business</classifier>
        <classifier class="online_producer" type="general_descriptor">Company Reports</classifier>
        <classifier class="online_producer" type="general_descriptor">Corporations</classifier>
      </identified-content>
    </docdata>
    <pubdata date.publication="19870506T000000" ex-ref="http://query.nytimes.com/gst/fullpage.html?res=9905E0D7133CF935A35756C0A961948260" item-length="101" name="The New York Times" unit-of-measure="word"/>
  </head>
  <body>
    <body.head>
      <hedline>
        <hl1>TITAN CORP reports earnings for Qtr to March 31</hl1>
      </hedline>
    </body.head>
    <body.content>
      <block class="lead_paragraph">
        <p>LEAD:</p>
        <p>*3*** COMPANY REPORTS **</p>
        <p>*3*TITAN CORP (NYSE)</p>
        <p>Qtr to March 31</p>
        <p>1987</p>
        <p>1986</p>
        <p>Revenue</p>
        <p>30,540,000</p>
        <p>28,844,000</p>
        <p>Net inc</p>
        <p>b1,346,000</p>
        <p>b2,147,000</p>
        <p>Share earns</p>
        <p>.08</p>
        <p>.15</p>
        <p>b-Includes a tax credit of $476,000 and $620,000 for the latest and year- ago periods, respectively, and the year-ago period also includes a loss from discontinued operations of $200,000.</p>
      </block>
      <block class="full_text">
        <p>LEAD:</p>
        <p>*3*** COMPANY REPORTS **</p>
        <p>*3*TITAN CORP (NYSE)</p>
        <p>Qtr to March 31</p>
        <p>1987</p>
        <p>1986</p>
        <p>Revenue</p>
        <p>30,540,000</p>
        <p>28,844,000</p>
        <p>Net inc</p>
        <p>b1,346,000</p>
        <p>b2,147,000</p>
        <p>Share earns</p>
        <p>.08</p>
        <p>.15</p>
        <p>b-Includes a tax credit of $476,000 and $620,000 for the latest and year- ago periods, respectively, and the year-ago period also includes a loss from discontinued operations of $200,000.</p>
        <p>*3*** COMPANY REPORTS **</p>
        <p>*3*TITAN CORP (NYSE)</p>
        <p>Qtr to March 31</p>
        <p>1987</p>
        <p>1986</p>
        <p>Revenue</p>
        <p>30,540,000</p>
        <p>28,844,000</p>
        <p>Net inc</p>
        <p>b1,346,000</p>
        <p>b2,147,000</p>
        <p>Share earns</p>
        <p>.08</p>
        <p>.15</p>
        <p>b-Includes a tax credit of $476,000 and $620,000 for the latest and year- ago periods, respectively, and the year-ago period also includes a loss from discontinued operations of $200,000.</p>
        <p>Year-earlier figures have been restated to include the operations of Pulse Sciences Inc., which merged with Titan in the first quarter of 1987. The merger was accounted for as a pooling of interests.</p>
      </block>
    </body.content>
  </body>
</nitf>
