<?xml version="1.0" encoding="UTF-8"?>
<!DOCTYPE nitf SYSTEM "http://www.nitf.org/IPTC/NITF/3.3/specification/dtd/nitf-3-3.dtd">
<nitf change.date="June 10, 2005" change.time="19:30" version="-//IPTC//DTD NITF 3.3//EN">
  <head>
    <title>MICKELBERRY CORP reports earnings for Qtr to March 31</title>
    <meta content="6" name="publication_day_of_month"/>
    <meta content="5" name="publication_month"/>
    <meta content="1987" name="publication_year"/>
    <meta content="Wednesday" name="publication_day_of_week"/>
    <meta content="Financial Desk" name="dsk"/>
    <meta content="6" name="print_page_number"/>
    <meta content="D" name="print_section"/>
    <meta content="5" name="print_column"/>
    <meta content="Business" name="online_sections"/>
    <docdata>
      <doc-id id-string="37557"/>
      <doc.copyright holder="The New York Times" year="1987"/>
      <identified-content>
        <classifier class="indexing_service" type="descriptor">COMPANY REPORTS</classifier>
        <classifier class="online_producer" type="types_of_material">Statistics</classifier>
        <classifier class="online_producer" type="taxonomic_classifier">Top/News/Business</classifier>
        <classifier class="online_producer" type="general_descriptor">Company Reports</classifier>
        <classifier class="online_producer" type="general_descriptor">Corporations</classifier>
      </identified-content>
    </docdata>
    <pubdata date.publication="19870506T000000" ex-ref="http://query.nytimes.com/gst/fullpage.html?res=9A05E0D7113BF935A35756C0A961948260" item-length="79" name="The New York Times" unit-of-measure="word"/>
  </head>
  <body>
    <body.head>
      <hedline>
        <hl1>MICKELBERRY CORP reports earnings for Qtr to March 31</hl1>
      </hedline>
    </body.head>
    <body.content>
      <block class="lead_paragraph">
        <p>LEAD:</p>
        <p>*3*** COMPANY REPORTS **</p>
        <p>*3*MICKELBERRY CORP (NYSE)</p>
        <p>Qtr to March 31</p>
        <p>1987</p>
        <p>1986</p>
        <p>Revenue</p>
        <p>24,592,000</p>
        <p>31,080,000</p>
        <p>Net inc</p>
        <p>3,105,000</p>
        <p>177,000</p>
        <p>Share earns</p>
        <p>.53</p>
        <p>.03</p>
        <p>The latest quarter pre-tax income includes a $4,849,000 gain, net of certain expenses, on the sale of the C&amp;W Group in December 1986.</p>
      </block>
      <block class="full_text">
        <p>LEAD:</p>
        <p>*3*** COMPANY REPORTS **</p>
        <p>*3*MICKELBERRY CORP (NYSE)</p>
        <p>Qtr to March 31</p>
        <p>1987</p>
        <p>1986</p>
        <p>Revenue</p>
        <p>24,592,000</p>
        <p>31,080,000</p>
        <p>Net inc</p>
        <p>3,105,000</p>
        <p>177,000</p>
        <p>Share earns</p>
        <p>.53</p>
        <p>.03</p>
        <p>The latest quarter pre-tax income includes a $4,849,000 gain, net of certain expenses, on the sale of the C&amp;W Group in December 1986.</p>
        <p>*3*** COMPANY REPORTS **</p>
        <p>*3*MICKELBERRY CORP (NYSE)</p>
        <p>Qtr to March 31</p>
        <p>1987</p>
        <p>1986</p>
        <p>Revenue</p>
        <p>24,592,000</p>
        <p>31,080,000</p>
        <p>Net inc</p>
        <p>3,105,000</p>
        <p>177,000</p>
        <p>Share earns</p>
        <p>.53</p>
        <p>.03</p>
        <p>The latest quarter pre-tax income includes a $4,849,000 gain, net of certain expenses, on the sale of the C&amp;W Group in December 1986.</p>
        <p>The year-ago first quarter includes $8,378,000 in revenue and a pre-tax loss of $147,000 attributable to the C&amp;W Group.</p>
      </block>
    </body.content>
  </body>
</nitf>
