<?xml version="1.0" encoding="UTF-8"?>
<!DOCTYPE nitf SYSTEM "http://www.nitf.org/IPTC/NITF/3.3/specification/dtd/nitf-3-3.dtd">
<nitf change.date="June 10, 2005" change.time="19:30" version="-//IPTC//DTD NITF 3.3//EN">
  <head>
    <title>Miami Herald Names Editor From Colorado</title>
    <meta content="12" name="publication_day_of_month"/>
    <meta content="2" name="publication_month"/>
    <meta content="1987" name="publication_year"/>
    <meta content="Thursday" name="publication_day_of_week"/>
    <meta content="National Desk" name="dsk"/>
    <meta content="18" name="print_page_number"/>
    <meta content="B" name="print_section"/>
    <meta content="4" name="print_column"/>
    <meta content="U.S." name="online_sections"/>
    <docdata>
      <doc-id id-string="12700"/>
      <doc.copyright holder="The New York Times" year="1987"/>
      <identified-content>
        <classifier class="indexing_service" type="descriptor">APPOINTMENTS AND EXECUTIVE CHANGES</classifier>
        <org class="indexing_service">MIAMI HERALD</org>
        <person class="indexing_service">CHUSMIR, JANET</person>
        <person class="indexing_service">MERIWETHER, HEATH</person>
        <classifier class="online_producer" type="taxonomic_classifier">Top/News/U.S.</classifier>
        <classifier class="online_producer" type="taxonomic_classifier">Top/News</classifier>
        <classifier class="online_producer" type="general_descriptor">Appointments and Executive Changes</classifier>
      </identified-content>
    </docdata>
    <pubdata date.publication="19870212T000000" ex-ref="http://query.nytimes.com/gst/fullpage.html?res=9B0DE5D8163AF931A25751C0A961948260" item-length="198" name="The New York Times" unit-of-measure="word"/>
  </head>
  <body>
    <body.head>
      <hedline>
        <hl1>Miami Herald Names Editor From Colorado</hl1>
      </hedline>
      <byline class="print_byline">AP</byline>
      <dateline>MIAMI, Feb. 12</dateline>
    </body.head>
    <body.content>
      <block class="lead_paragraph">
        <p>LEAD: Janet Chusmir, president and publisher of The Daily Camera in Boulder, Colo., will become executive editor of The Miami Herald in May, Richard G. Capen, the publisher of The Herald, said today.</p>
      </block>
      <block class="full_text">
        <p>LEAD: Janet Chusmir, president and publisher of The Daily Camera in Boulder, Colo., will become executive editor of The Miami Herald in May, Richard G. Capen, the publisher of The Herald, said today.</p>
        <p>Janet Chusmir, president and publisher of The Daily Camera in Boulder, Colo., will become executive editor of The Miami Herald in May, Richard G. Capen, the publisher of The Herald, said today.</p>
        <p>Mrs. Chusmir, 57 years old, will replace Heath Meriwether, 43, who has held the post since July 1983.</p>
        <p>Replacing Mrs. Chusmir as publisher in Boulder will be John L. Dotson Jr., director of night operations for Philadelphia Newspapers Inc., which publishes The Philadelphia Inquirer and The Philadelphia Daily News.</p>
        <p>All the newspapers involved are owned by Knight-Ridder Inc.</p>
        <p>Larry Jinks, Knight-Ridder's senior vice president for news and operations, said Mr. Meriwether will take on a significant assignment in another part of the country when he leaves Miami.</p>
        <p>Mrs. Chusmir was a member of the staff of The Miami Herald from 1968 to 1982. In that period she was a reporter, columnist, features editor, editor of the Living Today section and assignment managing editor for features.</p>
        <p>Mr. Dotson, 50, began his career as a reporter for The Newark Evening News. He joined Philadelphia Newspapers Inc. in 1983.</p>
        <p>Mr. Meriwether joined The Herald in 1970 as a general assignment reporter.</p>
      </block>
    </body.content>
  </body>
</nitf>
