<?xml version="1.0" encoding="UTF-8"?>
<!DOCTYPE nitf SYSTEM "http://www.nitf.org/IPTC/NITF/3.3/specification/dtd/nitf-3-3.dtd">
<nitf change.date="June 10, 2005" change.time="19:30" version="-//IPTC//DTD NITF 3.3//EN">
  <head>
    <title>FIRECOM INC reports earnings for Qtr to Oct 31</title>
    <meta content="26" name="publication_day_of_month"/>
    <meta content="12" name="publication_month"/>
    <meta content="1987" name="publication_year"/>
    <meta content="Saturday" name="publication_day_of_week"/>
    <meta content="Financial Desk" name="dsk"/>
    <meta content="32" name="print_page_number"/>
    <meta content="1" name="print_section"/>
    <meta content="1" name="print_column"/>
    <meta content="Business" name="online_sections"/>
    <docdata>
      <doc-id id-string="104692"/>
      <doc.copyright holder="The New York Times" year="1987"/>
      <identified-content>
        <classifier class="indexing_service" type="descriptor">COMPANY REPORTS</classifier>
        <classifier class="online_producer" type="types_of_material">Statistics</classifier>
        <classifier class="online_producer" type="taxonomic_classifier">Top/News/Business</classifier>
        <classifier class="online_producer" type="general_descriptor">Company Reports</classifier>
        <classifier class="online_producer" type="general_descriptor">Corporations</classifier>
      </identified-content>
    </docdata>
    <pubdata date.publication="19871226T000000" ex-ref="http://query.nytimes.com/gst/fullpage.html?res=9E04E0D7103BF935A15751C1A961948260" item-length="72" name="The New York Times" unit-of-measure="word"/>
  </head>
  <body>
    <body.head>
      <hedline>
        <hl1>FIRECOM INC reports earnings for Qtr to Oct 31</hl1>
      </hedline>
    </body.head>
    <body.content>
      <block class="lead_paragraph">
        <p>LEAD:</p>
        <p>*3*** COMPANY REPORTS **</p>
        <p>*3*FIRECOM INC</p>
        <p>Qtr to Oct 31</p>
        <p>1987</p>
        <p>1986</p>
        <p>Sales</p>
        <p>3,020,544</p>
        <p>3,544,502</p>
        <p>Net loss</p>
        <p>69,116</p>
        <p>b50,202</p>
        <p>Share earns</p>
        <p>-</p>
        <p>.01</p>
        <p>6mo sales</p>
        <p>6,113,029</p>
        <p>5,095,330</p>
        <p>Net loss</p>
        <p>36,746</p>
        <p>b70,705</p>
        <p>Share earns</p>
        <p>-</p>
        <p>.01</p>
        <p>b-Net income</p>
      </block>
      <block class="full_text">
        <p>LEAD:</p>
        <p>*3*** COMPANY REPORTS **</p>
        <p>*3*FIRECOM INC</p>
        <p>Qtr to Oct 31</p>
        <p>1987</p>
        <p>1986</p>
        <p>Sales</p>
        <p>3,020,544</p>
        <p>3,544,502</p>
        <p>Net loss</p>
        <p>69,116</p>
        <p>b50,202</p>
        <p>Share earns</p>
        <p>-</p>
        <p>.01</p>
        <p>6mo sales</p>
        <p>6,113,029</p>
        <p>5,095,330</p>
        <p>Net loss</p>
        <p>36,746</p>
        <p>b70,705</p>
        <p>Share earns</p>
        <p>-</p>
        <p>.01</p>
        <p>b-Net income</p>
        <p>*3*** COMPANY REPORTS **</p>
        <p>*3*FIRECOM INC</p>
        <p>Qtr to Oct 31</p>
        <p>1987</p>
        <p>1986</p>
        <p>Sales</p>
        <p>3,020,544</p>
        <p>3,544,502</p>
        <p>Net loss</p>
        <p>69,116</p>
        <p>b50,202</p>
        <p>Share earns</p>
        <p>-</p>
        <p>.01</p>
        <p>6mo sales</p>
        <p>6,113,029</p>
        <p>5,095,330</p>
        <p>Net loss</p>
        <p>36,746</p>
        <p>b70,705</p>
        <p>Share earns</p>
        <p>-</p>
        <p>.01</p>
        <p>b-Net income  The company said the latest 6-month sales increase resulted from the acquisition of Auth Co. during its year-ago second quarter.</p>
      </block>
    </body.content>
  </body>
</nitf>
