<?xml version="1.0" encoding="UTF-8"?>
<!DOCTYPE nitf SYSTEM "http://www.nitf.org/IPTC/NITF/3.3/specification/dtd/nitf-3-3.dtd">
<nitf change.date="June 10, 2005" change.time="19:30" version="-//IPTC//DTD NITF 3.3//EN">
  <head>
    <title>INTERNATIONAL TECHNOLOGY reports earnings for Qtr to March 31</title>
    <meta content="8" name="publication_day_of_month"/>
    <meta content="5" name="publication_month"/>
    <meta content="1987" name="publication_year"/>
    <meta content="Friday" name="publication_day_of_week"/>
    <meta content="Financial Desk" name="dsk"/>
    <meta content="16" name="print_page_number"/>
    <meta content="D" name="print_section"/>
    <meta content="3" name="print_column"/>
    <meta content="Business" name="online_sections"/>
    <docdata>
      <doc-id id-string="38325"/>
      <doc.copyright holder="The New York Times" year="1987"/>
      <identified-content>
        <classifier class="indexing_service" type="descriptor">COMPANY REPORTS</classifier>
        <classifier class="online_producer" type="types_of_material">Statistics</classifier>
        <classifier class="online_producer" type="taxonomic_classifier">Top/News/Business</classifier>
        <classifier class="online_producer" type="general_descriptor">Company Reports</classifier>
        <classifier class="online_producer" type="general_descriptor">Corporations</classifier>
      </identified-content>
    </docdata>
    <pubdata date.publication="19870508T000000" ex-ref="http://query.nytimes.com/gst/fullpage.html?res=9905E0D7123DF93BA35756C0A961948260" item-length="80" name="The New York Times" unit-of-measure="word"/>
  </head>
  <body>
    <body.head>
      <hedline>
        <hl1>INTERNATIONAL TECHNOLOGY reports earnings for Qtr to March 31</hl1>
      </hedline>
    </body.head>
    <body.content>
      <block class="lead_paragraph">
        <p>LEAD:</p>
        <p>*3*** COMPANY REPORTS **</p>
        <p>*3*INTERNATIONAL TECHNOLOGY (NYSE)</p>
        <p>Qtr to March 31</p>
        <p>1987</p>
        <p>19865</p>
        <p>Sales</p>
        <p>53,432,000</p>
        <p>59,677,000</p>
        <p>Net loss</p>
        <p>5,664,000</p>
        <p>b2,839,000</p>
        <p>Share earns</p>
        <p>-</p>
        <p>.10</p>
        <p>Yr sales</p>
        <p>237,121,000</p>
        <p>234,743,000</p>
        <p>Net inc</p>
        <p>7,965,000</p>
        <p>15,464,000</p>
        <p>Share earns</p>
        <p>.28</p>
        <p>.56</p>
      </block>
      <block class="full_text">
        <p>LEAD:</p>
        <p>*3*** COMPANY REPORTS **</p>
        <p>*3*INTERNATIONAL TECHNOLOGY (NYSE)</p>
        <p>Qtr to March 31</p>
        <p>1987</p>
        <p>19865</p>
        <p>Sales</p>
        <p>53,432,000</p>
        <p>59,677,000</p>
        <p>Net loss</p>
        <p>5,664,000</p>
        <p>b2,839,000</p>
        <p>Share earns</p>
        <p>-</p>
        <p>.10</p>
        <p>Yr sales</p>
        <p>237,121,000</p>
        <p>234,743,000</p>
        <p>Net inc</p>
        <p>7,965,000</p>
        <p>15,464,000</p>
        <p>Share earns</p>
        <p>.28</p>
        <p>.56</p>
        <p>*3*** COMPANY REPORTS **</p>
        <p>*3*INTERNATIONAL TECHNOLOGY (NYSE)</p>
        <p>Qtr to March 31</p>
        <p>1987</p>
        <p>19865</p>
        <p>Sales</p>
        <p>53,432,000</p>
        <p>59,677,000</p>
        <p>Net loss</p>
        <p>5,664,000</p>
        <p>b2,839,000</p>
        <p>Share earns</p>
        <p>-</p>
        <p>.10</p>
        <p>Yr sales</p>
        <p>237,121,000</p>
        <p>234,743,000</p>
        <p>Net inc</p>
        <p>7,965,000</p>
        <p>15,464,000</p>
        <p>Share earns</p>
        <p>.28</p>
        <p>.56</p>
        <p>b-Net income  Both year-ago periods were restated to reflect the acquisitions of PEI Associates Inc. in January 1987 and Delian Corp. in February 1987.</p>
      </block>
    </body.content>
  </body>
</nitf>
