<?xml version="1.0" encoding="UTF-8"?>
<!DOCTYPE nitf SYSTEM "http://www.nitf.org/IPTC/NITF/3.3/specification/dtd/nitf-3-3.dtd">
<nitf change.date="June 10, 2005" change.time="19:30" version="-//IPTC//DTD NITF 3.3//EN">
  <head>
    <title>Reagans Going to Funeral</title>
    <meta content="8" name="publication_day_of_month"/>
    <meta content="5" name="publication_month"/>
    <meta content="1987" name="publication_year"/>
    <meta content="Friday" name="publication_day_of_week"/>
    <meta content="National Desk" name="dsk"/>
    <meta content="25" name="print_page_number"/>
    <meta content="A" name="print_section"/>
    <meta content="4" name="print_column"/>
    <meta content="U.S." name="online_sections"/>
    <docdata>
      <doc-id id-string="38384"/>
      <doc.copyright holder="The New York Times" year="1987"/>
      <identified-content>
        <classifier class="indexing_service" type="descriptor">FUNERALS</classifier>
        <person class="indexing_service">CASEY, WILLIAM J</person>
        <person class="indexing_service">REAGAN, RONALD WILSON (PRES)</person>
        <person class="indexing_service">REAGAN, RONALD WILSON (MRS)</person>
        <classifier class="online_producer" type="taxonomic_classifier">Top/News/U.S.</classifier>
        <classifier class="online_producer" type="taxonomic_classifier">Top/News</classifier>
        <classifier class="online_producer" type="general_descriptor">Death and Dying</classifier>
      </identified-content>
    </docdata>
    <pubdata date.publication="19870508T000000" ex-ref="http://query.nytimes.com/gst/fullpage.html?res=9B0DE4DD1330F93BA35756C0A961948260" item-length="60" name="The New York Times" unit-of-measure="word"/>
  </head>
  <body>
    <body.head>
      <hedline>
        <hl1>Reagans Going to Funeral</hl1>
      </hedline>
      <byline class="print_byline">AP</byline>
      <dateline>WASHINGTON, May 7</dateline>
    </body.head>
    <body.content>
      <block class="lead_paragraph">
        <p>LEAD: President Reagan and his wife, Nancy, will travel to New York on Saturday to attend the funeral of William J. Casey, the White House announced Thursday. Mr. Casey, the former Director of Central Intelligence, who was a close friend of the President, died Wednesday at at Glen Cove Community Hospital on Long Island.</p>
      </block>
      <block class="full_text">
        <p>LEAD: President Reagan and his wife, Nancy, will travel to New York on Saturday to attend the funeral of William J. Casey, the White House announced Thursday. Mr. Casey, the former Director of Central Intelligence, who was a close friend of the President, died Wednesday at at Glen Cove Community Hospital on Long Island.</p>
        <p>President Reagan and his wife, Nancy, will travel to New York on Saturday to attend the funeral of William J. Casey, the White House announced Thursday. Mr. Casey, the former Director of Central Intelligence, who was a close friend of the President, died Wednesday at at Glen Cove Community Hospital on Long Island. The funeral will be at Roslyn Harbor.</p>
      </block>
    </body.content>
  </body>
</nitf>
