<?xml version="1.0" encoding="UTF-8"?>
<!DOCTYPE nitf SYSTEM "http://www.nitf.org/IPTC/NITF/3.3/specification/dtd/nitf-3-3.dtd">
<nitf change.date="June 10, 2005" change.time="19:30" version="-//IPTC//DTD NITF 3.3//EN">
  <head>
    <title>FIRST COMMERCIAL BANCORP reports earnings for Qtr to Sept 30</title>
    <meta content="10" name="publication_day_of_month"/>
    <meta content="10" name="publication_month"/>
    <meta content="1987" name="publication_year"/>
    <meta content="Saturday" name="publication_day_of_week"/>
    <meta content="Financial Desk" name="dsk"/>
    <meta content="46" name="print_page_number"/>
    <meta content="1" name="print_section"/>
    <meta content="4" name="print_column"/>
    <meta content="Business" name="online_sections"/>
    <docdata>
      <doc-id id-string="81386"/>
      <doc.copyright holder="The New York Times" year="1987"/>
      <identified-content>
        <classifier class="indexing_service" type="descriptor">COMPANY REPORTS</classifier>
        <classifier class="online_producer" type="types_of_material">Statistics</classifier>
        <classifier class="online_producer" type="taxonomic_classifier">Top/News/Business</classifier>
        <classifier class="online_producer" type="general_descriptor">Company Reports</classifier>
        <classifier class="online_producer" type="general_descriptor">Corporations</classifier>
      </identified-content>
    </docdata>
    <pubdata date.publication="19871010T000000" ex-ref="http://query.nytimes.com/gst/fullpage.html?res=9C04E0D7123DF933A25753C1A961948260" item-length="65" name="The New York Times" unit-of-measure="word"/>
  </head>
  <body>
    <body.head>
      <hedline>
        <hl1>FIRST COMMERCIAL BANCORP reports earnings for Qtr to Sept 30</hl1>
      </hedline>
    </body.head>
    <body.content>
      <block class="lead_paragraph">
        <p>LEAD:</p>
        <p>*3*** COMPANY REPORTS **</p>
        <p>*3*FIRST COMMERCIAL BANCORP (OTC)</p>
        <p>Qtr to Sept 30</p>
        <p>1987</p>
        <p>1986</p>
        <p>Net inc</p>
        <p>567,026</p>
        <p>69,180</p>
        <p>Per share</p>
        <p>.15</p>
        <p>.04</p>
        <p>9mo net inc</p>
        <p>929,039</p>
        <p>335,302</p>
        <p>Per share</p>
        <p>.36</p>
        <p>.19</p>
        <p>The company said in the latest third quarter, $210,000 was allocated to the bank's loan-loss reserves, compared with $105,000 for the third quarter of 1986.</p>
      </block>
      <block class="full_text">
        <p>LEAD:</p>
        <p>*3*** COMPANY REPORTS **</p>
        <p>*3*FIRST COMMERCIAL BANCORP (OTC)</p>
        <p>Qtr to Sept 30</p>
        <p>1987</p>
        <p>1986</p>
        <p>Net inc</p>
        <p>567,026</p>
        <p>69,180</p>
        <p>Per share</p>
        <p>.15</p>
        <p>.04</p>
        <p>9mo net inc</p>
        <p>929,039</p>
        <p>335,302</p>
        <p>Per share</p>
        <p>.36</p>
        <p>.19</p>
        <p>The company said in the latest third quarter, $210,000 was allocated to the bank's loan-loss reserves, compared with $105,000 for the third quarter of 1986.</p>
        <p>*3*** COMPANY REPORTS **</p>
        <p>*3*FIRST COMMERCIAL BANCORP (OTC)</p>
        <p>Qtr to Sept 30</p>
        <p>1987</p>
        <p>1986</p>
        <p>Net inc</p>
        <p>567,026</p>
        <p>69,180</p>
        <p>Per share</p>
        <p>.15</p>
        <p>.04</p>
        <p>9mo net inc</p>
        <p>929,039</p>
        <p>335,302</p>
        <p>Per share</p>
        <p>.36</p>
        <p>.19</p>
        <p>The company said in the latest third quarter, $210,000 was allocated to the bank's loan-loss reserves, compared with $105,000 for the third quarter of 1986.</p>
      </block>
    </body.content>
  </body>
</nitf>
