<?xml version="1.0" encoding="UTF-8"?>
<!DOCTYPE nitf SYSTEM "http://www.nitf.org/IPTC/NITF/3.3/specification/dtd/nitf-3-3.dtd">
<nitf change.date="June 10, 2005" change.time="19:30" version="-//IPTC//DTD NITF 3.3//EN">
  <head>
    <title>EQUION CORP reports earnings for Qtr to Jan 31</title>
    <meta content="18" name="publication_day_of_month"/>
    <meta content="3" name="publication_month"/>
    <meta content="1987" name="publication_year"/>
    <meta content="Wednesday" name="publication_day_of_week"/>
    <meta content="Financial Desk" name="dsk"/>
    <meta content="6" name="print_page_number"/>
    <meta content="D" name="print_section"/>
    <meta content="4" name="print_column"/>
    <meta content="Business" name="online_sections"/>
    <docdata>
      <doc-id id-string="22545"/>
      <doc.copyright holder="The New York Times" year="1987"/>
      <identified-content>
        <classifier class="indexing_service" type="descriptor">COMPANY REPORTS</classifier>
        <classifier class="online_producer" type="types_of_material">Statistics</classifier>
        <classifier class="online_producer" type="taxonomic_classifier">Top/News/Business</classifier>
        <classifier class="online_producer" type="general_descriptor">Company Reports</classifier>
        <classifier class="online_producer" type="general_descriptor">Corporations</classifier>
      </identified-content>
    </docdata>
    <pubdata date.publication="19870318T000000" ex-ref="http://query.nytimes.com/gst/fullpage.html?res=9F05E0D71038F93BA25750C0A961948260" item-length="171" name="The New York Times" unit-of-measure="word"/>
  </head>
  <body>
    <body.head>
      <hedline>
        <hl1>EQUION CORP reports earnings for Qtr to Jan 31</hl1>
      </hedline>
    </body.head>
    <body.content>
      <block class="lead_paragraph">
        <p>LEAD:</p>
        <p>*3*** COMPANY REPORTS **</p>
        <p>*3*EQUION CORP (OTC)</p>
        <p>Qtr to Jan 31</p>
        <p>1987</p>
        <p>1986</p>
        <p>Sales</p>
        <p>19,047,419</p>
        <p>17,095,345</p>
        <p>Net inc</p>
        <p>b1,849,827</p>
        <p>c1,829,371</p>
        <p>Share earns</p>
        <p>.36</p>
        <p>.34</p>
        <p>Shares outst</p>
        <p>5,093,351</p>
        <p>5,435,087</p>
        <p>6mo sales</p>
        <p>33,649,409</p>
        <p>29,229,307</p>
        <p>Net inc</p>
        <p>b2,639,133</p>
        <p>c4,634,941</p>
        <p>Share earns</p>
        <p>.51</p>
        <p>.86</p>
        <p>Shares outst</p>
        <p>5,151,890</p>
        <p>5,406,304</p>
      </block>
      <block class="full_text">
        <p>LEAD:</p>
        <p>*3*** COMPANY REPORTS **</p>
        <p>*3*EQUION CORP (OTC)</p>
        <p>Qtr to Jan 31</p>
        <p>1987</p>
        <p>1986</p>
        <p>Sales</p>
        <p>19,047,419</p>
        <p>17,095,345</p>
        <p>Net inc</p>
        <p>b1,849,827</p>
        <p>c1,829,371</p>
        <p>Share earns</p>
        <p>.36</p>
        <p>.34</p>
        <p>Shares outst</p>
        <p>5,093,351</p>
        <p>5,435,087</p>
        <p>6mo sales</p>
        <p>33,649,409</p>
        <p>29,229,307</p>
        <p>Net inc</p>
        <p>b2,639,133</p>
        <p>c4,634,941</p>
        <p>Share earns</p>
        <p>.51</p>
        <p>.86</p>
        <p>Shares outst</p>
        <p>5,151,890</p>
        <p>5,406,304</p>
        <p>*3*** COMPANY REPORTS **</p>
        <p>*3*EQUION CORP (OTC)</p>
        <p>Qtr to Jan 31</p>
        <p>1987</p>
        <p>1986</p>
        <p>Sales</p>
        <p>19,047,419</p>
        <p>17,095,345</p>
        <p>Net inc</p>
        <p>b1,849,827</p>
        <p>c1,829,371</p>
        <p>Share earns</p>
        <p>.36</p>
        <p>.34</p>
        <p>Shares outst</p>
        <p>5,093,351</p>
        <p>5,435,087</p>
        <p>6mo sales</p>
        <p>33,649,409</p>
        <p>29,229,307</p>
        <p>Net inc</p>
        <p>b2,639,133</p>
        <p>c4,634,941</p>
        <p>Share earns</p>
        <p>.51</p>
        <p>.86</p>
        <p>Shares outst</p>
        <p>5,151,890</p>
        <p>5,406,304</p>
        <p>b-Includes tax credits of $897,925 for the quarter and $1,306,860 for the 6 months.</p>
        <p>c-Includes tax credits of $841,511 and $2,132,073 for the quarter and 6 months, respectively; and the 6-month also includes a gain of $621,763 from the cumulative effect of an accounting change.</p>
        <p>The company said latest quarter and 6 months results reflect the operations of Tramco Manufacturing Corp. since its acquisition Dec. 8, 1986.</p>
        <p>The company said year-ago quarter and 6 months results reflect a change in accounting principle effective Aug. 1, 1985, and include the operations of Haydem Inc. since its acquisition Oct. 23, 1985.</p>
      </block>
    </body.content>
  </body>
</nitf>
