<?xml version="1.0" encoding="UTF-8"?>
<!DOCTYPE nitf SYSTEM "http://www.nitf.org/IPTC/NITF/3.3/specification/dtd/nitf-3-3.dtd">
<nitf change.date="June 10, 2005" change.time="19:30" version="-//IPTC//DTD NITF 3.3//EN">
  <head>
    <title>KEY RATES</title>
    <meta content="3" name="publication_day_of_month"/>
    <meta content="6" name="publication_month"/>
    <meta content="1987" name="publication_year"/>
    <meta content="Wednesday" name="publication_day_of_week"/>
    <meta content="Financial Desk" name="dsk"/>
    <meta content="15" name="print_page_number"/>
    <meta content="D" name="print_section"/>
    <meta content="2" name="print_column"/>
    <meta content="Business" name="online_sections"/>
    <docdata>
      <doc-id id-string="45998"/>
      <doc.copyright holder="The New York Times" year="1987"/>
      <identified-content>
        <classifier class="indexing_service" type="descriptor">KEY RATES (NYT COLUMN)</classifier>
        <classifier class="online_producer" type="types_of_material">Statistics</classifier>
        <classifier class="online_producer" type="taxonomic_classifier">Top/News/Business</classifier>
        <classifier class="online_producer" type="general_descriptor">Finances</classifier>
      </identified-content>
    </docdata>
    <pubdata date.publication="19870603T000000" ex-ref="http://query.nytimes.com/gst/fullpage.html?res=9B0DE4D71F39F930A35755C0A961948260" item-length="84" name="The New York Times" unit-of-measure="word"/>
  </head>
  <body>
    <body.head>
      <hedline>
        <hl1>KEY RATES</hl1>
      </hedline>
    </body.head>
    <body.content>
      <block class="lead_paragraph">
        <p>LEAD:</p>
        <p>Previous</p>
        <p>Year</p>
        <p>In percent</p>
        <p>Yesterday</p>
        <p>Day</p>
        <p>Ago</p>
        <p>PRIME RATE</p>
        <p>8.25</p>
        <p>8.25</p>
        <p>8.50</p>
        <p>DISCOUNT RATE</p>
        <p>5.50</p>
        <p>5.50</p>
        <p>6.50</p>
        <p>FEDERAL FUNDS</p>
        <p>6.56</p>
        <p>6.72</p>
        <p>7.10</p>
        <p>3-MO. TREAS. BILLS</p>
        <p>5.76</p>
        <p>5.71</p>
        <p>6.40</p>
        <p>6-MO. TREAS. BILLS</p>
        <p>6.17</p>
        <p>6.15</p>
        <p>6.46</p>
        <p>7-YR. TREAS. NOTES</p>
        <p>8.61</p>
        <p>8.27</p>
        <p>8.12</p>
        <p>30-YR.</p>
      </block>
      <block class="full_text">
        <p>LEAD:</p>
        <p>Previous</p>
        <p>Year</p>
        <p>In percent</p>
        <p>Yesterday</p>
        <p>Day</p>
        <p>Ago</p>
        <p>PRIME RATE</p>
        <p>8.25</p>
        <p>8.25</p>
        <p>8.50</p>
        <p>DISCOUNT RATE</p>
        <p>5.50</p>
        <p>5.50</p>
        <p>6.50</p>
        <p>FEDERAL FUNDS</p>
        <p>6.56</p>
        <p>6.72</p>
        <p>7.10</p>
        <p>3-MO. TREAS. BILLS</p>
        <p>5.76</p>
        <p>5.71</p>
        <p>6.40</p>
        <p>6-MO. TREAS. BILLS</p>
        <p>6.17</p>
        <p>6.15</p>
        <p>6.46</p>
        <p>7-YR. TREAS. NOTES</p>
        <p>8.61</p>
        <p>8.27</p>
        <p>8.12</p>
        <p>30-YR.</p>
        <p>Previous</p>
        <p>Year</p>
        <p>In percent</p>
        <p>Yesterday</p>
        <p>Day</p>
        <p>Ago</p>
        <p>PRIME RATE</p>
        <p>8.25</p>
        <p>8.25</p>
        <p>8.50</p>
        <p>DISCOUNT RATE</p>
        <p>5.50</p>
        <p>5.50</p>
        <p>6.50</p>
        <p>FEDERAL FUNDS</p>
        <p>6.56</p>
        <p>6.72</p>
        <p>7.10</p>
        <p>3-MO. TREAS. BILLS</p>
        <p>5.76</p>
        <p>5.71</p>
        <p>6.40</p>
        <p>6-MO. TREAS. BILLS</p>
        <p>6.17</p>
        <p>6.15</p>
        <p>6.46</p>
        <p>7-YR. TREAS. NOTES</p>
        <p>8.61</p>
        <p>8.27</p>
        <p>8.12</p>
        <p>30-YR. TREAS. BONDS</p>
        <p>8.93</p>
        <p>8.61</p>
        <p>7.79</p>
        <p>TELEPHONE BONDS</p>
        <p>9.94</p>
        <p>9.69</p>
        <p>9.40</p>
        <p>MUNICIPAL BONDS*</p>
        <p>8.39</p>
        <p>8.20</p>
        <p>8.13</p>
        <p>*Municipal Bond Index, The Bond Buyer  Salomon Brothers estimates for belwether issues.</p>
      </block>
    </body.content>
  </body>
</nitf>
