<?xml version="1.0" encoding="UTF-8"?>
<!DOCTYPE nitf SYSTEM "http://www.nitf.org/IPTC/NITF/3.3/specification/dtd/nitf-3-3.dtd">
<nitf change.date="June 10, 2005" change.time="19:30" version="-//IPTC//DTD NITF 3.3//EN">
  <head>
    <title>CENTURY PAPERS INC reports earnings for Qtr to March 31</title>
    <meta content="3" name="publication_day_of_month"/>
    <meta content="6" name="publication_month"/>
    <meta content="1987" name="publication_year"/>
    <meta content="Wednesday" name="publication_day_of_week"/>
    <meta content="Financial Desk" name="dsk"/>
    <meta content="5" name="print_page_number"/>
    <meta content="D" name="print_section"/>
    <meta content="1" name="print_column"/>
    <meta content="Business" name="online_sections"/>
    <docdata>
      <doc-id id-string="46010"/>
      <doc.copyright holder="The New York Times" year="1987"/>
      <identified-content>
        <classifier class="indexing_service" type="descriptor">COMPANY REPORTS</classifier>
        <classifier class="online_producer" type="types_of_material">Statistics</classifier>
        <classifier class="online_producer" type="taxonomic_classifier">Top/News/Business</classifier>
        <classifier class="online_producer" type="general_descriptor">Company Reports</classifier>
        <classifier class="online_producer" type="general_descriptor">Corporations</classifier>
      </identified-content>
    </docdata>
    <pubdata date.publication="19870603T000000" ex-ref="http://query.nytimes.com/gst/fullpage.html?res=9A05E0D71538F930A35755C0A961948260" item-length="52" name="The New York Times" unit-of-measure="word"/>
  </head>
  <body>
    <body.head>
      <hedline>
        <hl1>CENTURY PAPERS INC reports earnings for Qtr to March 31</hl1>
      </hedline>
    </body.head>
    <body.content>
      <block class="lead_paragraph">
        <p>LEAD:</p>
        <p>*3*** COMPANY REPORTS **</p>
        <p>*3*CENTURY PAPERS INC</p>
        <p>Qtr to March 31</p>
        <p>1987</p>
        <p>1986</p>
        <p>Sales</p>
        <p>29,908,000</p>
        <p>28,922,000</p>
        <p>Net inc</p>
        <p>247,000</p>
        <p>b97,000</p>
        <p>Share earns</p>
        <p>.22</p>
        <p>-</p>
        <p>Yr sales</p>
        <p>122,987,000</p>
        <p>122,424,000</p>
        <p>Net inc</p>
        <p>1,042,000</p>
        <p>507,000</p>
        <p>Share earns</p>
        <p>.93</p>
        <p>.45</p>
        <p>b</p>
      </block>
      <block class="full_text">
        <p>LEAD:</p>
        <p>*3*** COMPANY REPORTS **</p>
        <p>*3*CENTURY PAPERS INC</p>
        <p>Qtr to March 31</p>
        <p>1987</p>
        <p>1986</p>
        <p>Sales</p>
        <p>29,908,000</p>
        <p>28,922,000</p>
        <p>Net inc</p>
        <p>247,000</p>
        <p>b97,000</p>
        <p>Share earns</p>
        <p>.22</p>
        <p>-</p>
        <p>Yr sales</p>
        <p>122,987,000</p>
        <p>122,424,000</p>
        <p>Net inc</p>
        <p>1,042,000</p>
        <p>507,000</p>
        <p>Share earns</p>
        <p>.93</p>
        <p>.45</p>
        <p>b</p>
        <p>*3*** COMPANY REPORTS **</p>
        <p>*3*CENTURY PAPERS INC</p>
        <p>Qtr to March 31</p>
        <p>1987</p>
        <p>1986</p>
        <p>Sales</p>
        <p>29,908,000</p>
        <p>28,922,000</p>
        <p>Net inc</p>
        <p>247,000</p>
        <p>b97,000</p>
        <p>Share earns</p>
        <p>.22</p>
        <p>-</p>
        <p>Yr sales</p>
        <p>122,987,000</p>
        <p>122,424,000</p>
        <p>Net inc</p>
        <p>1,042,000</p>
        <p>507,000</p>
        <p>Share earns</p>
        <p>.93</p>
        <p>.45</p>
        <p>b-Net loss</p>
      </block>
    </body.content>
  </body>
</nitf>
