<?xml version="1.0" encoding="UTF-8"?>
<!DOCTYPE nitf SYSTEM "http://www.nitf.org/IPTC/NITF/3.3/specification/dtd/nitf-3-3.dtd">
<nitf change.date="June 10, 2005" change.time="19:30" version="-//IPTC//DTD NITF 3.3//EN">
  <head>
    <title>TEXAS AMERICAN ENERGY CORP reports earnings for Qtr to March 31</title>
    <meta content="3" name="publication_day_of_month"/>
    <meta content="6" name="publication_month"/>
    <meta content="1987" name="publication_year"/>
    <meta content="Wednesday" name="publication_day_of_week"/>
    <meta content="Financial Desk" name="dsk"/>
    <meta content="5" name="print_page_number"/>
    <meta content="D" name="print_section"/>
    <meta content="1" name="print_column"/>
    <meta content="Business" name="online_sections"/>
    <docdata>
      <doc-id id-string="46066"/>
      <doc.copyright holder="The New York Times" year="1987"/>
      <identified-content>
        <classifier class="indexing_service" type="descriptor">COMPANY REPORTS</classifier>
        <classifier class="online_producer" type="types_of_material">Statistics</classifier>
        <classifier class="online_producer" type="taxonomic_classifier">Top/News/Business</classifier>
        <classifier class="online_producer" type="general_descriptor">Company Reports</classifier>
        <classifier class="online_producer" type="general_descriptor">Corporations</classifier>
      </identified-content>
    </docdata>
    <pubdata date.publication="19870603T000000" ex-ref="http://query.nytimes.com/gst/fullpage.html?res=9A05E0D7143FF930A35755C0A961948260" item-length="43" name="The New York Times" unit-of-measure="word"/>
  </head>
  <body>
    <body.head>
      <hedline>
        <hl1>TEXAS AMERICAN ENERGY CORP reports earnings for Qtr to March 31</hl1>
      </hedline>
    </body.head>
    <body.content>
      <block class="lead_paragraph">
        <p>LEAD:</p>
        <p>*3*** COMPANY REPORTS **</p>
        <p>*3*TEXAS AMERICAN ENERGY CORP (AMEX)</p>
        <p>Qtr to March 31</p>
        <p>1987</p>
        <p>1986</p>
        <p>Revenue</p>
        <p>41,661,000</p>
        <p>51,533,000</p>
        <p>Net inc</p>
        <p>3,445,000</p>
        <p>2,326,000</p>
        <p>Share earns</p>
        <p>.42</p>
        <p>.22</p>
        <p>Shares outst</p>
        <p>7,052,000</p>
        <p>8,315,000</p>
      </block>
      <block class="full_text">
        <p>LEAD:</p>
        <p>*3*** COMPANY REPORTS **</p>
        <p>*3*TEXAS AMERICAN ENERGY CORP (AMEX)</p>
        <p>Qtr to March 31</p>
        <p>1987</p>
        <p>1986</p>
        <p>Revenue</p>
        <p>41,661,000</p>
        <p>51,533,000</p>
        <p>Net inc</p>
        <p>3,445,000</p>
        <p>2,326,000</p>
        <p>Share earns</p>
        <p>.42</p>
        <p>.22</p>
        <p>Shares outst</p>
        <p>7,052,000</p>
        <p>8,315,000</p>
        <p>*3*** COMPANY REPORTS **</p>
        <p>*3*TEXAS AMERICAN ENERGY CORP (AMEX)</p>
        <p>Qtr to March 31</p>
        <p>1987</p>
        <p>1986</p>
        <p>Revenue</p>
        <p>41,661,000</p>
        <p>51,533,000</p>
        <p>Net inc</p>
        <p>3,445,000</p>
        <p>2,326,000</p>
        <p>Share earns</p>
        <p>.42</p>
        <p>.22</p>
        <p>Shares outst</p>
        <p>7,052,000</p>
        <p>8,315,000</p>
      </block>
    </body.content>
  </body>
</nitf>
