<?xml version="1.0" encoding="UTF-8"?>
<!DOCTYPE nitf SYSTEM "http://www.nitf.org/IPTC/NITF/3.3/specification/dtd/nitf-3-3.dtd">
<nitf change.date="June 10, 2005" change.time="19:30" version="-//IPTC//DTD NITF 3.3//EN">
  <head>
    <title>INSIDE</title>
    <meta content="30" name="publication_day_of_month"/>
    <meta content="1" name="publication_month"/>
    <meta content="1987" name="publication_year"/>
    <meta content="Friday" name="publication_day_of_week"/>
    <meta content="Metropolitan Desk" name="dsk"/>
    <meta content="1" name="print_page_number"/>
    <meta content="A" name="print_section"/>
    <meta content="1" name="print_column"/>
    <meta content="Front Page; New York and Region" name="online_sections"/>
    <docdata>
      <doc-id id-string="8650"/>
      <doc.copyright holder="The New York Times" year="1987"/>
      <identified-content>
        <classifier class="indexing_service" type="descriptor">Terms not available</classifier>
        <classifier class="online_producer" type="taxonomic_classifier">Top/News/New York and Region</classifier>
        <classifier class="online_producer" type="taxonomic_classifier">Top/News/Front Page</classifier>
      </identified-content>
    </docdata>
    <pubdata date.publication="19870130T000000" ex-ref="http://query.nytimes.com/gst/fullpage.html?res=9B0DE1D61F30F933A05752C0A961948260" item-length="57" name="The New York Times" unit-of-measure="word"/>
  </head>
  <body>
    <body.head>
      <hedline>
        <hl1>INSIDE</hl1>
      </hedline>
    </body.head>
    <body.content>
      <block class="lead_paragraph">
        <p>LEAD: Impellitteri Dies at 86  Vincent R. Impellitteri, Mayor of New York from 1950 to 1953, died in a Bridgeport, Conn., hospital. He was 86 years old. Page B8.  2 Airlines Slash Fares  Continental and Eastern said they would cut discount domestic fares as much as 40 percent but would make the tickets nonrefundable.</p>
      </block>
      <block class="full_text">
        <p>LEAD: Impellitteri Dies at 86  Vincent R. Impellitteri, Mayor of New York from 1950 to 1953, died in a Bridgeport, Conn., hospital. He was 86 years old. Page B8.  2 Airlines Slash Fares  Continental and Eastern said they would cut discount domestic fares as much as 40 percent but would make the tickets nonrefundable.</p>
        <p>Impellitteri Dies at 86  Vincent R. Impellitteri, Mayor of New York from 1950 to 1953, died in a Bridgeport, Conn., hospital. He was 86 years old. Page B8.  2 Airlines Slash Fares  Continental and Eastern said they would cut discount domestic fares as much as 40 percent but would make the tickets nonrefundable. Page A16.</p>
      </block>
    </body.content>
  </body>
</nitf>
