<?xml version="1.0" encoding="UTF-8"?>
<!DOCTYPE nitf SYSTEM "http://www.nitf.org/IPTC/NITF/3.3/specification/dtd/nitf-3-3.dtd">
<nitf change.date="June 10, 2005" change.time="19:30" version="-//IPTC//DTD NITF 3.3//EN">
  <head>
    <title>OSHKOSH TRUCK reports earnings for Qtr to Sept 30</title>
    <meta content="21" name="publication_day_of_month"/>
    <meta content="11" name="publication_month"/>
    <meta content="1987" name="publication_year"/>
    <meta content="Saturday" name="publication_day_of_week"/>
    <meta content="Financial Desk" name="dsk"/>
    <meta content="47" name="print_page_number"/>
    <meta content="1" name="print_section"/>
    <meta content="1" name="print_column"/>
    <meta content="Business" name="online_sections"/>
    <docdata>
      <doc-id id-string="94928"/>
      <doc.copyright holder="The New York Times" year="1987"/>
      <identified-content>
        <classifier class="indexing_service" type="descriptor">COMPANY REPORTS</classifier>
        <classifier class="online_producer" type="types_of_material">Statistics</classifier>
        <classifier class="online_producer" type="taxonomic_classifier">Top/News/Business</classifier>
        <classifier class="online_producer" type="general_descriptor">Company Reports</classifier>
        <classifier class="online_producer" type="general_descriptor">Corporations</classifier>
      </identified-content>
    </docdata>
    <pubdata date.publication="19871121T000000" ex-ref="http://query.nytimes.com/gst/fullpage.html?res=9D04E0D7133DF932A15752C1A961948260" item-length="129" name="The New York Times" unit-of-measure="word"/>
  </head>
  <body>
    <body.head>
      <hedline>
        <hl1>OSHKOSH TRUCK reports earnings for Qtr to Sept 30</hl1>
      </hedline>
    </body.head>
    <body.content>
      <block class="lead_paragraph">
        <p>LEAD:</p>
        <p>*3*** COMPANY REPORTS **</p>
        <p>*3*OSHKOSH TRUCK (OTC)</p>
        <p>Qtr to Sept 30</p>
        <p>1987</p>
        <p>1986</p>
        <p>Revenue</p>
        <p>104,004,000</p>
        <p>106,268,000</p>
        <p>Net inc</p>
        <p>5,176,000</p>
        <p>7,496,000</p>
        <p>Share earns</p>
        <p>.58</p>
        <p>.84</p>
        <p>Yr rev</p>
        <p>403,901,000</p>
        <p>399,844,000</p>
        <p>Net inc</p>
        <p>25,811,000</p>
        <p>24,824,000</p>
        <p>Share earns</p>
        <p>2.87</p>
        <p>2.76</p>
      </block>
      <block class="full_text">
        <p>LEAD:</p>
        <p>*3*** COMPANY REPORTS **</p>
        <p>*3*OSHKOSH TRUCK (OTC)</p>
        <p>Qtr to Sept 30</p>
        <p>1987</p>
        <p>1986</p>
        <p>Revenue</p>
        <p>104,004,000</p>
        <p>106,268,000</p>
        <p>Net inc</p>
        <p>5,176,000</p>
        <p>7,496,000</p>
        <p>Share earns</p>
        <p>.58</p>
        <p>.84</p>
        <p>Yr rev</p>
        <p>403,901,000</p>
        <p>399,844,000</p>
        <p>Net inc</p>
        <p>25,811,000</p>
        <p>24,824,000</p>
        <p>Share earns</p>
        <p>2.87</p>
        <p>2.76</p>
        <p>*3*** COMPANY REPORTS **</p>
        <p>*3*OSHKOSH TRUCK (OTC)</p>
        <p>Qtr to Sept 30</p>
        <p>1987</p>
        <p>1986</p>
        <p>Revenue</p>
        <p>104,004,000</p>
        <p>106,268,000</p>
        <p>Net inc</p>
        <p>5,176,000</p>
        <p>7,496,000</p>
        <p>Share earns</p>
        <p>.58</p>
        <p>.84</p>
        <p>Yr rev</p>
        <p>403,901,000</p>
        <p>399,844,000</p>
        <p>Net inc</p>
        <p>25,811,000</p>
        <p>24,824,000</p>
        <p>Share earns</p>
        <p>2.87</p>
        <p>2.76</p>
        <p>Revenue represents shipments.</p>
        <p>The company said the major cause of the decrease in fourth-quarter earnings was a one-time adjustment of 20 cents a share for undercosting of shipments.</p>
        <p>The latest fourth quarter also included a warranty expense of five cents per share against a recently concluded Air Force contract.</p>
        <p>The company said the year-ago fourth quarter net was helped by a decrease of six cents a share in the LIFO inventory reserve.</p>
      </block>
    </body.content>
  </body>
</nitf>
