<?xml version="1.0" encoding="UTF-8"?>
<!DOCTYPE nitf SYSTEM "http://www.nitf.org/IPTC/NITF/3.3/specification/dtd/nitf-3-3.dtd">
<nitf change.date="June 10, 2005" change.time="19:30" version="-//IPTC//DTD NITF 3.3//EN">
  <head>
    <title>PPG Profits Rise 25.6%</title>
    <meta content="16" name="publication_day_of_month"/>
    <meta content="4" name="publication_month"/>
    <meta content="1987" name="publication_year"/>
    <meta content="Thursday" name="publication_day_of_week"/>
    <meta content="Financial Desk" name="dsk"/>
    <meta content="9" name="print_page_number"/>
    <meta content="D" name="print_section"/>
    <meta content="3" name="print_column"/>
    <meta content="Business" name="online_sections"/>
    <docdata>
      <doc-id id-string="30753"/>
      <doc.copyright holder="The New York Times" year="1987"/>
      <identified-content>
        <classifier class="indexing_service" type="descriptor">COMPANY REPORTS</classifier>
        <org class="indexing_service">PPG INDUSTRIES INC</org>
        <classifier class="online_producer" type="taxonomic_classifier">Top/News/Business</classifier>
        <classifier class="online_producer" type="general_descriptor">Company Reports</classifier>
        <classifier class="online_producer" type="general_descriptor">Corporations</classifier>
      </identified-content>
    </docdata>
    <pubdata date.publication="19870416T000000" ex-ref="http://query.nytimes.com/gst/fullpage.html?res=9B0DE1DE1730F935A25757C0A961948260" item-length="63" name="The New York Times" unit-of-measure="word"/>
  </head>
  <body>
    <body.head>
      <hedline>
        <hl1>PPG Profits Rise 25.6%</hl1>
      </hedline>
      <byline class="print_byline">APAP</byline>
      <dateline>PITTSBURGH, April 15 PITTSBURGH, April 15</dateline>
    </body.head>
    <body.content>
      <block class="lead_paragraph">
        <p>LEAD: PPG Industries said its first-quarter earnings rose 25.6 percent, to $86.9 $69.2 million, or 59 cents a share, in the first quarter of 1986. It cited a modestly larger market share, acquisitions and currency transactions. The Pittsburgh-based manufacturer said sales for the three months ended March 31 totaled $1.26 billion, up 10.5 percent from $1.14 billion a year ago.</p>
      </block>
      <block class="full_text">
        <p>LEAD: PPG Industries said its first-quarter earnings rose 25.6 percent, to $86.9 $69.2 million, or 59 cents a share, in the first quarter of 1986. It cited a modestly larger market share, acquisitions and currency transactions. The Pittsburgh-based manufacturer said sales for the three months ended March 31 totaled $1.26 billion, up 10.5 percent from $1.14 billion a year ago.</p>
        <p>PPG Industries said its first-quarter earnings rose 25.6 percent, to $86.9 $69.2 million, or 59 cents a share, in the first quarter of 1986. It cited a modestly larger market share, acquisitions and currency transactions. The Pittsburgh-based manufacturer said sales for the three months ended March 31 totaled $1.26 billion, up 10.5 percent from $1.14 billion a year ago.</p>
      </block>
    </body.content>
  </body>
</nitf>
