<?xml version="1.0" encoding="UTF-8"?>
<!DOCTYPE nitf SYSTEM "http://www.nitf.org/IPTC/NITF/3.3/specification/dtd/nitf-3-3.dtd">
<nitf change.date="June 10, 2005" change.time="19:30" version="-//IPTC//DTD NITF 3.3//EN">
  <head>
    <title>GREAT ATLANTIC &amp; PACIFIC TEA CO OF AMERICA (A&amp;P) (N) reports earnings for Qtr to Feb 28</title>
    <meta content="16" name="publication_day_of_month"/>
    <meta content="4" name="publication_month"/>
    <meta content="1987" name="publication_year"/>
    <meta content="Thursday" name="publication_day_of_week"/>
    <meta content="Financial Desk" name="dsk"/>
    <meta content="9" name="print_page_number"/>
    <meta content="D" name="print_section"/>
    <meta content="1" name="print_column"/>
    <meta content="Business" name="online_sections"/>
    <docdata>
      <doc-id id-string="30530"/>
      <doc.copyright holder="The New York Times" year="1987"/>
      <identified-content>
        <classifier class="indexing_service" type="descriptor">COMPANY REPORTS</classifier>
        <classifier class="online_producer" type="types_of_material">Statistics</classifier>
        <classifier class="online_producer" type="taxonomic_classifier">Top/News/Business</classifier>
        <classifier class="online_producer" type="general_descriptor">Company Reports</classifier>
        <classifier class="online_producer" type="general_descriptor">Corporations</classifier>
      </identified-content>
    </docdata>
    <pubdata date.publication="19870416T000000" ex-ref="http://query.nytimes.com/gst/fullpage.html?res=9805E0D7113FF935A25757C0A961948260" item-length="85" name="The New York Times" unit-of-measure="word"/>
  </head>
  <body>
    <body.head>
      <hedline>
        <hl1>GREAT ATLANTIC &amp; PACIFIC TEA CO OF AMERICA (A&amp;P) (N) reports earnings for Qtr to Feb 28</hl1>
      </hedline>
    </body.head>
    <body.content>
      <block class="lead_paragraph">
        <p>LEAD:</p>
        <p>*3*** COMPANY REPORTS **</p>
        <p>*3*GREAT ATLANTIC &amp; PACIFIC TEA CO OF AMERICA (A&amp;P) (N)</p>
        <p>Qtr to Feb 28</p>
        <p>1987</p>
        <p>1986</p>
        <p>Sales</p>
        <p>2,343,703,000</p>
        <p>1,580,713,000</p>
        <p>Net inc</p>
        <p>20,699,000</p>
        <p>c18,868,000</p>
        <p>Share earns</p>
        <p>.55</p>
        <p>.50</p>
        <p>Yr sales</p>
        <p>7,834,859,000</p>
        <p>6,615,422,000</p>
        <p>Net inc</p>
        <p>b95,010,000</p>
        <p>c88,290,000</p>
        <p>Share earns</p>
        <p>2.50</p>
        <p>2.33</p>
      </block>
      <block class="full_text">
        <p>LEAD:</p>
        <p>*3*** COMPANY REPORTS **</p>
        <p>*3*GREAT ATLANTIC &amp; PACIFIC TEA CO OF AMERICA (A&amp;P) (N)</p>
        <p>Qtr to Feb 28</p>
        <p>1987</p>
        <p>1986</p>
        <p>Sales</p>
        <p>2,343,703,000</p>
        <p>1,580,713,000</p>
        <p>Net inc</p>
        <p>20,699,000</p>
        <p>c18,868,000</p>
        <p>Share earns</p>
        <p>.55</p>
        <p>.50</p>
        <p>Yr sales</p>
        <p>7,834,859,000</p>
        <p>6,615,422,000</p>
        <p>Net inc</p>
        <p>b95,010,000</p>
        <p>c88,290,000</p>
        <p>Share earns</p>
        <p>2.50</p>
        <p>2.33</p>
        <p>*3*** COMPANY REPORTS **</p>
        <p>*3*GREAT ATLANTIC &amp; PACIFIC TEA CO OF AMERICA (A&amp;P) (N)</p>
        <p>Qtr to Feb 28</p>
        <p>1987</p>
        <p>1986</p>
        <p>Sales</p>
        <p>2,343,703,000</p>
        <p>1,580,713,000</p>
        <p>Net inc</p>
        <p>20,699,000</p>
        <p>c18,868,000</p>
        <p>Share earns</p>
        <p>.55</p>
        <p>.50</p>
        <p>Yr sales</p>
        <p>7,834,859,000</p>
        <p>6,615,422,000</p>
        <p>Net inc</p>
        <p>b95,010,000</p>
        <p>c88,290,000</p>
        <p>Share earns</p>
        <p>2.50</p>
        <p>2.33</p>
        <p>b-Includes a tax credit of $26,000,000.</p>
        <p>c-Includes extraordinary credits of $5,300,000 and $32,200,000 for the quarter and year, respectively.</p>
      </block>
    </body.content>
  </body>
</nitf>
