<?xml version="1.0" encoding="UTF-8"?>
<!DOCTYPE nitf SYSTEM "http://www.nitf.org/IPTC/NITF/3.3/specification/dtd/nitf-3-3.dtd">
<nitf change.date="June 10, 2005" change.time="19:30" version="-//IPTC//DTD NITF 3.3//EN">
  <head>
    <title>TECO ENERGY INC reports earnings for Qtr to March 31</title>
    <meta content="16" name="publication_day_of_month"/>
    <meta content="4" name="publication_month"/>
    <meta content="1987" name="publication_year"/>
    <meta content="Thursday" name="publication_day_of_week"/>
    <meta content="Financial Desk" name="dsk"/>
    <meta content="9" name="print_page_number"/>
    <meta content="D" name="print_section"/>
    <meta content="1" name="print_column"/>
    <meta content="Business" name="online_sections"/>
    <docdata>
      <doc-id id-string="30453"/>
      <doc.copyright holder="The New York Times" year="1987"/>
      <identified-content>
        <classifier class="indexing_service" type="descriptor">COMPANY REPORTS</classifier>
        <classifier class="online_producer" type="types_of_material">Statistics</classifier>
        <classifier class="online_producer" type="taxonomic_classifier">Top/News/Business</classifier>
        <classifier class="online_producer" type="general_descriptor">Company Reports</classifier>
        <classifier class="online_producer" type="general_descriptor">Corporations</classifier>
      </identified-content>
    </docdata>
    <pubdata date.publication="19870416T000000" ex-ref="http://query.nytimes.com/gst/fullpage.html?res=9905E0D71738F935A25757C0A961948260" item-length="35" name="The New York Times" unit-of-measure="word"/>
  </head>
  <body>
    <body.head>
      <hedline>
        <hl1>TECO ENERGY INC reports earnings for Qtr to March 31</hl1>
      </hedline>
    </body.head>
    <body.content>
      <block class="lead_paragraph">
        <p>LEAD:</p>
        <p>*3*** COMPANY REPORTS **</p>
        <p>*3*TECO ENERGY INC (NYSE)</p>
        <p>Qtr to March 31</p>
        <p>1987</p>
        <p>1986</p>
        <p>Revenue</p>
        <p>220,436,000</p>
        <p>206,011,000</p>
        <p>Net inc</p>
        <p>23,122,000</p>
        <p>22,326,000</p>
        <p>Share earns</p>
        <p>.82</p>
        <p>.79</p>
      </block>
      <block class="full_text">
        <p>LEAD:</p>
        <p>*3*** COMPANY REPORTS **</p>
        <p>*3*TECO ENERGY INC (NYSE)</p>
        <p>Qtr to March 31</p>
        <p>1987</p>
        <p>1986</p>
        <p>Revenue</p>
        <p>220,436,000</p>
        <p>206,011,000</p>
        <p>Net inc</p>
        <p>23,122,000</p>
        <p>22,326,000</p>
        <p>Share earns</p>
        <p>.82</p>
        <p>.79</p>
        <p>*3*** COMPANY REPORTS **</p>
        <p>*3*TECO ENERGY INC (NYSE)</p>
        <p>Qtr to March 31</p>
        <p>1987</p>
        <p>1986</p>
        <p>Revenue</p>
        <p>220,436,000</p>
        <p>206,011,000</p>
        <p>Net inc</p>
        <p>23,122,000</p>
        <p>22,326,000</p>
        <p>Share earns</p>
        <p>.82</p>
        <p>.79</p>
      </block>
    </body.content>
  </body>
</nitf>
