<?xml version="1.0" encoding="UTF-8"?>
<!DOCTYPE nitf SYSTEM "http://www.nitf.org/IPTC/NITF/3.3/specification/dtd/nitf-3-3.dtd">
<nitf change.date="June 10, 2005" change.time="19:30" version="-//IPTC//DTD NITF 3.3//EN">
  <head>
    <title>MCDONALD'S CORP reports earnings for Qtr to Sept 30</title>
    <meta content="22" name="publication_day_of_month"/>
    <meta content="10" name="publication_month"/>
    <meta content="1987" name="publication_year"/>
    <meta content="Thursday" name="publication_day_of_week"/>
    <meta content="Financial Desk" name="dsk"/>
    <meta content="5" name="print_page_number"/>
    <meta content="D" name="print_section"/>
    <meta content="5" name="print_column"/>
    <meta content="Business" name="online_sections"/>
    <docdata>
      <doc-id id-string="85300"/>
      <doc.copyright holder="The New York Times" year="1987"/>
      <identified-content>
        <classifier class="indexing_service" type="descriptor">COMPANY REPORTS</classifier>
        <classifier class="online_producer" type="types_of_material">Statistics</classifier>
        <classifier class="online_producer" type="taxonomic_classifier">Top/News/Business</classifier>
        <classifier class="online_producer" type="general_descriptor">Company Reports</classifier>
        <classifier class="online_producer" type="general_descriptor">Corporations</classifier>
      </identified-content>
    </docdata>
    <pubdata date.publication="19871022T000000" ex-ref="http://query.nytimes.com/gst/fullpage.html?res=9C04E0D7163FF931A15753C1A961948260" item-length="54" name="The New York Times" unit-of-measure="word"/>
  </head>
  <body>
    <body.head>
      <hedline>
        <hl1>MCDONALD'S CORP reports earnings for Qtr to Sept 30</hl1>
      </hedline>
    </body.head>
    <body.content>
      <block class="lead_paragraph">
        <p>LEAD:</p>
        <p>*3*** COMPANY REPORTS **</p>
        <p>*3*MCDONALD'S CORP (NYSE)</p>
        <p>Qtr to Sept 30</p>
        <p>1987</p>
        <p>1986</p>
        <p>Revenue</p>
        <p>1,313,803,000</p>
        <p>1,133,766,000</p>
        <p>Net inc</p>
        <p>162,302,000</p>
        <p>142,257,000</p>
        <p>Share earns</p>
        <p>.86</p>
        <p>.74</p>
        <p>9mo rev</p>
        <p>3,627,741,000</p>
        <p>3,151,937,000</p>
        <p>Net inc</p>
        <p>415,762,000</p>
        <p>366,162,000</p>
        <p>Share earns</p>
        <p>2.18</p>
        <p>1.89</p>
      </block>
      <block class="full_text">
        <p>LEAD:</p>
        <p>*3*** COMPANY REPORTS **</p>
        <p>*3*MCDONALD'S CORP (NYSE)</p>
        <p>Qtr to Sept 30</p>
        <p>1987</p>
        <p>1986</p>
        <p>Revenue</p>
        <p>1,313,803,000</p>
        <p>1,133,766,000</p>
        <p>Net inc</p>
        <p>162,302,000</p>
        <p>142,257,000</p>
        <p>Share earns</p>
        <p>.86</p>
        <p>.74</p>
        <p>9mo rev</p>
        <p>3,627,741,000</p>
        <p>3,151,937,000</p>
        <p>Net inc</p>
        <p>415,762,000</p>
        <p>366,162,000</p>
        <p>Share earns</p>
        <p>2.18</p>
        <p>1.89</p>
        <p>*3*** COMPANY REPORTS **</p>
        <p>*3*MCDONALD'S CORP (NYSE)</p>
        <p>Qtr to Sept 30</p>
        <p>1987</p>
        <p>1986</p>
        <p>Revenue</p>
        <p>1,313,803,000</p>
        <p>1,133,766,000</p>
        <p>Net inc</p>
        <p>162,302,000</p>
        <p>142,257,000</p>
        <p>Share earns</p>
        <p>.86</p>
        <p>.74</p>
        <p>9mo rev</p>
        <p>3,627,741,000</p>
        <p>3,151,937,000</p>
        <p>Net inc</p>
        <p>415,762,000</p>
        <p>366,162,000</p>
        <p>Share earns</p>
        <p>2.18</p>
        <p>1.89</p>
      </block>
    </body.content>
  </body>
</nitf>
