<?xml version="1.0" encoding="UTF-8"?>
<!DOCTYPE nitf SYSTEM "http://www.nitf.org/IPTC/NITF/3.3/specification/dtd/nitf-3-3.dtd">
<nitf change.date="June 10, 2005" change.time="19:30" version="-//IPTC//DTD NITF 3.3//EN">
  <head>
    <title>SEASON OF FALLNG LEAVES BEGINS</title>
    <meta content="24" name="publication_day_of_month"/>
    <meta content="9" name="publication_month"/>
    <meta content="1987" name="publication_year"/>
    <meta content="Thursday" name="publication_day_of_week"/>
    <meta content="Metropolitan Desk" name="dsk"/>
    <meta content="4" name="print_page_number"/>
    <meta content="B" name="print_section"/>
    <meta content="3" name="print_column"/>
    <docdata>
      <doc-id id-string="77062"/>
      <doc.copyright holder="The New York Times" year="1987"/>
      <identified-content>
        <classifier class="indexing_service" type="descriptor">SEASONS AND MONTHS</classifier>
        <location class="indexing_service">NEW YORK CITY</location>
        <location class="indexing_service">RIVERSIDE PARK (NYC)</location>
        <classifier class="online_producer" type="types_of_material">Caption</classifier>
        <classifier class="online_producer" type="taxonomic_classifier">Top/Features/Travel/Guides/Destinations/North America/United States/New York/New York City</classifier>
        <classifier class="online_producer" type="taxonomic_classifier">Top/Features/Travel/Guides/Destinations/North America</classifier>
        <classifier class="online_producer" type="taxonomic_classifier">Top/Features/Travel/Guides/Destinations/North America/United States</classifier>
        <classifier class="online_producer" type="taxonomic_classifier">Top/Features/Travel/Guides/Destinations/North America/United States/New York</classifier>
        <classifier class="online_producer" type="general_descriptor">Seasons and Months</classifier>
      </identified-content>
    </docdata>
    <pubdata date.publication="19870924T000000" ex-ref="http://query.nytimes.com/gst/fullpage.html?res=9B0DE5DF1E3BF937A1575AC0A961948260" item-length="39" name="The New York Times" unit-of-measure="word"/>
  </head>
  <body>
    <body.head>
      <hedline>
        <hl1>SEASON OF FALLNG LEAVES BEGINS</hl1>
      </hedline>
    </body.head>
    <body.content>
      <block class="lead_paragraph">
        <p>LEAD: Georgia Banks of the Department of Parks and Recreation raking leaves along Riverside Park near 78th Street. Yesterday, the first day of autumn, was perhaps the first of many days for picking up fallen leaves (NYT/Keith Meyers)</p>
      </block>
      <block class="full_text">
        <p>LEAD: Georgia Banks of the Department of Parks and Recreation raking leaves along Riverside Park near 78th Street. Yesterday, the first day of autumn, was perhaps the first of many days for picking up fallen leaves (NYT/Keith Meyers)</p>
        <p>Georgia Banks of the Department of Parks and Recreation raking leaves along Riverside Park near 78th Street. Yesterday, the first day of autumn, was perhaps the first of many days for picking up fallen leaves (NYT/Keith Meyers)</p>
      </block>
    </body.content>
  </body>
</nitf>
