<?xml version="1.0" encoding="UTF-8"?>
<!DOCTYPE nitf SYSTEM "http://www.nitf.org/IPTC/NITF/3.3/specification/dtd/nitf-3-3.dtd">
<nitf change.date="June 10, 2005" change.time="19:30" version="-//IPTC//DTD NITF 3.3//EN">
  <head>
    <title>MARSHALL &amp; ILSLEY reports earnings for Qtr to Sept 30</title>
    <meta content="20" name="publication_day_of_month"/>
    <meta content="10" name="publication_month"/>
    <meta content="1987" name="publication_year"/>
    <meta content="Tuesday" name="publication_day_of_week"/>
    <meta content="Financial Desk" name="dsk"/>
    <meta content="14" name="print_page_number"/>
    <meta content="D" name="print_section"/>
    <meta content="3" name="print_column"/>
    <meta content="Business" name="online_sections"/>
    <docdata>
      <doc-id id-string="84562"/>
      <doc.copyright holder="The New York Times" year="1987"/>
      <identified-content>
        <classifier class="indexing_service" type="descriptor">COMPANY REPORTS</classifier>
        <classifier class="online_producer" type="types_of_material">Statistics</classifier>
        <classifier class="online_producer" type="taxonomic_classifier">Top/News/Business</classifier>
        <classifier class="online_producer" type="general_descriptor">Company Reports</classifier>
        <classifier class="online_producer" type="general_descriptor">Corporations</classifier>
      </identified-content>
    </docdata>
    <pubdata date.publication="19871020T000000" ex-ref="http://query.nytimes.com/gst/fullpage.html?res=9D04E0D7133EF933A15753C1A961948260" item-length="67" name="The New York Times" unit-of-measure="word"/>
  </head>
  <body>
    <body.head>
      <hedline>
        <hl1>MARSHALL &amp; ILSLEY reports earnings for Qtr to Sept 30</hl1>
      </hedline>
    </body.head>
    <body.content>
      <block class="lead_paragraph">
        <p>LEAD:</p>
        <p>*3*** COMPANY REPORTS **</p>
        <p>*3*MARSHALL &amp; ILSLEY (OTC)</p>
        <p>Qtr to Sept 30</p>
        <p>1987</p>
        <p>1986</p>
        <p>Net inc</p>
        <p>15,356,000</p>
        <p>13,139,000</p>
        <p>Per share</p>
        <p>.84</p>
        <p>.68</p>
        <p>9mo net inc</p>
        <p>41,141,000</p>
        <p>40,734,000</p>
        <p>Per share</p>
        <p>2.24</p>
        <p>2.16</p>
        <p>The net income in the year-ago period includes an after-tax gain of $3,818,000 from the conversion of the company's pension plan to a defined contribution plan.</p>
      </block>
      <block class="full_text">
        <p>LEAD:</p>
        <p>*3*** COMPANY REPORTS **</p>
        <p>*3*MARSHALL &amp; ILSLEY (OTC)</p>
        <p>Qtr to Sept 30</p>
        <p>1987</p>
        <p>1986</p>
        <p>Net inc</p>
        <p>15,356,000</p>
        <p>13,139,000</p>
        <p>Per share</p>
        <p>.84</p>
        <p>.68</p>
        <p>9mo net inc</p>
        <p>41,141,000</p>
        <p>40,734,000</p>
        <p>Per share</p>
        <p>2.24</p>
        <p>2.16</p>
        <p>The net income in the year-ago period includes an after-tax gain of $3,818,000 from the conversion of the company's pension plan to a defined contribution plan.</p>
        <p>*3*** COMPANY REPORTS **</p>
        <p>*3*MARSHALL &amp; ILSLEY (OTC)</p>
        <p>Qtr to Sept 30</p>
        <p>1987</p>
        <p>1986</p>
        <p>Net inc</p>
        <p>15,356,000</p>
        <p>13,139,000</p>
        <p>Per share</p>
        <p>.84</p>
        <p>.68</p>
        <p>9mo net inc</p>
        <p>41,141,000</p>
        <p>40,734,000</p>
        <p>Per share</p>
        <p>2.24</p>
        <p>2.16</p>
        <p>The net income in the year-ago period includes an after-tax gain of $3,818,000 from the conversion of the company's pension plan to a defined contribution plan.</p>
      </block>
    </body.content>
  </body>
</nitf>
