<?xml version="1.0" encoding="UTF-8"?>
<!DOCTYPE nitf SYSTEM "http://www.nitf.org/IPTC/NITF/3.3/specification/dtd/nitf-3-3.dtd">
<nitf change.date="June 10, 2005" change.time="19:30" version="-//IPTC//DTD NITF 3.3//EN">
  <head>
    <title>Where to Sample the Varieties</title>
    <meta content="26" name="publication_day_of_month"/>
    <meta content="8" name="publication_month"/>
    <meta content="1987" name="publication_year"/>
    <meta content="Wednesday" name="publication_day_of_week"/>
    <meta content="Living Desk" name="dsk"/>
    <meta content="6" name="print_page_number"/>
    <meta content="C" name="print_section"/>
    <meta content="5" name="print_column"/>
    <meta content="Home and Garden" name="online_sections"/>
    <docdata>
      <doc-id id-string="69193"/>
      <doc.copyright holder="The New York Times" year="1987"/>
      <series series.name="THE TOMATO: NOW IS THE SEASON TO SAVOR ITS INFINITE VARIETY"/>
      <identified-content>
        <classifier class="indexing_service" type="descriptor">TOMATOES</classifier>
        <classifier class="online_producer" type="types_of_material">List</classifier>
        <classifier class="online_producer" type="taxonomic_classifier">Top/Features/Home and Garden</classifier>
        <classifier class="online_producer" type="general_descriptor">Flowers and Plants</classifier>
      </identified-content>
    </docdata>
    <pubdata date.publication="19870826T000000" ex-ref="http://query.nytimes.com/gst/fullpage.html?res=9B0DE1D71331F935A1575BC0A961948260" item-length="349" name="The New York Times" unit-of-measure="word"/>
  </head>
  <body>
    <body.head>
      <hedline>
        <hl1>Where to Sample the Varieties</hl1>
      </hedline>
    </body.head>
    <body.content>
      <block class="lead_paragraph">
        <p>LEAD: FOLLOWING is a sampling of stores and markets in New York, New Jersey and Connecticut where shoppers can find fairly large selections of tomatoes.  MANHATTAN  Balducci's, 424 Avenue of the Americas (Ninth Street), 212-673-2600.  Dean &amp; DeLuca, 121 Prince Street (Greene Street), 212-431-1691.</p>
      </block>
      <block class="full_text">
        <p>LEAD: FOLLOWING is a sampling of stores and markets in New York, New Jersey and Connecticut where shoppers can find fairly large selections of tomatoes.  MANHATTAN  Balducci's, 424 Avenue of the Americas (Ninth Street), 212-673-2600.  Dean &amp; DeLuca, 121 Prince Street (Greene Street), 212-431-1691.</p>
        <p>FOLLOWING is a sampling of stores and markets in New York, New Jersey and Connecticut where shoppers can find fairly large selections of tomatoes.  MANHATTAN  Balducci's, 424 Avenue of the Americas (Ninth Street), 212-673-2600.  Dean &amp; DeLuca, 121 Prince Street (Greene Street), 212-431-1691.  Greenmarkets in several locations offer some tomato varieties. (For information on the markets: 212-477-3220.) Here are three possibilities:  Independence Plaza at Greenwich Avenue and Chambers Street (Wednesdays through Nov. 25 and Saturdays through Dec. 19); 102d Street and Amsterdam Avenue (Fridays through Dec. 18), and St. Mark's Church, 10th Street and Second Avenue (Tuesdays through Nov. 24).  BROOKLYN  Greenmarkets at Cadman Plaza West and Montague Street (Tuesdays through Dec. 22 and Saturdays year round), and at Flatbush and Atlantic Avenues (Wednesdays through Nov. 25).  DUTCHESS COUNTY  Henry Dykeman's Farm Market, Route 22, Pawling, N.Y., 914-855-5166.</p>
        <p>Varieties include Mountain Pride, Star Pak and Jet Star. Closes Nov. 1.  LONG ISLAND  Green Thumb, Montauk Highway, Water Mill, 516-726-4989.</p>
        <p>Sixteen varieties including Sun Ray, Floramerica, Supersonic and Main Pak. Open though mid-December.  WESTCHESTER COUNTY  Meadows Farm, 329 Underhill Road, Yorktown Heights, 914-962-4306.</p>
        <p>Varieties include Beefsteak, Big Girl, Golden Jubilee, Pik-Red and Ramapo; also yellow and red cherry tomatoes. Closes Nov. 1.  Stuart's Fruit Farm, Granite Spring Road, Granite Spring, 914-245-2784.</p>
        <p>Varieties include Mountain Pride, Pik-Red and Star Pak. Open year round.  CONNECTICUT  Hay Day Farmer's Market, 1050 East Putnam Avenue, Riverside, 203-637-7600; 1026 Post Road East, Westport, 203-227-9008, and 1910 Black Rock Turnpike, Fairfield, 203-336-6865.</p>
        <p>Varieties include Ace 55, Jet Star, Pik-Red, Supersonic and Sweet 100. All markets open year-round.  NEW JERSEY  Columbus Farmer's Market, Route 206, Columbus, 609-267-0400.</p>
        <p>Open Thursday, Friday, Saturday and Sunday year round.</p>
        <p>THE TOMATO: NOW IS THE SEASON TO SAVOR ITS INFINITE VARIETY</p>
      </block>
    </body.content>
  </body>
</nitf>
