<?xml version="1.0" encoding="UTF-8"?>
<!DOCTYPE nitf SYSTEM "http://www.nitf.org/IPTC/NITF/3.3/specification/dtd/nitf-3-3.dtd">
<nitf change.date="June 10, 2005" change.time="19:30" version="-//IPTC//DTD NITF 3.3//EN">
  <head>
    <title>David Herron Meese Weds Mary Windels</title>
    <meta content="4" name="publication_day_of_month"/>
    <meta content="1" name="publication_month"/>
    <meta content="1987" name="publication_year"/>
    <meta content="Sunday" name="publication_day_of_week"/>
    <meta content="Society Desk" name="dsk"/>
    <meta content="42" name="print_page_number"/>
    <meta content="1" name="print_section"/>
    <meta content="1" name="print_column"/>
    <meta content="Style" name="online_sections"/>
    <docdata>
      <doc-id id-string="1016"/>
      <doc.copyright holder="The New York Times" year="1987"/>
      <identified-content>
        <classifier class="indexing_service" type="descriptor">WEDDINGS AND ENGAGEMENTS</classifier>
        <classifier class="online_producer" type="taxonomic_classifier">Top/Features/Style</classifier>
        <classifier class="online_producer" type="taxonomic_classifier">Top/Features/Style/Fashion and Style</classifier>
        <classifier class="online_producer" type="taxonomic_classifier">Top/Features/Style/Fashion and Style/Weddings and Celebrations</classifier>
        <classifier class="online_producer" type="general_descriptor">Weddings and Engagements</classifier>
      </identified-content>
    </docdata>
    <pubdata date.publication="19870104T000000" ex-ref="http://query.nytimes.com/gst/fullpage.html?res=9B0DE0D81430F937A35752C0A961948260" item-length="176" name="The New York Times" unit-of-measure="word"/>
  </head>
  <body>
    <body.head>
      <hedline>
        <hl1>David Herron Meese Weds Mary Windels</hl1>
      </hedline>
    </body.head>
    <body.content>
      <block class="lead_paragraph">
        <p>LEAD: At the Cathedral Church of St. John the Divine in New York yesterday Mary Windels, a daughter of Albert Mclvaine Mitchell of Warren, Pa., and the late Carolyn Davidson Mitchell, was married to David Herron Meese, a son of the late Mr. and Mrs. Alfred Hall Meese of Schenectady, N.Y. The Very Rev. James Parks</p>
      </block>
      <block class="full_text">
        <p>LEAD: At the Cathedral Church of St. John the Divine in New York yesterday Mary Windels, a daughter of Albert Mclvaine Mitchell of Warren, Pa., and the late Carolyn Davidson Mitchell, was married to David Herron Meese, a son of the late Mr. and Mrs. Alfred Hall Meese of Schenectady, N.Y. The Very Rev. James Parks</p>
        <p>At the Cathedral Church of St. John the Divine in New York yesterday Mary Windels, a daughter of Albert Mclvaine Mitchell of Warren, Pa., and the late Carolyn Davidson Mitchell, was married to David Herron Meese, a son of the late Mr. and Mrs. Alfred Hall Meese of Schenectady, N.Y. The Very Rev. James Parks Morton, dean of the cathedral, performed the ceremony.</p>
        <p>The bride, who will keep her name professionally, is a staff associate of the city hospital visiting committee of the United Hospital Fund in New York. She graduated from Goucher College. Her previous marriage ended in divorce, as did the bridegroom's. Her father, who is retired, was an executive vice president of the Struthers Wells Corporation, a manufacturer of heat-exchange equipment in Warren.</p>
        <p>Mr. Meese is a systems analyst in the office systems planning and technical education department of the International Business Machines Corporation in Purchase, N.Y. He graduated from the University of Rochester and received a master's degree in music from its Eastman School of Music.</p>
      </block>
    </body.content>
  </body>
</nitf>
