<?xml version="1.0" encoding="UTF-8"?>
<!DOCTYPE nitf SYSTEM "http://www.nitf.org/IPTC/NITF/3.3/specification/dtd/nitf-3-3.dtd">
<nitf change.date="June 10, 2005" change.time="19:30" version="-//IPTC//DTD NITF 3.3//EN">
  <head>
    <title>TECHNODYNE INC reports earnings for Qtr to Feb 1</title>
    <meta content="19" name="publication_day_of_month"/>
    <meta content="3" name="publication_month"/>
    <meta content="1987" name="publication_year"/>
    <meta content="Thursday" name="publication_day_of_week"/>
    <meta content="Financial Desk" name="dsk"/>
    <meta content="23" name="print_page_number"/>
    <meta content="D" name="print_section"/>
    <meta content="1" name="print_column"/>
    <meta content="Business" name="online_sections"/>
    <docdata>
      <doc-id id-string="22723"/>
      <doc.copyright holder="The New York Times" year="1987"/>
      <identified-content>
        <classifier class="indexing_service" type="descriptor">COMPANY REPORTS</classifier>
        <classifier class="online_producer" type="types_of_material">Statistics</classifier>
        <classifier class="online_producer" type="taxonomic_classifier">Top/News/Business</classifier>
        <classifier class="online_producer" type="general_descriptor">Company Reports</classifier>
        <classifier class="online_producer" type="general_descriptor">Corporations</classifier>
      </identified-content>
    </docdata>
    <pubdata date.publication="19870319T000000" ex-ref="http://query.nytimes.com/gst/fullpage.html?res=9F05E0D7113BF93AA25750C0A961948260" item-length="117" name="The New York Times" unit-of-measure="word"/>
  </head>
  <body>
    <body.head>
      <hedline>
        <hl1>TECHNODYNE INC reports earnings for Qtr to Feb 1</hl1>
      </hedline>
    </body.head>
    <body.content>
      <block class="lead_paragraph">
        <p>LEAD:</p>
        <p>*3*** COMPANY REPORTS **</p>
        <p>*3*TECHNODYNE INC (AMEX)</p>
        <p>Qtr to Feb 1</p>
        <p>1987</p>
        <p>1986</p>
        <p>Sales</p>
        <p>24,209,000</p>
        <p>1,514,000</p>
        <p>Net inc</p>
        <p>b686,000</p>
        <p>c831,000</p>
        <p>Share earns</p>
        <p>.14</p>
        <p>-</p>
        <p>6mo sales</p>
        <p>42,513,000</p>
        <p>2,923,000</p>
        <p>Net inc</p>
        <p>b1,062,000</p>
        <p>c812,000</p>
        <p>Share earns</p>
        <p>.22</p>
        <p>-</p>
        <p>b-Includes tax credits of $312,000 and $490,000 for the quarter and 6 months, respectively, and also includes a $642,000 pretax gain on the sale of a building for both periods.</p>
      </block>
      <block class="full_text">
        <p>LEAD:</p>
        <p>*3*** COMPANY REPORTS **</p>
        <p>*3*TECHNODYNE INC (AMEX)</p>
        <p>Qtr to Feb 1</p>
        <p>1987</p>
        <p>1986</p>
        <p>Sales</p>
        <p>24,209,000</p>
        <p>1,514,000</p>
        <p>Net inc</p>
        <p>b686,000</p>
        <p>c831,000</p>
        <p>Share earns</p>
        <p>.14</p>
        <p>-</p>
        <p>6mo sales</p>
        <p>42,513,000</p>
        <p>2,923,000</p>
        <p>Net inc</p>
        <p>b1,062,000</p>
        <p>c812,000</p>
        <p>Share earns</p>
        <p>.22</p>
        <p>-</p>
        <p>b-Includes tax credits of $312,000 and $490,000 for the quarter and 6 months, respectively, and also includes a $642,000 pretax gain on the sale of a building for both periods.</p>
        <p>*3*** COMPANY REPORTS **</p>
        <p>*3*TECHNODYNE INC (AMEX)</p>
        <p>Qtr to Feb 1</p>
        <p>1987</p>
        <p>1986</p>
        <p>Sales</p>
        <p>24,209,000</p>
        <p>1,514,000</p>
        <p>Net inc</p>
        <p>b686,000</p>
        <p>c831,000</p>
        <p>Share earns</p>
        <p>.14</p>
        <p>-</p>
        <p>6mo sales</p>
        <p>42,513,000</p>
        <p>2,923,000</p>
        <p>Net inc</p>
        <p>b1,062,000</p>
        <p>c812,000</p>
        <p>Share earns</p>
        <p>.22</p>
        <p>-</p>
        <p>b-Includes tax credits of $312,000 and $490,000 for the quarter and 6 months, respectively, and also includes a $642,000 pretax gain on the sale of a building for both periods.</p>
        <p>c-Net loss and includes losses of $295,000 and $104,000 for the quarter and 6 months, respectively, from discontinued operations.</p>
        <p>The year-ago periods exclude the results for Action Drug Co., acquired in August.</p>
      </block>
    </body.content>
  </body>
</nitf>
