<?xml version="1.0" encoding="UTF-8"?>
<!DOCTYPE nitf SYSTEM "http://www.nitf.org/IPTC/NITF/3.3/specification/dtd/nitf-3-3.dtd">
<nitf change.date="June 10, 2005" change.time="19:30" version="-//IPTC//DTD NITF 3.3//EN">
  <head>
    <title>AVERY INC reports earnings for Qtr to Dec 31</title>
    <meta content="4" name="publication_day_of_month"/>
    <meta content="3" name="publication_month"/>
    <meta content="1987" name="publication_year"/>
    <meta content="Wednesday" name="publication_day_of_week"/>
    <meta content="Financial Desk" name="dsk"/>
    <meta content="5" name="print_page_number"/>
    <meta content="D" name="print_section"/>
    <meta content="1" name="print_column"/>
    <meta content="Business" name="online_sections"/>
    <docdata>
      <doc-id id-string="18446"/>
      <doc.copyright holder="The New York Times" year="1987"/>
      <identified-content>
        <classifier class="indexing_service" type="descriptor">COMPANY REPORTS</classifier>
        <classifier class="online_producer" type="types_of_material">Statistics</classifier>
        <classifier class="online_producer" type="taxonomic_classifier">Top/News/Business</classifier>
        <classifier class="online_producer" type="general_descriptor">Company Reports</classifier>
        <classifier class="online_producer" type="general_descriptor">Corporations</classifier>
      </identified-content>
    </docdata>
    <pubdata date.publication="19870304T000000" ex-ref="http://query.nytimes.com/gst/fullpage.html?res=9F05E0D71539F937A35750C0A961948260" item-length="90" name="The New York Times" unit-of-measure="word"/>
  </head>
  <body>
    <body.head>
      <hedline>
        <hl1>AVERY INC reports earnings for Qtr to Dec 31</hl1>
      </hedline>
    </body.head>
    <body.content>
      <block class="lead_paragraph">
        <p>LEAD:</p>
        <p>*3*** COMPANY REPORTS **</p>
        <p>*3*AVERY INC</p>
        <p>Qtr to Dec 31</p>
        <p>1986</p>
        <p>1985</p>
        <p>Sales</p>
        <p>99,567,000</p>
        <p>2,300,000</p>
        <p>Net loss</p>
        <p>b6,655,000</p>
        <p>c637,000</p>
        <p>Share earns</p>
        <p>-</p>
        <p>.04</p>
        <p>b-Includes $4.8 million in non-cash acquisition accounting charges related to the acquisition of Uniroyal Chemical.</p>
      </block>
      <block class="full_text">
        <p>LEAD:</p>
        <p>*3*** COMPANY REPORTS **</p>
        <p>*3*AVERY INC</p>
        <p>Qtr to Dec 31</p>
        <p>1986</p>
        <p>1985</p>
        <p>Sales</p>
        <p>99,567,000</p>
        <p>2,300,000</p>
        <p>Net loss</p>
        <p>b6,655,000</p>
        <p>c637,000</p>
        <p>Share earns</p>
        <p>-</p>
        <p>.04</p>
        <p>b-Includes $4.8 million in non-cash acquisition accounting charges related to the acquisition of Uniroyal Chemical.</p>
        <p>*3*** COMPANY REPORTS **</p>
        <p>*3*AVERY INC</p>
        <p>Qtr to Dec 31</p>
        <p>1986</p>
        <p>1985</p>
        <p>Sales</p>
        <p>99,567,000</p>
        <p>2,300,000</p>
        <p>Net loss</p>
        <p>b6,655,000</p>
        <p>c637,000</p>
        <p>Share earns</p>
        <p>-</p>
        <p>.04</p>
        <p>b-Includes $4.8 million in non-cash acquisition accounting charges related to the acquisition of Uniroyal Chemical.</p>
        <p>c-Net income and includes income from discontinued operations of $1,591,000.</p>
        <p>The company said the latest quarter includes the operations of Uniroyal Chemical Co. since Oct. 30, 1986, the date of the acquisition.</p>
      </block>
    </body.content>
  </body>
</nitf>
