<?xml version="1.0" encoding="UTF-8"?>
<!DOCTYPE nitf SYSTEM "http://www.nitf.org/IPTC/NITF/3.3/specification/dtd/nitf-3-3.dtd">
<nitf change.date="June 10, 2005" change.time="19:30" version="-//IPTC//DTD NITF 3.3//EN">
  <head>
    <title>'Baby,' Musical, at St. Bart's</title>
    <meta content="19" name="publication_day_of_month"/>
    <meta content="11" name="publication_month"/>
    <meta content="1987" name="publication_year"/>
    <meta content="Thursday" name="publication_day_of_week"/>
    <meta content="Cultural Desk" name="dsk"/>
    <meta content="18" name="print_page_number"/>
    <meta content="C" name="print_section"/>
    <meta content="4" name="print_column"/>
    <meta content="Arts; Theater" name="online_sections"/>
    <docdata>
      <doc-id id-string="94344"/>
      <doc.copyright holder="The New York Times" year="1987"/>
      <identified-content>
        <classifier class="indexing_service" type="descriptor">THEATER</classifier>
        <object.title class="indexing_service">BABY (MUSICAL)</object.title>
        <classifier class="online_producer" type="taxonomic_classifier">Top/News</classifier>
        <classifier class="online_producer" type="taxonomic_classifier">Top/Features/Arts</classifier>
        <classifier class="online_producer" type="taxonomic_classifier">Top/Features/Theater</classifier>
        <classifier class="online_producer" type="taxonomic_classifier">Top/Features/Theater/News and Features</classifier>
        <classifier class="online_producer" type="taxonomic_classifier">Top/Classifieds/Job Market/Job Categories/Music, Theater and Dance</classifier>
        <classifier class="online_producer" type="general_descriptor">Theater</classifier>
      </identified-content>
    </docdata>
    <pubdata date.publication="19871119T000000" ex-ref="http://query.nytimes.com/gst/fullpage.html?res=9B0DEFDF1E3FF93AA25752C1A961948260" item-length="44" name="The New York Times" unit-of-measure="word"/>
  </head>
  <body>
    <body.head>
      <hedline>
        <hl1>'Baby,' Musical, at St. Bart's</hl1>
      </hedline>
    </body.head>
    <body.content>
      <block class="lead_paragraph">
        <p>LEAD: The musical ''Baby'' will be presented through Sunday at St. Bart's Playhouse, Park Avenue and 50th Street. The show, which ran on Broadway in 1983, has a book by Sybille Pearson, music by David Shire and lyrics by Richard Maltby Jr. Information: 751-1616.</p>
      </block>
      <block class="full_text">
        <p>LEAD: The musical ''Baby'' will be presented through Sunday at St. Bart's Playhouse, Park Avenue and 50th Street. The show, which ran on Broadway in 1983, has a book by Sybille Pearson, music by David Shire and lyrics by Richard Maltby Jr. Information: 751-1616.</p>
        <p>The musical ''Baby'' will be presented through Sunday at St. Bart's Playhouse, Park Avenue and 50th Street. The show, which ran on Broadway in 1983, has a book by Sybille Pearson, music by David Shire and lyrics by Richard Maltby Jr. Information: 751-1616.</p>
      </block>
    </body.content>
  </body>
</nitf>
