<?xml version="1.0" encoding="UTF-8"?>
<!DOCTYPE nitf SYSTEM "http://www.nitf.org/IPTC/NITF/3.3/specification/dtd/nitf-3-3.dtd">
<nitf change.date="June 10, 2005" change.time="19:30" version="-//IPTC//DTD NITF 3.3//EN">
  <head>
    <title>UNITED TELEVISION INC reports earnings for Qtr to Dec 31</title>
    <meta content="14" name="publication_day_of_month"/>
    <meta content="2" name="publication_month"/>
    <meta content="1987" name="publication_year"/>
    <meta content="Saturday" name="publication_day_of_week"/>
    <meta content="Financial Desk" name="dsk"/>
    <meta content="36" name="print_page_number"/>
    <meta content="1" name="print_section"/>
    <meta content="1" name="print_column"/>
    <meta content="Business" name="online_sections"/>
    <docdata>
      <doc-id id-string="13237"/>
      <doc.copyright holder="The New York Times" year="1987"/>
      <identified-content>
        <classifier class="indexing_service" type="descriptor">COMPANY REPORTS</classifier>
        <classifier class="online_producer" type="types_of_material">Statistics</classifier>
        <classifier class="online_producer" type="taxonomic_classifier">Top/News/Business</classifier>
        <classifier class="online_producer" type="general_descriptor">Company Reports</classifier>
        <classifier class="online_producer" type="general_descriptor">Corporations</classifier>
      </identified-content>
    </docdata>
    <pubdata date.publication="19870214T000000" ex-ref="http://query.nytimes.com/gst/fullpage.html?res=9E05E0D71631F937A25751C0A961948260" item-length="108" name="The New York Times" unit-of-measure="word"/>
  </head>
  <body>
    <body.head>
      <hedline>
        <hl1>UNITED TELEVISION INC reports earnings for Qtr to Dec 31</hl1>
      </hedline>
    </body.head>
    <body.content>
      <block class="lead_paragraph">
        <p>LEAD:</p>
        <p>*3*** COMPANY REPORTS **</p>
        <p>*3*UNITED TELEVISION INC (OTC)</p>
        <p>Qtr to Dec 31</p>
        <p>1986</p>
        <p>1985</p>
        <p>Revenue</p>
        <p>26,030,000</p>
        <p>22,776,000</p>
        <p>Net inc</p>
        <p>b2,707,000</p>
        <p>b7,728,000</p>
        <p>Share earns</p>
        <p>.25</p>
        <p>.69</p>
        <p>Yr rev</p>
        <p>89,142,000</p>
        <p>77,137,000</p>
        <p>Net inc</p>
        <p>c8,194,000</p>
        <p>c12,645,000</p>
        <p>Share earns</p>
        <p>.75</p>
        <p>1.14</p>
      </block>
      <block class="full_text">
        <p>LEAD:</p>
        <p>*3*** COMPANY REPORTS **</p>
        <p>*3*UNITED TELEVISION INC (OTC)</p>
        <p>Qtr to Dec 31</p>
        <p>1986</p>
        <p>1985</p>
        <p>Revenue</p>
        <p>26,030,000</p>
        <p>22,776,000</p>
        <p>Net inc</p>
        <p>b2,707,000</p>
        <p>b7,728,000</p>
        <p>Share earns</p>
        <p>.25</p>
        <p>.69</p>
        <p>Yr rev</p>
        <p>89,142,000</p>
        <p>77,137,000</p>
        <p>Net inc</p>
        <p>c8,194,000</p>
        <p>c12,645,000</p>
        <p>Share earns</p>
        <p>.75</p>
        <p>1.14</p>
        <p>*3*** COMPANY REPORTS **</p>
        <p>*3*UNITED TELEVISION INC (OTC)</p>
        <p>Qtr to Dec 31</p>
        <p>1986</p>
        <p>1985</p>
        <p>Revenue</p>
        <p>26,030,000</p>
        <p>22,776,000</p>
        <p>Net inc</p>
        <p>b2,707,000</p>
        <p>b7,728,000</p>
        <p>Share earns</p>
        <p>.25</p>
        <p>.69</p>
        <p>Yr rev</p>
        <p>89,142,000</p>
        <p>77,137,000</p>
        <p>Net inc</p>
        <p>c8,194,000</p>
        <p>c12,645,000</p>
        <p>Share earns</p>
        <p>.75</p>
        <p>1.14</p>
        <p>b-Includes pretax income from ownership of Warner Communications Inc. securities of $1,925,000 versus $4,803,000 for the latest and year-ago quarters, respectively.</p>
        <p>c-Includes pretax income from ownership of Warner Communications securities of $5,404,000 versus $6,626,000 for the latest and year-ago periods, respectively.</p>
      </block>
    </body.content>
  </body>
</nitf>
