<?xml version="1.0" encoding="UTF-8"?>
<!DOCTYPE nitf SYSTEM "http://www.nitf.org/IPTC/NITF/3.3/specification/dtd/nitf-3-3.dtd">
<nitf change.date="June 10, 2005" change.time="19:30" version="-//IPTC//DTD NITF 3.3//EN">
  <head>
    <title>ON-LINE SOFTWARE INTERNATIONAL reports earnings for Qtr to Feb 28</title>
    <meta content="8" name="publication_day_of_month"/>
    <meta content="4" name="publication_month"/>
    <meta content="1987" name="publication_year"/>
    <meta content="Wednesday" name="publication_day_of_week"/>
    <meta content="Financial Desk" name="dsk"/>
    <meta content="6" name="print_page_number"/>
    <meta content="D" name="print_section"/>
    <meta content="3" name="print_column"/>
    <meta content="Business" name="online_sections"/>
    <docdata>
      <doc-id id-string="28262"/>
      <doc.copyright holder="The New York Times" year="1987"/>
      <identified-content>
        <classifier class="indexing_service" type="descriptor">COMPANY REPORTS</classifier>
        <classifier class="online_producer" type="types_of_material">Statistics</classifier>
        <classifier class="online_producer" type="taxonomic_classifier">Top/News/Business</classifier>
        <classifier class="online_producer" type="general_descriptor">Company Reports</classifier>
        <classifier class="online_producer" type="general_descriptor">Corporations</classifier>
      </identified-content>
    </docdata>
    <pubdata date.publication="19870408T000000" ex-ref="http://query.nytimes.com/gst/fullpage.html?res=9805E0D7123AF93BA35757C0A961948260" item-length="89" name="The New York Times" unit-of-measure="word"/>
  </head>
  <body>
    <body.head>
      <hedline>
        <hl1>ON-LINE SOFTWARE INTERNATIONAL reports earnings for Qtr to Feb 28</hl1>
      </hedline>
    </body.head>
    <body.content>
      <block class="lead_paragraph">
        <p>LEAD:</p>
        <p>*3*** COMPANY REPORTS **</p>
        <p>*3*ON-LINE SOFTWARE INTERNATIONAL (OTC)</p>
        <p>Qtr to Feb 28</p>
        <p>1987</p>
        <p>1986</p>
        <p>Revenue</p>
        <p>19,819,000</p>
        <p>8,770,000</p>
        <p>Net inc</p>
        <p>1,487,000</p>
        <p>686,000</p>
        <p>Share earns</p>
        <p>.34</p>
        <p>.17</p>
        <p>Shares outst</p>
        <p>4,237,000</p>
        <p>4,039,000</p>
        <p>9mo rev</p>
        <p>42,184,000</p>
        <p>25,014,000</p>
        <p>Net inc</p>
        <p>3,240,000</p>
        <p>1,710,000</p>
        <p>Share earns</p>
        <p>.77</p>
        <p>.43</p>
        <p>Shares outst</p>
        <p>4,204,000</p>
        <p>4,000,000</p>
      </block>
      <block class="full_text">
        <p>LEAD:</p>
        <p>*3*** COMPANY REPORTS **</p>
        <p>*3*ON-LINE SOFTWARE INTERNATIONAL (OTC)</p>
        <p>Qtr to Feb 28</p>
        <p>1987</p>
        <p>1986</p>
        <p>Revenue</p>
        <p>19,819,000</p>
        <p>8,770,000</p>
        <p>Net inc</p>
        <p>1,487,000</p>
        <p>686,000</p>
        <p>Share earns</p>
        <p>.34</p>
        <p>.17</p>
        <p>Shares outst</p>
        <p>4,237,000</p>
        <p>4,039,000</p>
        <p>9mo rev</p>
        <p>42,184,000</p>
        <p>25,014,000</p>
        <p>Net inc</p>
        <p>3,240,000</p>
        <p>1,710,000</p>
        <p>Share earns</p>
        <p>.77</p>
        <p>.43</p>
        <p>Shares outst</p>
        <p>4,204,000</p>
        <p>4,000,000</p>
        <p>*3*** COMPANY REPORTS **</p>
        <p>*3*ON-LINE SOFTWARE INTERNATIONAL (OTC)</p>
        <p>Qtr to Feb 28</p>
        <p>1987</p>
        <p>1986</p>
        <p>Revenue</p>
        <p>19,819,000</p>
        <p>8,770,000</p>
        <p>Net inc</p>
        <p>1,487,000</p>
        <p>686,000</p>
        <p>Share earns</p>
        <p>.34</p>
        <p>.17</p>
        <p>Shares outst</p>
        <p>4,237,000</p>
        <p>4,039,000</p>
        <p>9mo rev</p>
        <p>42,184,000</p>
        <p>25,014,000</p>
        <p>Net inc</p>
        <p>3,240,000</p>
        <p>1,710,000</p>
        <p>Share earns</p>
        <p>.77</p>
        <p>.43</p>
        <p>Shares outst</p>
        <p>4,204,000</p>
        <p>4,000,000</p>
        <p>The results for the latest periods include the operations, since the end of October, of a business purchased from Martin Marietta Corp.</p>
      </block>
    </body.content>
  </body>
</nitf>
