<?xml version="1.0" encoding="UTF-8"?>
<!DOCTYPE nitf SYSTEM "http://www.nitf.org/IPTC/NITF/3.3/specification/dtd/nitf-3-3.dtd">
<nitf change.date="June 10, 2005" change.time="19:30" version="-//IPTC//DTD NITF 3.3//EN">
  <head>
    <title>Lori Mendelsohn Weds B. J. Meek</title>
    <meta content="8" name="publication_day_of_month"/>
    <meta content="3" name="publication_month"/>
    <meta content="1987" name="publication_year"/>
    <meta content="Sunday" name="publication_day_of_week"/>
    <meta content="Society Desk" name="dsk"/>
    <meta content="63" name="print_page_number"/>
    <meta content="1" name="print_section"/>
    <meta content="2" name="print_column"/>
    <meta content="Style" name="online_sections"/>
    <docdata>
      <doc-id id-string="19545"/>
      <doc.copyright holder="The New York Times" year="1987"/>
      <identified-content>
        <classifier class="indexing_service" type="descriptor">WEDDINGS AND ENGAGEMENTS</classifier>
        <classifier class="online_producer" type="taxonomic_classifier">Top/Features/Style</classifier>
        <classifier class="online_producer" type="taxonomic_classifier">Top/Features/Style/Fashion and Style</classifier>
        <classifier class="online_producer" type="taxonomic_classifier">Top/Features/Style/Fashion and Style/Weddings and Celebrations</classifier>
        <classifier class="online_producer" type="general_descriptor">Weddings and Engagements</classifier>
      </identified-content>
    </docdata>
    <pubdata date.publication="19870308T000000" ex-ref="http://query.nytimes.com/gst/fullpage.html?res=9B0DE3DF1038F93BA35750C0A961948260" item-length="145" name="The New York Times" unit-of-measure="word"/>
  </head>
  <body>
    <body.head>
      <hedline>
        <hl1>Lori Mendelsohn Weds B. J. Meek</hl1>
      </hedline>
    </body.head>
    <body.content>
      <block class="lead_paragraph">
        <p>LEAD: The marriage of Lori Fran Mendelsohn, a daughter of Mr. and Mrs. Michael Mendelsohn of Tampa, Fla., to Brian Joseph Meek, the son of Mr. and Mrs. Philip J. Meek of Greenwich, Conn., took place yesterday. The Rev. Richard D. Bingham, a minister of the United Methodist Church, and Rabbi Samuel Silver performed the ceremony in the Dome Room of the Main Building at the University of Tampa, where the bride's father is a professor of</p>
      </block>
      <block class="full_text">
        <p>LEAD: The marriage of Lori Fran Mendelsohn, a daughter of Mr. and Mrs. Michael Mendelsohn of Tampa, Fla., to Brian Joseph Meek, the son of Mr. and Mrs. Philip J. Meek of Greenwich, Conn., took place yesterday. The Rev. Richard D. Bingham, a minister of the United Methodist Church, and Rabbi Samuel Silver performed the ceremony in the Dome Room of the Main Building at the University of Tampa, where the bride's father is a professor of</p>
        <p>The marriage of Lori Fran Mendelsohn, a daughter of Mr. and Mrs. Michael Mendelsohn of Tampa, Fla., to Brian Joseph Meek, the son of Mr. and Mrs. Philip J. Meek of Greenwich, Conn., took place yesterday. The Rev. Richard D. Bingham, a minister of the United Methodist Church, and Rabbi Samuel Silver performed the ceremony in the Dome Room of the Main Building at the University of Tampa, where the bride's father is a professor of English.</p>
        <p>Mrs. Meek is an assistant manager of the Hyatt Regency Hotel in Chicago, where her husband is a commercial loan associate for the Boulevard National Bank. They both graduated from Colorado College.</p>
        <p>The bridegroom's father is a senior vice president of Capital Cities/ABC Inc. and president of its publishing division and of Fairchild Publications. He is a former president and publisher of The Fort Worth Star-Telegram.</p>
      </block>
    </body.content>
  </body>
</nitf>
