<?xml version="1.0" encoding="UTF-8"?>
<!DOCTYPE nitf SYSTEM "http://www.nitf.org/IPTC/NITF/3.3/specification/dtd/nitf-3-3.dtd">
<nitf change.date="June 10, 2005" change.time="19:30" version="-//IPTC//DTD NITF 3.3//EN">
  <head>
    <title>SYMPHONY IN D WORKSHOP</title>
    <meta content="8" name="publication_day_of_month"/>
    <meta content="3" name="publication_month"/>
    <meta content="1987" name="publication_year"/>
    <meta content="Sunday" name="publication_day_of_week"/>
    <meta content="Arts and Leisure Desk" name="dsk"/>
    <meta content="28" name="print_page_number"/>
    <meta content="2" name="print_section"/>
    <meta content="1" name="print_column"/>
    <meta content="Arts" name="online_sections"/>
    <docdata>
      <doc-id id-string="19958"/>
      <doc.copyright holder="The New York Times" year="1987"/>
      <series series.name="DANCE"/>
      <identified-content>
        <classifier class="indexing_service" type="descriptor">RECORDINGS (VIDEO)</classifier>
        <classifier class="indexing_service" type="descriptor">REVIEWS</classifier>
        <classifier class="indexing_service" type="descriptor">CASSETTES</classifier>
        <classifier class="indexing_service" type="descriptor">MUSIC</classifier>
        <person class="indexing_service">ANDERSON, JACK</person>
        <classifier class="online_producer" type="types_of_material">Review</classifier>
        <classifier class="online_producer" type="taxonomic_classifier">Top/News</classifier>
        <classifier class="online_producer" type="taxonomic_classifier">Top/Features/Arts</classifier>
        <classifier class="online_producer" type="taxonomic_classifier">Top/Features/Arts/Music/Reviews</classifier>
        <classifier class="online_producer" type="taxonomic_classifier">Top/Features/Arts/Music</classifier>
        <classifier class="online_producer" type="taxonomic_classifier">Top/Features/Travel/Guides/Activities and Interests/Music</classifier>
        <classifier class="online_producer" type="general_descriptor">Recordings (Audio)</classifier>
        <classifier class="online_producer" type="general_descriptor">Recordings (Video)</classifier>
        <classifier class="online_producer" type="general_descriptor">Music</classifier>
      </identified-content>
    </docdata>
    <pubdata date.publication="19870308T000000" ex-ref="http://query.nytimes.com/gst/fullpage.html?res=9B0DE3D81630F93BA35750C0A961948260" item-length="149" name="The New York Times" unit-of-measure="word"/>
  </head>
  <body>
    <body.head>
      <hedline>
        <hl1>SYMPHONY IN D WORKSHOP</hl1>
      </hedline>
      <byline class="print_byline">By Jack Anderson</byline>
      <byline class="normalized_byline">ANDERSON, JACK</byline>
    </body.head>
    <body.content>
      <block class="lead_paragraph">
        <p>LEAD: The Nederlands Dans Theater. Choreography by Jiri Kylian. Produced and directed by Jack Bond. Home Vision. 55 minutes. $39.95.</p>
      </block>
      <block class="full_text">
        <p>LEAD: The Nederlands Dans Theater. Choreography by Jiri Kylian. Produced and directed by Jack Bond. Home Vision. 55 minutes. $39.95.</p>
        <p>The Nederlands Dans Theater. Choreography by Jiri Kylian. Produced and directed by Jack Bond. Home Vision. 55 minutes. $39.95.</p>
        <p>This cassette contains both a performance of Jiri Kylian's ''Symphony in D'' and sequences showing the choreographer rehearsing in a studio. His ballet, to music of Haydn, mocks the pretensions and pitfalls of classical dance and is good farcical fun.</p>
        <p>The rehearsal scenes are fascinating, and Mr. Kylian proves articulate. Yet the dancers he rehearses are not those who give the performance. Whereas the performance is by Nederlands Dans Theater, which Mr. Kylian directs, the rehearsal dancers are from London's Royal Ballet School. A more serious oddity of this release is its lack of an uninterrupted performance of the ballet. Because the camera goes back and forth between studio and stage, one never gets a sense of the shape of the work as a whole.</p>
        <p>DANCE</p>
      </block>
    </body.content>
  </body>
</nitf>
