<?xml version="1.0" encoding="UTF-8"?>
<!DOCTYPE nitf SYSTEM "http://www.nitf.org/IPTC/NITF/3.3/specification/dtd/nitf-3-3.dtd">
<nitf change.date="June 10, 2005" change.time="19:30" version="-//IPTC//DTD NITF 3.3//EN">
  <head>
    <title>Officials Cite 32 Food Outlets</title>
    <meta content="8" name="publication_day_of_month"/>
    <meta content="3" name="publication_month"/>
    <meta content="1987" name="publication_year"/>
    <meta content="Sunday" name="publication_day_of_week"/>
    <meta content="Metropolitan Desk" name="dsk"/>
    <meta content="54" name="print_page_number"/>
    <meta content="1" name="print_section"/>
    <meta content="1" name="print_column"/>
    <meta content="New York and Region" name="online_sections"/>
    <docdata>
      <doc-id id-string="19745"/>
      <doc.copyright holder="The New York Times" year="1987"/>
      <identified-content>
        <classifier class="indexing_service" type="descriptor">FOOD</classifier>
        <classifier class="indexing_service" type="descriptor">SANITATION</classifier>
        <classifier class="indexing_service" type="descriptor">RESTAURANTS</classifier>
        <location class="indexing_service">NEW YORK CITY</location>
        <classifier class="online_producer" type="types_of_material">List</classifier>
        <classifier class="online_producer" type="taxonomic_classifier">Top/News/New York and Region</classifier>
        <classifier class="online_producer" type="taxonomic_classifier">Top/Features/Travel/Guides/Activities and Interests/Food and Wine</classifier>
        <classifier class="online_producer" type="taxonomic_classifier">Top/Classifieds/Job Market/Job Categories/Hospitality, Restaurant and Travel</classifier>
        <classifier class="online_producer" type="taxonomic_classifier">Top/Features/Travel/Guides/Destinations/North America/United States/New York/New York City</classifier>
        <classifier class="online_producer" type="general_descriptor">Restaurants</classifier>
        <classifier class="online_producer" type="general_descriptor">Waste Materials and Disposal</classifier>
        <classifier class="online_producer" type="general_descriptor">Food</classifier>
      </identified-content>
    </docdata>
    <pubdata date.publication="19870308T000000" ex-ref="http://query.nytimes.com/gst/fullpage.html?res=9B0DE1DB153CF93BA35750C0A961948260" item-length="398" name="The New York Times" unit-of-measure="word"/>
  </head>
  <body>
    <body.head>
      <hedline>
        <hl1>Officials Cite 32 Food Outlets</hl1>
      </hedline>
    </body.head>
    <body.content>
      <block class="lead_paragraph">
        <p>LEAD: The New York City Department of Health last week released a list of 32 food establishments cited for violating the health code.</p>
      </block>
      <block class="full_text">
        <p>LEAD: The New York City Department of Health last week released a list of 32 food establishments cited for violating the health code.</p>
        <p>The New York City Department of Health last week released a list of 32 food establishments cited for violating the health code.</p>
        <p>In addition, it listed six restaurants that were allowed to reopen after correcting earlier violations and two that were closed for having failed to do so.</p>
        <p>The establishments are these:  VIOLATIONS  MANHATTAN  Allen's Deli, 1294 Madison Ave. (92d St.).  David's Cookies, 466 Ave. of the Americas (11th St.).  Express Deli, 136 W. 34th St.  Jackie's Cookie Connection, 89 E. 42d St.  Luncheonette, 70 Bowery (Canal St.).  Marsh &amp; McLennan Executive Dining Room, 1221 Ave. of the Americas (48th St.).  Mrs. Field's Cookies, 233 Broadway (Park Row).  Petrouchka, 435 E. 86th St.  Ponce DeLeon Restaurant, 171 E. 116th St.  Tony Roma's, 1600 Broadway (48th St.).  BRONX  Original Jamaican Jerk Chicken, 4126 White Plains Rd. (230th St.).  Sun Hing, 236 E. 194th St.  Telestar Donut Shop, 699 Allerton Ave. (White Plains Rd.).  BROOKLYN  American Fried Chicken, 907 Fulton St. (Washington Ave.).  Chi Chi's, 5210 Kings Plaza (Flatbush Ave. and Ave. U).  David's Fast Food, 1 DeKalb Ave. (Fulton St.)  Donut House, 8612 4th Ave.  Family Super Donut, 893 Flatbush Ave. (Church Ave.).  Gig Young's Bakery, 1917 Church Ave.  Green House Fried Seafood, 785 Flatbush Ave. (Lenox Rd.).  Jamar Lanes, 2214 59th St.  New Fulton Deli &amp; Salad Bar, 348 Fulton St. (Court Sq.).  Nu-Star, 262 Kings Hwy. (W. 8th St.).  QUEENS  Antonio's Pizzeria, 271-19 Union Tpk.  Apollo II, 169-02 Hillside Ave.  Church's Fried Chicken, 218-59 Hempstead Ave.  East River Chinese Restaurant, 133-30 39th Ave.  Jay Dee Bakery, 75-59 31st Ave.  Modern Age Restaurant, 32-50 Steinway St.  Shanghai Wok, 157-19 72d Ave.  Sizzler, 76-18 37th Ave.  Strawberry Shortcake, 25-15 Parsons Blvd.  REOPENED  MANHATTAN  Alex Coffee Shop, 240 Grand St.  Prince Fried Chicken, 5195 Broadway (225th St.).  Szechuan Wok, 378 3d Ave. (27th St.).  BROOKLYN  De Lee Luncheonette, 348 Rogers Ave. (Sullivan Pl.).  Del Sole Bakery, 8512 19th Ave.  QUEENS  The Assembly, 45-46 Bell Blvd.  CLOSED  MANHATTAN  BROOKLYN  Elmwood Lanes, 1105 McDonald Ave. (Elmwood Ave.).  QUEENS  Poor Nick, 120-46 Queens Blvd.</p>
      </block>
    </body.content>
  </body>
</nitf>
