<?xml version="1.0" encoding="UTF-8"?>
<!DOCTYPE nitf SYSTEM "http://www.nitf.org/IPTC/NITF/3.3/specification/dtd/nitf-3-3.dtd">
<nitf change.date="June 10, 2005" change.time="19:30" version="-//IPTC//DTD NITF 3.3//EN">
  <head>
    <title>TRIPLE BILL AT THE RITZ</title>
    <meta content="13" name="publication_day_of_month"/>
    <meta content="11" name="publication_month"/>
    <meta content="1987" name="publication_year"/>
    <meta content="Friday" name="publication_day_of_week"/>
    <meta content="Cultural Desk" name="dsk"/>
    <meta content="27" name="print_page_number"/>
    <meta content="C" name="print_section"/>
    <meta content="4" name="print_column"/>
    <meta content="Arts" name="online_sections"/>
    <docdata>
      <doc-id id-string="92517"/>
      <doc.copyright holder="The New York Times" year="1987"/>
      <identified-content>
        <classifier class="indexing_service" type="descriptor">MUSIC</classifier>
        <classifier class="indexing_service" type="descriptor">CONCERTS AND RECITALS</classifier>
        <org class="indexing_service">THAT PETROL EMOTION (MUSIC GROUP)</org>
        <org class="indexing_service">WORLD AT A GLANCE (MUSIC GROUP)</org>
        <org class="indexing_service">SALEM 66 (MUSIC GROUP)</org>
        <classifier class="online_producer" type="taxonomic_classifier">Top/News</classifier>
        <classifier class="online_producer" type="taxonomic_classifier">Top/Features/Arts</classifier>
        <classifier class="online_producer" type="taxonomic_classifier">Top/Features/Arts/Music</classifier>
        <classifier class="online_producer" type="taxonomic_classifier">Top/Features/Travel/Guides/Activities and Interests/Music</classifier>
        <classifier class="online_producer" type="taxonomic_classifier">Top/Classifieds/Job Market/Job Categories/Music, Theater and Dance</classifier>
        <classifier class="online_producer" type="general_descriptor">Music</classifier>
      </identified-content>
    </docdata>
    <pubdata date.publication="19871113T000000" ex-ref="http://query.nytimes.com/gst/fullpage.html?res=9B0DE6D7103BF930A25752C1A961948260" item-length="32" name="The New York Times" unit-of-measure="word"/>
  </head>
  <body>
    <body.head>
      <hedline>
        <hl1>TRIPLE BILL AT THE RITZ</hl1>
      </hedline>
    </body.head>
    <body.content>
      <block class="lead_paragraph">
        <p>LEAD: Three groups - That Petrol Emo-tion, World at a Glance and Salem 66 - play a rock triple bill tonight at the Ritz, 119 East 11th Street (254-2800). Music begins at 11; tickets are $13.50.</p>
      </block>
      <block class="full_text">
        <p>LEAD: Three groups - That Petrol Emo-tion, World at a Glance and Salem 66 - play a rock triple bill tonight at the Ritz, 119 East 11th Street (254-2800). Music begins at 11; tickets are $13.50.</p>
        <p>Three groups - That Petrol Emo-tion, World at a Glance and Salem 66 - play a rock triple bill tonight at the Ritz, 119 East 11th Street (254-2800). Music begins at 11; tickets are $13.50.</p>
      </block>
    </body.content>
  </body>
</nitf>
