<?xml version="1.0" encoding="UTF-8"?>
<!DOCTYPE nitf SYSTEM "http://www.nitf.org/IPTC/NITF/3.3/specification/dtd/nitf-3-3.dtd">
<nitf change.date="June 10, 2005" change.time="19:30" version="-//IPTC//DTD NITF 3.3//EN">
  <head>
    <title>AMERICAN CAPITAL CORP reports earnings for Qtr to Sept 30</title>
    <meta content="7" name="publication_day_of_month"/>
    <meta content="11" name="publication_month"/>
    <meta content="1987" name="publication_year"/>
    <meta content="Saturday" name="publication_day_of_week"/>
    <meta content="Financial Desk" name="dsk"/>
    <meta content="39" name="print_page_number"/>
    <meta content="1" name="print_section"/>
    <meta content="1" name="print_column"/>
    <meta content="Business" name="online_sections"/>
    <docdata>
      <doc-id id-string="90456"/>
      <doc.copyright holder="The New York Times" year="1987"/>
      <identified-content>
        <classifier class="indexing_service" type="descriptor">COMPANY REPORTS</classifier>
        <classifier class="online_producer" type="types_of_material">Statistics</classifier>
        <classifier class="online_producer" type="taxonomic_classifier">Top/News/Business</classifier>
        <classifier class="online_producer" type="general_descriptor">Company Reports</classifier>
        <classifier class="online_producer" type="general_descriptor">Corporations</classifier>
      </identified-content>
    </docdata>
    <pubdata date.publication="19871107T000000" ex-ref="http://query.nytimes.com/gst/fullpage.html?res=9D04E0D7123CF934A35752C1A961948260" item-length="63" name="The New York Times" unit-of-measure="word"/>
  </head>
  <body>
    <body.head>
      <hedline>
        <hl1>AMERICAN CAPITAL CORP reports earnings for Qtr to Sept 30</hl1>
      </hedline>
    </body.head>
    <body.content>
      <block class="lead_paragraph">
        <p>LEAD:</p>
        <p>*3*** COMPANY REPORTS **</p>
        <p>*3*AMERICAN CAPITAL CORP (AMEX)</p>
        <p>Qtr to Sept 30</p>
        <p>1987</p>
        <p>1986</p>
        <p>Revenue</p>
        <p>137,668,000</p>
        <p>118,568000</p>
        <p>Net loss</p>
        <p>1,930,000</p>
        <p>b1,716,000</p>
        <p>Share earns</p>
        <p>-</p>
        <p>.11</p>
        <p>9mo rev</p>
        <p>404,137,000</p>
        <p>341,074,000</p>
        <p>Net inc</p>
        <p>650,000</p>
        <p>c6,240,000</p>
        <p>Share earns</p>
        <p>-</p>
        <p>.41</p>
      </block>
      <block class="full_text">
        <p>LEAD:</p>
        <p>*3*** COMPANY REPORTS **</p>
        <p>*3*AMERICAN CAPITAL CORP (AMEX)</p>
        <p>Qtr to Sept 30</p>
        <p>1987</p>
        <p>1986</p>
        <p>Revenue</p>
        <p>137,668,000</p>
        <p>118,568000</p>
        <p>Net loss</p>
        <p>1,930,000</p>
        <p>b1,716,000</p>
        <p>Share earns</p>
        <p>-</p>
        <p>.11</p>
        <p>9mo rev</p>
        <p>404,137,000</p>
        <p>341,074,000</p>
        <p>Net inc</p>
        <p>650,000</p>
        <p>c6,240,000</p>
        <p>Share earns</p>
        <p>-</p>
        <p>.41</p>
        <p>*3*** COMPANY REPORTS **</p>
        <p>*3*AMERICAN CAPITAL CORP (AMEX)</p>
        <p>Qtr to Sept 30</p>
        <p>1987</p>
        <p>1986</p>
        <p>Revenue</p>
        <p>137,668,000</p>
        <p>118,568000</p>
        <p>Net loss</p>
        <p>1,930,000</p>
        <p>b1,716,000</p>
        <p>Share earns</p>
        <p>-</p>
        <p>.11</p>
        <p>9mo rev</p>
        <p>404,137,000</p>
        <p>341,074,000</p>
        <p>Net inc</p>
        <p>650,000</p>
        <p>c6,240,000</p>
        <p>Share earns</p>
        <p>-</p>
        <p>.41</p>
        <p>b-Net income  c-After an extraordinary charge of $467,000.</p>
      </block>
    </body.content>
  </body>
</nitf>
