<?xml version="1.0" encoding="UTF-8"?>
<!DOCTYPE nitf SYSTEM "http://www.nitf.org/IPTC/NITF/3.3/specification/dtd/nitf-3-3.dtd">
<nitf change.date="June 10, 2005" change.time="19:30" version="-//IPTC//DTD NITF 3.3//EN">
  <head>
    <title>New York State Certificates</title>
    <meta content="23" name="publication_day_of_month"/>
    <meta content="9" name="publication_month"/>
    <meta content="1987" name="publication_year"/>
    <meta content="Wednesday" name="publication_day_of_week"/>
    <meta content="Financial Desk" name="dsk"/>
    <meta content="23" name="print_page_number"/>
    <meta content="D" name="print_section"/>
    <meta content="2" name="print_column"/>
    <meta content="Business" name="online_sections"/>
    <docdata>
      <doc-id id-string="76754"/>
      <doc.copyright holder="The New York Times" year="1987"/>
      <series series.name="FINANCE/NEW ISSUES"/>
      <identified-content>
        <classifier class="indexing_service" type="descriptor">GOVERNMENT BONDS</classifier>
        <location class="indexing_service">NEW YORK STATE</location>
        <classifier class="online_producer" type="taxonomic_classifier">Top/News/Business</classifier>
        <classifier class="online_producer" type="taxonomic_classifier">Top/Features/Travel/Guides/Destinations/North America</classifier>
        <classifier class="online_producer" type="taxonomic_classifier">Top/Features/Travel/Guides/Destinations/North America/United States</classifier>
        <classifier class="online_producer" type="taxonomic_classifier">Top/Features/Travel/Guides/Destinations/North America/United States/New York</classifier>
        <classifier class="online_producer" type="general_descriptor">Government Bonds</classifier>
        <classifier class="online_producer" type="general_descriptor">Stocks and Bonds</classifier>
        <classifier class="online_producer" type="general_descriptor">Finances</classifier>
      </identified-content>
    </docdata>
    <pubdata date.publication="19870923T000000" ex-ref="http://query.nytimes.com/gst/fullpage.html?res=9B0DE6DF1239F930A1575AC0A961948260" item-length="84" name="The New York Times" unit-of-measure="word"/>
  </head>
  <body>
    <body.head>
      <hedline>
        <hl1>New York State Certificates</hl1>
      </hedline>
    </body.head>
    <body.content>
      <block class="lead_paragraph">
        <p>LEAD: New York State is offering about $92.6 million of certificates of participation through underwriters led by Dillon, Read &amp; Company.</p>
      </block>
      <block class="full_text">
        <p>LEAD: New York State is offering about $92.6 million of certificates of participation through underwriters led by Dillon, Read &amp; Company.</p>
        <p>New York State is offering about $92.6 million of certificates of participation through underwriters led by Dillon, Read &amp; Company.</p>
        <p>Yields on the issue range from 5.5 percent for certificates due in 1988 to 6.5 percent in 1992 and 7.10 percent in 1996.</p>
        <p>The maturities running from 1990 through 1996 are insured by Bond Investors Guaranty Inc. and rated triple-A by both Moody's Investors Service and the Standard &amp; Poor's Corporation, while the remainder of the financing carries a single-A rating.</p>
        <p>FINANCE/NEW ISSUES</p>
      </block>
    </body.content>
  </body>
</nitf>
