<?xml version="1.0" encoding="UTF-8"?>
<!DOCTYPE nitf SYSTEM "http://www.nitf.org/IPTC/NITF/3.3/specification/dtd/nitf-3-3.dtd">
<nitf change.date="June 10, 2005" change.time="19:30" version="-//IPTC//DTD NITF 3.3//EN">
  <head>
    <title>Deukmejian Names 3 To State Supreme Court</title>
    <meta content="19" name="publication_day_of_month"/>
    <meta content="2" name="publication_month"/>
    <meta content="1987" name="publication_year"/>
    <meta content="Thursday" name="publication_day_of_week"/>
    <meta content="National Desk" name="dsk"/>
    <meta content="23" name="print_page_number"/>
    <meta content="A" name="print_section"/>
    <meta content="1" name="print_column"/>
    <meta content="U.S." name="online_sections"/>
    <docdata>
      <doc-id id-string="14539"/>
      <doc.copyright holder="The New York Times" year="1987"/>
      <identified-content>
        <classifier class="indexing_service" type="descriptor">COURTS</classifier>
        <classifier class="indexing_service" type="descriptor">APPOINTMENTS AND EXECUTIVE CHANGES</classifier>
        <classifier class="indexing_service" type="descriptor">JUDGES</classifier>
        <classifier class="indexing_service" type="descriptor">SUPREME COURTS (STATE)</classifier>
        <location class="indexing_service">CALIFORNIA</location>
        <person class="indexing_service">DEUKMEJIAN, GEORGE (GOV)</person>
        <person class="indexing_service">ARGUELLES, JOHN A</person>
        <person class="indexing_service">EAGLESON, DAVID N</person>
        <person class="indexing_service">KAUFMAN, MARCUS M</person>
        <classifier class="online_producer" type="taxonomic_classifier">Top/News/U.S.</classifier>
        <classifier class="online_producer" type="taxonomic_classifier">Top/News/U.S./U.S. States, Territories and Possessions/California</classifier>
        <classifier class="online_producer" type="taxonomic_classifier">Top/News/U.S./West</classifier>
        <classifier class="online_producer" type="taxonomic_classifier">Top/News</classifier>
        <classifier class="online_producer" type="taxonomic_classifier">Top/Features/Travel/Guides/Destinations/North America</classifier>
        <classifier class="online_producer" type="taxonomic_classifier">Top/Features/Travel/Guides/Destinations/North America/United States</classifier>
        <classifier class="online_producer" type="taxonomic_classifier">Top/Features/Travel/Guides/Destinations/North America/United States/California</classifier>
        <classifier class="online_producer" type="general_descriptor">Courts</classifier>
        <classifier class="online_producer" type="general_descriptor">Appointments and Executive Changes</classifier>
        <classifier class="online_producer" type="general_descriptor">Judges</classifier>
      </identified-content>
    </docdata>
    <pubdata date.publication="19870219T000000" ex-ref="http://query.nytimes.com/gst/fullpage.html?res=9B0DE4D71739F93AA25751C0A961948260" item-length="190" name="The New York Times" unit-of-measure="word"/>
  </head>
  <body>
    <body.head>
      <hedline>
        <hl1>Deukmejian Names 3 To State Supreme Court</hl1>
      </hedline>
      <byline class="print_byline">AP</byline>
      <dateline>SACRAMENTO, Calif., Feb. 18</dateline>
    </body.head>
    <body.content>
      <block class="lead_paragraph">
        <p>LEAD: Gov. George Deukmejian selected three new justices for the California Supreme Court today, heralding the end of a decade of liberal dominance of the court.</p>
      </block>
      <block class="full_text">
        <p>LEAD: Gov. George Deukmejian selected three new justices for the California Supreme Court today, heralding the end of a decade of liberal dominance of the court.</p>
        <p>Gov. George Deukmejian selected three new justices for the California Supreme Court today, heralding the end of a decade of liberal dominance of the court.</p>
        <p>The nominations, if confirmed by the state Commission on Judicial Appointments, would bring to five the number of Supreme Court appointments the Republican Governor has made, giving him a decisive majority on the seven-member court. A hearing has been set for March 18.</p>
        <p>The Governor named John A. Arguelles, 59 years old, of Irvine, David N. Eagleson, 62, of Long Beach, and Marcus M. Kaufman, 57, of San Bernardino, all state appeals court judges, to the Supreme Court.</p>
        <p>Judges Arguelles and Eagleson had been appointed by Mr. Deukmejian to the appeals court bench; Judge Kaufman had been named by Ronald Reagan when he was Governor.</p>
        <p>''In making these appointments, I have turned to justices who are known for their intergity, balance, intellectual capability and extensive legal experience,'' the Governor said in a statement.</p>
        <p>Earlier, Governor Deukmejian appointed his former law partner, Malcolm Lucas, as chief justice and named Edward Panelli as an associate justice.</p>
      </block>
    </body.content>
  </body>
</nitf>
