<?xml version="1.0" encoding="UTF-8"?>
<!DOCTYPE nitf SYSTEM "http://www.nitf.org/IPTC/NITF/3.3/specification/dtd/nitf-3-3.dtd">
<nitf change.date="June 10, 2005" change.time="19:30" version="-//IPTC//DTD NITF 3.3//EN">
  <head>
    <title>CLINICAL DATA reports earnings for Qtr to Dec 31</title>
    <meta content="19" name="publication_day_of_month"/>
    <meta content="2" name="publication_month"/>
    <meta content="1987" name="publication_year"/>
    <meta content="Thursday" name="publication_day_of_week"/>
    <meta content="Financial Desk" name="dsk"/>
    <meta content="7" name="print_page_number"/>
    <meta content="D" name="print_section"/>
    <meta content="1" name="print_column"/>
    <meta content="Business" name="online_sections"/>
    <docdata>
      <doc-id id-string="14673"/>
      <doc.copyright holder="The New York Times" year="1987"/>
      <identified-content>
        <classifier class="indexing_service" type="descriptor">COMPANY REPORTS</classifier>
        <classifier class="online_producer" type="types_of_material">Statistics</classifier>
        <classifier class="online_producer" type="taxonomic_classifier">Top/News/Business</classifier>
        <classifier class="online_producer" type="general_descriptor">Company Reports</classifier>
        <classifier class="online_producer" type="general_descriptor">Corporations</classifier>
      </identified-content>
    </docdata>
    <pubdata date.publication="19870219T000000" ex-ref="http://query.nytimes.com/gst/fullpage.html?res=9E05E0D7163BF93AA25751C0A961948260" item-length="50" name="The New York Times" unit-of-measure="word"/>
  </head>
  <body>
    <body.head>
      <hedline>
        <hl1>CLINICAL DATA reports earnings for Qtr to Dec 31</hl1>
      </hedline>
    </body.head>
    <body.content>
      <block class="lead_paragraph">
        <p>LEAD:</p>
        <p>*3*** COMPANY REPORTS **</p>
        <p>*3*CLINICAL DATA (OTC)</p>
        <p>Qtr to Dec 31</p>
        <p>1986</p>
        <p>1985</p>
        <p>Revenue</p>
        <p>3,962,000</p>
        <p>1,997,000</p>
        <p>Net inc</p>
        <p>327,000</p>
        <p>b294,000</p>
        <p>Share earns</p>
        <p>.11</p>
        <p>-</p>
        <p>9mo rev</p>
        <p>10,424,000</p>
        <p>5,724,000</p>
        <p>Net inc</p>
        <p>513,000</p>
        <p>b637,000</p>
        <p>Share earns</p>
        <p>.17</p>
        <p>-</p>
        <p>b-Net loss</p>
      </block>
      <block class="full_text">
        <p>LEAD:</p>
        <p>*3*** COMPANY REPORTS **</p>
        <p>*3*CLINICAL DATA (OTC)</p>
        <p>Qtr to Dec 31</p>
        <p>1986</p>
        <p>1985</p>
        <p>Revenue</p>
        <p>3,962,000</p>
        <p>1,997,000</p>
        <p>Net inc</p>
        <p>327,000</p>
        <p>b294,000</p>
        <p>Share earns</p>
        <p>.11</p>
        <p>-</p>
        <p>9mo rev</p>
        <p>10,424,000</p>
        <p>5,724,000</p>
        <p>Net inc</p>
        <p>513,000</p>
        <p>b637,000</p>
        <p>Share earns</p>
        <p>.17</p>
        <p>-</p>
        <p>b-Net loss</p>
        <p>*3*** COMPANY REPORTS **</p>
        <p>*3*CLINICAL DATA (OTC)</p>
        <p>Qtr to Dec 31</p>
        <p>1986</p>
        <p>1985</p>
        <p>Revenue</p>
        <p>3,962,000</p>
        <p>1,997,000</p>
        <p>Net inc</p>
        <p>327,000</p>
        <p>b294,000</p>
        <p>Share earns</p>
        <p>.11</p>
        <p>-</p>
        <p>9mo rev</p>
        <p>10,424,000</p>
        <p>5,724,000</p>
        <p>Net inc</p>
        <p>513,000</p>
        <p>b637,000</p>
        <p>Share earns</p>
        <p>.17</p>
        <p>-</p>
        <p>b-Net loss</p>
      </block>
    </body.content>
  </body>
</nitf>
