<?xml version="1.0" encoding="UTF-8"?>
<!DOCTYPE nitf SYSTEM "http://www.nitf.org/IPTC/NITF/3.3/specification/dtd/nitf-3-3.dtd">
<nitf change.date="June 10, 2005" change.time="19:30" version="-//IPTC//DTD NITF 3.3//EN">
  <head>
    <title>CIRCUIT CITY STORES INC reports earnings for Qtr to Feb 28</title>
    <meta content="21" name="publication_day_of_month"/>
    <meta content="4" name="publication_month"/>
    <meta content="1987" name="publication_year"/>
    <meta content="Tuesday" name="publication_day_of_week"/>
    <meta content="Financial Desk" name="dsk"/>
    <meta content="6" name="print_page_number"/>
    <meta content="D" name="print_section"/>
    <meta content="5" name="print_column"/>
    <meta content="Business" name="online_sections"/>
    <docdata>
      <doc-id id-string="32381"/>
      <doc.copyright holder="The New York Times" year="1987"/>
      <identified-content>
        <classifier class="indexing_service" type="descriptor">COMPANY REPORTS</classifier>
        <classifier class="online_producer" type="types_of_material">Statistics</classifier>
        <classifier class="online_producer" type="taxonomic_classifier">Top/News/Business</classifier>
        <classifier class="online_producer" type="general_descriptor">Company Reports</classifier>
        <classifier class="online_producer" type="general_descriptor">Corporations</classifier>
      </identified-content>
    </docdata>
    <pubdata date.publication="19870421T000000" ex-ref="http://query.nytimes.com/gst/fullpage.html?res=9805E0D7103BF932A15757C0A961948260" item-length="67" name="The New York Times" unit-of-measure="word"/>
  </head>
  <body>
    <body.head>
      <hedline>
        <hl1>CIRCUIT CITY STORES INC reports earnings for Qtr to Feb 28</hl1>
      </hedline>
    </body.head>
    <body.content>
      <block class="lead_paragraph">
        <p>LEAD:</p>
        <p>*3*** COMPANY REPORTS **</p>
        <p>*3*CIRCUIT CITY STORES INC (NYSE)</p>
        <p>Qtr to Feb 28</p>
        <p>1987</p>
        <p>1986</p>
        <p>Revenue</p>
        <p>356,550,000</p>
        <p>257,879,000</p>
        <p>Net inc</p>
        <p>17,248,000</p>
        <p>11,655,000</p>
        <p>Share earns</p>
        <p>.77</p>
        <p>.52</p>
        <p>Shares outst</p>
        <p>22,442,000</p>
        <p>22,226,000</p>
        <p>Yr rev</p>
        <p>1,010,692,000</p>
        <p>705,490,000</p>
        <p>Net inc</p>
        <p>35,300,000</p>
        <p>22,021,000</p>
        <p>Share earns</p>
        <p>1.59</p>
        <p>.99</p>
        <p>Shares outst</p>
        <p>22,250,000</p>
        <p>22,130,000</p>
      </block>
      <block class="full_text">
        <p>LEAD:</p>
        <p>*3*** COMPANY REPORTS **</p>
        <p>*3*CIRCUIT CITY STORES INC (NYSE)</p>
        <p>Qtr to Feb 28</p>
        <p>1987</p>
        <p>1986</p>
        <p>Revenue</p>
        <p>356,550,000</p>
        <p>257,879,000</p>
        <p>Net inc</p>
        <p>17,248,000</p>
        <p>11,655,000</p>
        <p>Share earns</p>
        <p>.77</p>
        <p>.52</p>
        <p>Shares outst</p>
        <p>22,442,000</p>
        <p>22,226,000</p>
        <p>Yr rev</p>
        <p>1,010,692,000</p>
        <p>705,490,000</p>
        <p>Net inc</p>
        <p>35,300,000</p>
        <p>22,021,000</p>
        <p>Share earns</p>
        <p>1.59</p>
        <p>.99</p>
        <p>Shares outst</p>
        <p>22,250,000</p>
        <p>22,130,000</p>
        <p>*3*** COMPANY REPORTS **</p>
        <p>*3*CIRCUIT CITY STORES INC (NYSE)</p>
        <p>Qtr to Feb 28</p>
        <p>1987</p>
        <p>1986</p>
        <p>Revenue</p>
        <p>356,550,000</p>
        <p>257,879,000</p>
        <p>Net inc</p>
        <p>17,248,000</p>
        <p>11,655,000</p>
        <p>Share earns</p>
        <p>.77</p>
        <p>.52</p>
        <p>Shares outst</p>
        <p>22,442,000</p>
        <p>22,226,000</p>
        <p>Yr rev</p>
        <p>1,010,692,000</p>
        <p>705,490,000</p>
        <p>Net inc</p>
        <p>35,300,000</p>
        <p>22,021,000</p>
        <p>Share earns</p>
        <p>1.59</p>
        <p>.99</p>
        <p>Shares outst</p>
        <p>22,250,000</p>
        <p>22,130,000</p>
      </block>
    </body.content>
  </body>
</nitf>
