<?xml version="1.0" encoding="UTF-8"?>
<!DOCTYPE nitf SYSTEM "http://www.nitf.org/IPTC/NITF/3.3/specification/dtd/nitf-3-3.dtd">
<nitf change.date="June 10, 2005" change.time="19:30" version="-//IPTC//DTD NITF 3.3//EN">
  <head>
    <title>WESTERN FINANCIAL CORP reports earnings for Qtr to Dec 31</title>
    <meta content="26" name="publication_day_of_month"/>
    <meta content="2" name="publication_month"/>
    <meta content="1987" name="publication_year"/>
    <meta content="Thursday" name="publication_day_of_week"/>
    <meta content="Financial Desk" name="dsk"/>
    <meta content="6" name="print_page_number"/>
    <meta content="D" name="print_section"/>
    <meta content="5" name="print_column"/>
    <meta content="Business" name="online_sections"/>
    <docdata>
      <doc-id id-string="16928"/>
      <doc.copyright holder="The New York Times" year="1987"/>
      <identified-content>
        <classifier class="indexing_service" type="descriptor">COMPANY REPORTS</classifier>
        <classifier class="online_producer" type="types_of_material">Statistics</classifier>
        <classifier class="online_producer" type="taxonomic_classifier">Top/News/Business</classifier>
        <classifier class="online_producer" type="general_descriptor">Company Reports</classifier>
        <classifier class="online_producer" type="general_descriptor">Corporations</classifier>
      </identified-content>
    </docdata>
    <pubdata date.publication="19870226T000000" ex-ref="http://query.nytimes.com/gst/fullpage.html?res=9E05E0D71330F935A15751C0A961948260" item-length="46" name="The New York Times" unit-of-measure="word"/>
  </head>
  <body>
    <body.head>
      <hedline>
        <hl1>WESTERN FINANCIAL CORP reports earnings for Qtr to Dec 31</hl1>
      </hedline>
    </body.head>
    <body.content>
      <block class="lead_paragraph">
        <p>LEAD:</p>
        <p>*3*** COMPANY REPORTS **</p>
        <p>*3*WESTERN FINANCIAL CORP (NYSE)</p>
        <p>Qtr to Dec 31</p>
        <p>1986</p>
        <p>1985</p>
        <p>Net inc</p>
        <p>638,000</p>
        <p>197,000</p>
        <p>Per share</p>
        <p>.34</p>
        <p>.13</p>
        <p>Yr net inc</p>
        <p>2,717,000</p>
        <p>1,551,000</p>
        <p>Per share</p>
        <p>1.67</p>
        <p>-</p>
        <p>The company went public in December 1985.</p>
      </block>
      <block class="full_text">
        <p>LEAD:</p>
        <p>*3*** COMPANY REPORTS **</p>
        <p>*3*WESTERN FINANCIAL CORP (NYSE)</p>
        <p>Qtr to Dec 31</p>
        <p>1986</p>
        <p>1985</p>
        <p>Net inc</p>
        <p>638,000</p>
        <p>197,000</p>
        <p>Per share</p>
        <p>.34</p>
        <p>.13</p>
        <p>Yr net inc</p>
        <p>2,717,000</p>
        <p>1,551,000</p>
        <p>Per share</p>
        <p>1.67</p>
        <p>-</p>
        <p>The company went public in December 1985.</p>
        <p>*3*** COMPANY REPORTS **</p>
        <p>*3*WESTERN FINANCIAL CORP (NYSE)</p>
        <p>Qtr to Dec 31</p>
        <p>1986</p>
        <p>1985</p>
        <p>Net inc</p>
        <p>638,000</p>
        <p>197,000</p>
        <p>Per share</p>
        <p>.34</p>
        <p>.13</p>
        <p>Yr net inc</p>
        <p>2,717,000</p>
        <p>1,551,000</p>
        <p>Per share</p>
        <p>1.67</p>
        <p>-</p>
        <p>The company went public in December 1985.</p>
      </block>
    </body.content>
  </body>
</nitf>
