<?xml version="1.0" encoding="UTF-8"?>
<!DOCTYPE nitf SYSTEM "http://www.nitf.org/IPTC/NITF/3.3/specification/dtd/nitf-3-3.dtd">
<nitf change.date="June 10, 2005" change.time="19:30" version="-//IPTC//DTD NITF 3.3//EN">
  <head>
    <title>YELLOW FREIGHT SYSTEM INC reports earnings for Qtr to June 30</title>
    <meta content="23" name="publication_day_of_month"/>
    <meta content="7" name="publication_month"/>
    <meta content="1987" name="publication_year"/>
    <meta content="Thursday" name="publication_day_of_week"/>
    <meta content="Financial Desk" name="dsk"/>
    <meta content="5" name="print_page_number"/>
    <meta content="D" name="print_section"/>
    <meta content="1" name="print_column"/>
    <meta content="Business" name="online_sections"/>
    <docdata>
      <doc-id id-string="59200"/>
      <doc.copyright holder="The New York Times" year="1987"/>
      <identified-content>
        <classifier class="indexing_service" type="descriptor">COMPANY REPORTS</classifier>
        <classifier class="online_producer" type="types_of_material">Statistics</classifier>
        <classifier class="online_producer" type="taxonomic_classifier">Top/News/Business</classifier>
        <classifier class="online_producer" type="general_descriptor">Company Reports</classifier>
        <classifier class="online_producer" type="general_descriptor">Corporations</classifier>
      </identified-content>
    </docdata>
    <pubdata date.publication="19870723T000000" ex-ref="http://query.nytimes.com/gst/fullpage.html?res=9B05E0D7133EF930A15754C0A961948260" item-length="53" name="The New York Times" unit-of-measure="word"/>
  </head>
  <body>
    <body.head>
      <hedline>
        <hl1>YELLOW FREIGHT SYSTEM INC reports earnings for Qtr to June 30</hl1>
      </hedline>
    </body.head>
    <body.content>
      <block class="lead_paragraph">
        <p>LEAD:</p>
        <p>*3*** COMPANY REPORTS **</p>
        <p>*3*YELLOW FREIGHT SYSTEM INC (OTC)</p>
        <p>Qtr to June 30</p>
        <p>1987</p>
        <p>1986</p>
        <p>Revenue</p>
        <p>437,821,000</p>
        <p>436,601,000</p>
        <p>Net inc</p>
        <p>12,622,000</p>
        <p>21,164,000</p>
        <p>Share earns</p>
        <p>.44</p>
        <p>.74</p>
        <p>6mo rev</p>
        <p>853,129,000</p>
        <p>833,835,000</p>
        <p>Net inc</p>
        <p>18,288,000</p>
        <p>35,385,000</p>
        <p>Share earns</p>
        <p>.64</p>
        <p>1.24</p>
      </block>
      <block class="full_text">
        <p>LEAD:</p>
        <p>*3*** COMPANY REPORTS **</p>
        <p>*3*YELLOW FREIGHT SYSTEM INC (OTC)</p>
        <p>Qtr to June 30</p>
        <p>1987</p>
        <p>1986</p>
        <p>Revenue</p>
        <p>437,821,000</p>
        <p>436,601,000</p>
        <p>Net inc</p>
        <p>12,622,000</p>
        <p>21,164,000</p>
        <p>Share earns</p>
        <p>.44</p>
        <p>.74</p>
        <p>6mo rev</p>
        <p>853,129,000</p>
        <p>833,835,000</p>
        <p>Net inc</p>
        <p>18,288,000</p>
        <p>35,385,000</p>
        <p>Share earns</p>
        <p>.64</p>
        <p>1.24</p>
        <p>*3*** COMPANY REPORTS **</p>
        <p>*3*YELLOW FREIGHT SYSTEM INC (OTC)</p>
        <p>Qtr to June 30</p>
        <p>1987</p>
        <p>1986</p>
        <p>Revenue</p>
        <p>437,821,000</p>
        <p>436,601,000</p>
        <p>Net inc</p>
        <p>12,622,000</p>
        <p>21,164,000</p>
        <p>Share earns</p>
        <p>.44</p>
        <p>.74</p>
        <p>6mo rev</p>
        <p>853,129,000</p>
        <p>833,835,000</p>
        <p>Net inc</p>
        <p>18,288,000</p>
        <p>35,385,000</p>
        <p>Share earns</p>
        <p>.64</p>
        <p>1.24</p>
      </block>
    </body.content>
  </body>
</nitf>
