<?xml version="1.0" encoding="UTF-8"?>
<!DOCTYPE nitf SYSTEM "http://www.nitf.org/IPTC/NITF/3.3/specification/dtd/nitf-3-3.dtd">
<nitf change.date="June 10, 2005" change.time="19:30" version="-//IPTC//DTD NITF 3.3//EN">
  <head>
    <title>Air Cleanup: Clash of Aims; Help for One Region May Harm Another</title>
    <meta content="12" name="publication_day_of_month"/>
    <meta content="11" name="publication_month"/>
    <meta content="1987" name="publication_year"/>
    <meta content="Thursday" name="publication_day_of_week"/>
    <meta content="National Desk" name="dsk"/>
    <meta content="22" name="print_page_number"/>
    <meta content="A" name="print_section"/>
    <meta content="6" name="print_column"/>
    <meta content="U.S." name="online_sections"/>
    <docdata>
      <doc-id id-string="92183"/>
      <doc.copyright holder="The New York Times" year="1987"/>
      <identified-content>
        <classifier class="indexing_service" type="descriptor">AIR POLLUTION</classifier>
        <classifier class="indexing_service" type="descriptor">ENVIRONMENT</classifier>
        <classifier class="indexing_service" type="descriptor">LAW AND LEGISLATION</classifier>
        <location class="indexing_service">UNITED STATES</location>
        <person class="indexing_service">SHABECOFF, PHILIP</person>
        <object.title class="indexing_service">CLEAN AIR ACT</object.title>
        <classifier class="online_producer" type="types_of_material">News Analysis</classifier>
        <classifier class="online_producer" type="taxonomic_classifier">Top/News/World/Countries and Territories/United States</classifier>
        <classifier class="online_producer" type="taxonomic_classifier">Top/News/U.S.</classifier>
        <classifier class="online_producer" type="taxonomic_classifier">Top/News</classifier>
        <classifier class="online_producer" type="taxonomic_classifier">Top/News/Science/Environment</classifier>
        <classifier class="online_producer" type="taxonomic_classifier">Top/Features/Travel/Guides/Activities and Interests/Eco-tourism</classifier>
        <classifier class="online_producer" type="taxonomic_classifier">Top/Classifieds/Job Market/Job Categories/Legal</classifier>
        <classifier class="online_producer" type="taxonomic_classifier">Top/Features/Travel/Guides/Destinations/North America</classifier>
        <classifier class="online_producer" type="taxonomic_classifier">Top/Features/Travel/Guides/Destinations/North America/United States</classifier>
        <classifier class="online_producer" type="general_descriptor">Environment</classifier>
        <classifier class="online_producer" type="general_descriptor">Air Pollution</classifier>
        <classifier class="online_producer" type="general_descriptor">Law and Legislation</classifier>
      </identified-content>
    </docdata>
    <pubdata date.publication="19871112T000000" ex-ref="http://query.nytimes.com/gst/fullpage.html?res=9B0DEEDB1E3EF931A25752C1A961948260" item-length="889" name="The New York Times" unit-of-measure="word"/>
  </head>
  <body>
    <body.head>
      <hedline>
        <hl1>Air Cleanup: Clash of Aims; Help for One Region May Harm Another</hl1>
      </hedline>
      <byline class="print_byline">By PHILIP SHABECOFF, Special to the New York Times</byline>
      <byline class="normalized_byline">SHABECOFF, PHILIP</byline>
      <dateline>WASHINGTON, Nov. 11</dateline>
    </body.head>
    <body.content>
      <block class="lead_paragraph">
        <p>LEAD: For environmental and public health groups seeking to strengthen the Clean Air Act, this seemed to be the year to do it. It has been 10 years since the last major revisions were made in the antigress seemed to have several compelling reasons for making changes this year. The first is a Dec. 31 deadline by which cities must lower smog and carbon monoxide to levels deemed necessary to protect human health, as prescribed in the current law.</p>
      </block>
      <block class="full_text">
        <p>LEAD: For environmental and public health groups seeking to strengthen the Clean Air Act, this seemed to be the year to do it. It has been 10 years since the last major revisions were made in the antigress seemed to have several compelling reasons for making changes this year. The first is a Dec. 31 deadline by which cities must lower smog and carbon monoxide to levels deemed necessary to protect human health, as prescribed in the current law.</p>
        <p>For environmental and public health groups seeking to strengthen the Clean Air Act, this seemed to be the year to do it. It has been 10 years since the last major revisions were made in the antigress seemed to have several compelling reasons for making changes this year. The first is a Dec. 31 deadline by which cities must lower smog and carbon monoxide to levels deemed necessary to protect human health, as prescribed in the current law. As many as 60 of the cities may not meet the deadline, and many of them could face damaging economic sanctions unless the law is changed to extend the deadline.</p>
        <p>Another reason for action by Congress is that 1988 is an election year, when many representatives and senators would rather not have to cast recorded votes on sensitive environmental issues. Environmentalists assert that the law should be strengthened to protect human health from air pollution and the environment from acid rain. Prospects for Bill Appear Dim</p>
        <p>But despite these pressures, prospects for new legislation on clean air by Dec. 31, the 17th anniversary of the date President Nixon signed the Clean Air Act into law, now appear dim.</p>
        <p>Lee M. Thomas, Administrator of the Environmental Protection Agency, said Tuesday that he intended to use ''maximum flexibility'' under the law in his use of sanctions. But agency officials concede that the law requires a ban on the construction of factories and other sources of pollution in areas where cities are not making progress toward meeting the clean air rules.</p>
        <p>Representative Bill Green, Republican of Manhattan, said that Congress has proved unable so far to balance the competing regional and economic interests and the ''philosophical'' differences among those with a stake in the outcome of the debate. States in the Middle West, where power plants produce much of the pollution that returns to the earth as acid rain, are loath to install the expensive equipment that would reduce acid fallout in New York and New England. Areas that produce coal with a high content of sulfur, an ingredient in acid rain, do not want new regulations that would lead coal consumers to switch to low-sulfur coal.</p>
        <p>States without a pollution problem, particularly in the West, do not see why they should have to pay for subsidizing expensive control actions in states where there is a problem. Congressmen from areas where the automobile industry is important, including Representative John D. Dingell, a Michigan Democrat who is chairman of the House Energy and Commerce Committee, do not want to force the automobile companies to install expensive antipollution devices. Waxman Wants Stronger Law</p>
        <p>Mr. Dingell and the chairman of his committee's Subcommittee on Health and the Environment, Representative Henry A. Waxman, Democrat of California, have been unable so far to reconcile differences over the clean air legislation. Mr. Waxman has been pushing for strong amendments to the clean air law.</p>
        <p>Another obstacle has been the Reagan Administration's opposition to any major changes in the clean air law, particularly to acid rain legislation.</p>
        <p>While the Energy Committee has thus far been unable to fashion a bill to change the law because of internal disagreements, the Senate Environment and Public Works Committee has prepared far-reaching legislation, much of it by Senator George J. Mitchell, Democrat of Maine. Senator Mitchell's bill would extend the deadlines by varying periods, depending on the severity of pollution problems in different cities. It would also impose more stringent rules on cities unable to meet the deadline and require new pollution control equipment for vehicles.</p>
        <p>The Senate bill would also create a national program to reduce the pollution that causes acid rain by requiring controls on emissions from power plants, factories, autos and trucks. But whether the Senate bill will be voted on is still unknown. The Senate majority Leader, Robert C. Byrd of West Virginia, has expressed strong concern about the impact of controls on acid rain on his state's coal mining industry. 'An Institutional Embarrassment'</p>
        <p>''As 1988 approaches, the continued Congressional stalemate on clean air is an institutional embarrassment,'' said Richard E. Ayres, chairman of the National Clean Air Coalition, an alliance of environmental and health groups.</p>
        <p>Despite the lobbying by the environmental groups, it seems more likely that Congress will opt for an interim solution this year, by extending the deadlines for compliance with the current law in order to head off punitive sanctions. This solution, in theory, would give the cities a period for improvements while Congress took time for a consideration of a permanent solution.</p>
        <p>But there already is sharp debate over how long the deadline should be extended. Mr. Dingell and others want an ''adequate extension'' to allow time to resolve all the issues. Representative John P. Murtha, Democrat of Pennsylvania, proposed a two-year extension to be adopted as part of the House's continuing appropriations resolutions. Environmentalists and their allies in Congress said that such an extension would only provide an excuse for delaying action on strengthening the Clean Air Act until the next Congress. They insist that the grace period, if any, should be limited to six or eight months.</p>
      </block>
    </body.content>
  </body>
</nitf>
