<?xml version="1.0" encoding="UTF-8"?>
<!DOCTYPE nitf SYSTEM "http://www.nitf.org/IPTC/NITF/3.3/specification/dtd/nitf-3-3.dtd">
<nitf change.date="June 10, 2005" change.time="19:30" version="-//IPTC//DTD NITF 3.3//EN">
  <head>
    <title>BASE TEN SYSTEMS INC reports earnings for Qtr to April 30</title>
    <meta content="18" name="publication_day_of_month"/>
    <meta content="6" name="publication_month"/>
    <meta content="1987" name="publication_year"/>
    <meta content="Thursday" name="publication_day_of_week"/>
    <meta content="Financial Desk" name="dsk"/>
    <meta content="8" name="print_page_number"/>
    <meta content="D" name="print_section"/>
    <meta content="1" name="print_column"/>
    <meta content="Business" name="online_sections"/>
    <docdata>
      <doc-id id-string="49877"/>
      <doc.copyright holder="The New York Times" year="1987"/>
      <identified-content>
        <classifier class="indexing_service" type="descriptor">COMPANY REPORTS</classifier>
        <classifier class="online_producer" type="types_of_material">Statistics</classifier>
        <classifier class="online_producer" type="taxonomic_classifier">Top/News/Business</classifier>
        <classifier class="online_producer" type="general_descriptor">Company Reports</classifier>
        <classifier class="online_producer" type="general_descriptor">Corporations</classifier>
      </identified-content>
    </docdata>
    <pubdata date.publication="19870618T000000" ex-ref="http://query.nytimes.com/gst/fullpage.html?res=9A05E0D71039F93BA25755C0A961948260" item-length="53" name="The New York Times" unit-of-measure="word"/>
  </head>
  <body>
    <body.head>
      <hedline>
        <hl1>BASE TEN SYSTEMS INC reports earnings for Qtr to April 30</hl1>
      </hedline>
    </body.head>
    <body.content>
      <block class="lead_paragraph">
        <p>LEAD:</p>
        <p>*3*** COMPANY REPORTS **</p>
        <p>*3*BASE TEN SYSTEMS INC (OTC)</p>
        <p>Qtr to April 30</p>
        <p>1987</p>
        <p>1986</p>
        <p>Revenue</p>
        <p>10,024,000</p>
        <p>8,706,000</p>
        <p>Net loss</p>
        <p>33,000</p>
        <p>b199,000</p>
        <p>Share earns</p>
        <p>-</p>
        <p>.05</p>
        <p>6mo rev</p>
        <p>16,656,000</p>
        <p>17,394,000</p>
        <p>Net loss</p>
        <p>1,017,000</p>
        <p>b261,000</p>
        <p>Share earns</p>
        <p>-</p>
        <p>.07</p>
      </block>
      <block class="full_text">
        <p>LEAD:</p>
        <p>*3*** COMPANY REPORTS **</p>
        <p>*3*BASE TEN SYSTEMS INC (OTC)</p>
        <p>Qtr to April 30</p>
        <p>1987</p>
        <p>1986</p>
        <p>Revenue</p>
        <p>10,024,000</p>
        <p>8,706,000</p>
        <p>Net loss</p>
        <p>33,000</p>
        <p>b199,000</p>
        <p>Share earns</p>
        <p>-</p>
        <p>.05</p>
        <p>6mo rev</p>
        <p>16,656,000</p>
        <p>17,394,000</p>
        <p>Net loss</p>
        <p>1,017,000</p>
        <p>b261,000</p>
        <p>Share earns</p>
        <p>-</p>
        <p>.07</p>
        <p>*3*** COMPANY REPORTS **</p>
        <p>*3*BASE TEN SYSTEMS INC (OTC)</p>
        <p>Qtr to April 30</p>
        <p>1987</p>
        <p>1986</p>
        <p>Revenue</p>
        <p>10,024,000</p>
        <p>8,706,000</p>
        <p>Net loss</p>
        <p>33,000</p>
        <p>b199,000</p>
        <p>Share earns</p>
        <p>-</p>
        <p>.05</p>
        <p>6mo rev</p>
        <p>16,656,000</p>
        <p>17,394,000</p>
        <p>Net loss</p>
        <p>1,017,000</p>
        <p>b261,000</p>
        <p>Share earns</p>
        <p>-</p>
        <p>.07</p>
        <p>b-Net income</p>
      </block>
    </body.content>
  </body>
</nitf>
