<?xml version="1.0" encoding="UTF-8"?>
<!DOCTYPE nitf SYSTEM "http://www.nitf.org/IPTC/NITF/3.3/specification/dtd/nitf-3-3.dtd">
<nitf change.date="June 10, 2005" change.time="19:30" version="-//IPTC//DTD NITF 3.3//EN">
  <head>
    <title>JIM WALTER CORP reports earnings for Qtr to May 31</title>
    <meta content="18" name="publication_day_of_month"/>
    <meta content="6" name="publication_month"/>
    <meta content="1987" name="publication_year"/>
    <meta content="Thursday" name="publication_day_of_week"/>
    <meta content="Financial Desk" name="dsk"/>
    <meta content="8" name="print_page_number"/>
    <meta content="D" name="print_section"/>
    <meta content="1" name="print_column"/>
    <meta content="Business" name="online_sections"/>
    <docdata>
      <doc-id id-string="50121"/>
      <doc.copyright holder="The New York Times" year="1987"/>
      <identified-content>
        <classifier class="indexing_service" type="descriptor">COMPANY REPORTS</classifier>
        <classifier class="online_producer" type="types_of_material">Statistics</classifier>
        <classifier class="online_producer" type="taxonomic_classifier">Top/News/Business</classifier>
        <classifier class="online_producer" type="general_descriptor">Company Reports</classifier>
        <classifier class="online_producer" type="general_descriptor">Corporations</classifier>
      </identified-content>
    </docdata>
    <pubdata date.publication="19870618T000000" ex-ref="http://query.nytimes.com/gst/fullpage.html?res=9A05E0D7163DF93BA25755C0A961948260" item-length="105" name="The New York Times" unit-of-measure="word"/>
  </head>
  <body>
    <body.head>
      <hedline>
        <hl1>JIM WALTER CORP reports earnings for Qtr to May 31</hl1>
      </hedline>
    </body.head>
    <body.content>
      <block class="lead_paragraph">
        <p>LEAD:</p>
        <p>*3*** COMPANY REPORTS **</p>
        <p>*3*JIM WALTER CORP (NYSE)</p>
        <p>Qtr to May 31</p>
        <p>1987</p>
        <p>1986</p>
        <p>Revenue</p>
        <p>610,481,000</p>
        <p>626,880,000</p>
        <p>Net inc</p>
        <p>b46,732,000</p>
        <p>38,480,000</p>
        <p>Share earns</p>
        <p>1.15</p>
        <p>1.01</p>
        <p>9mo rev</p>
        <p>1,719,824,000</p>
        <p>1,705,967,000</p>
        <p>Net inc</p>
        <p>c112,625,000</p>
        <p>88,510,000</p>
        <p>Share earns</p>
        <p>2.77</p>
        <p>2.43</p>
      </block>
      <block class="full_text">
        <p>LEAD:</p>
        <p>*3*** COMPANY REPORTS **</p>
        <p>*3*JIM WALTER CORP (NYSE)</p>
        <p>Qtr to May 31</p>
        <p>1987</p>
        <p>1986</p>
        <p>Revenue</p>
        <p>610,481,000</p>
        <p>626,880,000</p>
        <p>Net inc</p>
        <p>b46,732,000</p>
        <p>38,480,000</p>
        <p>Share earns</p>
        <p>1.15</p>
        <p>1.01</p>
        <p>9mo rev</p>
        <p>1,719,824,000</p>
        <p>1,705,967,000</p>
        <p>Net inc</p>
        <p>c112,625,000</p>
        <p>88,510,000</p>
        <p>Share earns</p>
        <p>2.77</p>
        <p>2.43</p>
        <p>*3*** COMPANY REPORTS **</p>
        <p>*3*JIM WALTER CORP (NYSE)</p>
        <p>Qtr to May 31</p>
        <p>1987</p>
        <p>1986</p>
        <p>Revenue</p>
        <p>610,481,000</p>
        <p>626,880,000</p>
        <p>Net inc</p>
        <p>b46,732,000</p>
        <p>38,480,000</p>
        <p>Share earns</p>
        <p>1.15</p>
        <p>1.01</p>
        <p>9mo rev</p>
        <p>1,719,824,000</p>
        <p>1,705,967,000</p>
        <p>Net inc</p>
        <p>c112,625,000</p>
        <p>88,510,000</p>
        <p>Share earns</p>
        <p>2.77</p>
        <p>2.43</p>
        <p>b-Includes a gain of $645,000 from reduced pension expense following adoption of FASB Statement 87.</p>
        <p>c-Includes a gain of $1,935,000 from reduced pension expense and a gain of $4 million from sale of land.</p>
        <p>The share earnings were adjusted for a 5-for-4 stock split to be distributed July 12.</p>
      </block>
    </body.content>
  </body>
</nitf>
