<?xml version="1.0" encoding="UTF-8"?>
<!DOCTYPE nitf SYSTEM "http://www.nitf.org/IPTC/NITF/3.3/specification/dtd/nitf-3-3.dtd">
<nitf change.date="June 10, 2005" change.time="19:30" version="-//IPTC//DTD NITF 3.3//EN">
  <head>
    <title>MICROPRO INTERNATIONAL CORP reports earnings for Qtr to May 31</title>
    <meta content="23" name="publication_day_of_month"/>
    <meta content="6" name="publication_month"/>
    <meta content="1987" name="publication_year"/>
    <meta content="Tuesday" name="publication_day_of_week"/>
    <meta content="Financial Desk" name="dsk"/>
    <meta content="10" name="print_page_number"/>
    <meta content="D" name="print_section"/>
    <meta content="5" name="print_column"/>
    <meta content="Business" name="online_sections"/>
    <docdata>
      <doc-id id-string="51271"/>
      <doc.copyright holder="The New York Times" year="1987"/>
      <identified-content>
        <classifier class="indexing_service" type="descriptor">COMPANY REPORTS</classifier>
        <classifier class="online_producer" type="types_of_material">Statistics</classifier>
        <classifier class="online_producer" type="taxonomic_classifier">Top/News/Business</classifier>
        <classifier class="online_producer" type="general_descriptor">Company Reports</classifier>
        <classifier class="online_producer" type="general_descriptor">Corporations</classifier>
      </identified-content>
    </docdata>
    <pubdata date.publication="19870623T000000" ex-ref="http://query.nytimes.com/gst/fullpage.html?res=9A05E0D7173BF930A15755C0A961948260" item-length="54" name="The New York Times" unit-of-measure="word"/>
  </head>
  <body>
    <body.head>
      <hedline>
        <hl1>MICROPRO INTERNATIONAL CORP reports earnings for Qtr to May 31</hl1>
      </hedline>
    </body.head>
    <body.content>
      <block class="lead_paragraph">
        <p>LEAD:</p>
        <p>*3*** COMPANY REPORTS **</p>
        <p>*3*MICROPRO INTERNATIONAL CORP (OTC)</p>
        <p>Qtr to May 31</p>
        <p>1987</p>
        <p>1986</p>
        <p>Revenue</p>
        <p>11,393,000</p>
        <p>6,898,000</p>
        <p>Net inc</p>
        <p>1,551,000</p>
        <p>b2,409,000</p>
        <p>Share earns</p>
        <p>.11</p>
        <p>-</p>
        <p>9mo rev</p>
        <p>29,006,000</p>
        <p>27,746,000</p>
        <p>Net inc</p>
        <p>2,125,000</p>
        <p>b889,000</p>
        <p>Share earns</p>
        <p>.16</p>
        <p>-</p>
      </block>
      <block class="full_text">
        <p>LEAD:</p>
        <p>*3*** COMPANY REPORTS **</p>
        <p>*3*MICROPRO INTERNATIONAL CORP (OTC)</p>
        <p>Qtr to May 31</p>
        <p>1987</p>
        <p>1986</p>
        <p>Revenue</p>
        <p>11,393,000</p>
        <p>6,898,000</p>
        <p>Net inc</p>
        <p>1,551,000</p>
        <p>b2,409,000</p>
        <p>Share earns</p>
        <p>.11</p>
        <p>-</p>
        <p>9mo rev</p>
        <p>29,006,000</p>
        <p>27,746,000</p>
        <p>Net inc</p>
        <p>2,125,000</p>
        <p>b889,000</p>
        <p>Share earns</p>
        <p>.16</p>
        <p>-</p>
        <p>*3*** COMPANY REPORTS **</p>
        <p>*3*MICROPRO INTERNATIONAL CORP (OTC)</p>
        <p>Qtr to May 31</p>
        <p>1987</p>
        <p>1986</p>
        <p>Revenue</p>
        <p>11,393,000</p>
        <p>6,898,000</p>
        <p>Net inc</p>
        <p>1,551,000</p>
        <p>b2,409,000</p>
        <p>Share earns</p>
        <p>.11</p>
        <p>-</p>
        <p>9mo rev</p>
        <p>29,006,000</p>
        <p>27,746,000</p>
        <p>Net inc</p>
        <p>2,125,000</p>
        <p>b889,000</p>
        <p>Share earns</p>
        <p>.16</p>
        <p>-</p>
        <p>b-Net loss</p>
      </block>
    </body.content>
  </body>
</nitf>
