<?xml version="1.0" encoding="UTF-8"?>
<!DOCTYPE nitf SYSTEM "http://www.nitf.org/IPTC/NITF/3.3/specification/dtd/nitf-3-3.dtd">
<nitf change.date="June 10, 2005" change.time="19:30" version="-//IPTC//DTD NITF 3.3//EN">
  <head>
    <title>REBEL WITH A CAUSE</title>
    <meta content="25" name="publication_day_of_month"/>
    <meta content="10" name="publication_month"/>
    <meta content="1987" name="publication_year"/>
    <meta content="Sunday" name="publication_day_of_week"/>
    <meta content="Magazine Desk" name="dsk"/>
    <meta content="8" name="print_page_number"/>
    <meta content="6" name="print_section"/>
    <meta content="5" name="print_column"/>
    <meta content="Magazine; Opinion" name="online_sections"/>
    <docdata>
      <doc-id id-string="86584"/>
      <doc.copyright holder="The New York Times" year="1987"/>
      <identified-content>
        <person class="indexing_service">MELLENCAMP, JOHN COUGAR</person>
        <person class="indexing_service">AIKEN, BILL</person>
        <classifier class="online_producer" type="types_of_material">Letter</classifier>
        <classifier class="online_producer" type="taxonomic_classifier">Top/Features/Magazine</classifier>
        <classifier class="online_producer" type="taxonomic_classifier">Top/Opinion</classifier>
        <classifier class="online_producer" type="taxonomic_classifier">Top/Opinion/Opinion</classifier>
      </identified-content>
    </docdata>
    <pubdata date.publication="19871025T000000" ex-ref="http://query.nytimes.com/gst/fullpage.html?res=9B0DE0DE1F3EF936A15753C1A961948260" item-length="67" name="The New York Times" unit-of-measure="word"/>
  </head>
  <body>
    <body.head>
      <hedline>
        <hl1>REBEL WITH A CAUSE</hl1>
      </hedline>
    </body.head>
    <body.content>
      <block class="lead_paragraph">
        <p>LEAD: John Cougar Mellencamp's sobriquet ''Little Bastard'' might very well be attributable to his fiery demeanor (''Rebel With a Cause,'' by Timothy White, Sept. 27). Still, it seems strange that in an article titled ''Rebel With a Cause,'' no mention is made of the fact that fellow Indiana native James Dean had the same sobriquet painted on his racing car.</p>
      </block>
      <block class="full_text">
        <p>LEAD: John Cougar Mellencamp's sobriquet ''Little Bastard'' might very well be attributable to his fiery demeanor (''Rebel With a Cause,'' by Timothy White, Sept. 27). Still, it seems strange that in an article titled ''Rebel With a Cause,'' no mention is made of the fact that fellow Indiana native James Dean had the same sobriquet painted on his racing car.</p>
        <p>John Cougar Mellencamp's sobriquet ''Little Bastard'' might very well be attributable to his fiery demeanor (''Rebel With a Cause,'' by Timothy White, Sept. 27). Still, it seems strange that in an article titled ''Rebel With a Cause,'' no mention is made of the fact that fellow Indiana native James Dean had the same sobriquet painted on his racing car.  BILL AIKEN  Sea Cliff, N.Y.</p>
      </block>
    </body.content>
  </body>
</nitf>
