<?xml version="1.0" encoding="UTF-8"?>
<!DOCTYPE nitf SYSTEM "http://www.nitf.org/IPTC/NITF/3.3/specification/dtd/nitf-3-3.dtd">
<nitf change.date="June 10, 2005" change.time="19:30" version="-//IPTC//DTD NITF 3.3//EN">
  <head>
    <title>UNIVERSAL SECURITY INSTRUMENTS INC reports earnings for Qtr to Dec 31</title>
    <meta content="24" name="publication_day_of_month"/>
    <meta content="1" name="publication_month"/>
    <meta content="1987" name="publication_year"/>
    <meta content="Saturday" name="publication_day_of_week"/>
    <meta content="Financial Desk" name="dsk"/>
    <meta content="35" name="print_page_number"/>
    <meta content="1" name="print_section"/>
    <meta content="1" name="print_column"/>
    <meta content="Business" name="online_sections"/>
    <docdata>
      <doc-id id-string="6471"/>
      <doc.copyright holder="The New York Times" year="1987"/>
      <identified-content>
        <classifier class="indexing_service" type="descriptor">COMPANY REPORTS</classifier>
        <classifier class="online_producer" type="types_of_material">Statistics</classifier>
        <classifier class="online_producer" type="taxonomic_classifier">Top/News/Business</classifier>
        <classifier class="online_producer" type="general_descriptor">Company Reports</classifier>
        <classifier class="online_producer" type="general_descriptor">Corporations</classifier>
      </identified-content>
    </docdata>
    <pubdata date.publication="19870124T000000" ex-ref="http://query.nytimes.com/gst/fullpage.html?res=9E05E0D7173AF937A15752C0A961948260" item-length="85" name="The New York Times" unit-of-measure="word"/>
  </head>
  <body>
    <body.head>
      <hedline>
        <hl1>UNIVERSAL SECURITY INSTRUMENTS INC reports earnings for Qtr to Dec 31</hl1>
      </hedline>
    </body.head>
    <body.content>
      <block class="lead_paragraph">
        <p>LEAD:</p>
        <p>*3*** COMPANY REPORTS **</p>
        <p>*3*UNIVERSAL SECURITY INSTRUMENTS INC (OTC)</p>
        <p>Qtr to Dec 31</p>
        <p>1986</p>
        <p>1985</p>
        <p>Sales</p>
        <p>6,470,495</p>
        <p>5,355,562</p>
        <p>Net inc</p>
        <p>b180,862</p>
        <p>c271,357</p>
        <p>Share earns</p>
        <p>.05</p>
        <p>.07</p>
        <p>9mo sales</p>
        <p>19,093,930</p>
        <p>12,488,963</p>
        <p>Net inc</p>
        <p>b884,891</p>
        <p>c486,925</p>
        <p>Share earns</p>
        <p>.22</p>
        <p>.13</p>
      </block>
      <block class="full_text">
        <p>LEAD:</p>
        <p>*3*** COMPANY REPORTS **</p>
        <p>*3*UNIVERSAL SECURITY INSTRUMENTS INC (OTC)</p>
        <p>Qtr to Dec 31</p>
        <p>1986</p>
        <p>1985</p>
        <p>Sales</p>
        <p>6,470,495</p>
        <p>5,355,562</p>
        <p>Net inc</p>
        <p>b180,862</p>
        <p>c271,357</p>
        <p>Share earns</p>
        <p>.05</p>
        <p>.07</p>
        <p>9mo sales</p>
        <p>19,093,930</p>
        <p>12,488,963</p>
        <p>Net inc</p>
        <p>b884,891</p>
        <p>c486,925</p>
        <p>Share earns</p>
        <p>.22</p>
        <p>.13</p>
        <p>*3*** COMPANY REPORTS **</p>
        <p>*3*UNIVERSAL SECURITY INSTRUMENTS INC (OTC)</p>
        <p>Qtr to Dec 31</p>
        <p>1986</p>
        <p>1985</p>
        <p>Sales</p>
        <p>6,470,495</p>
        <p>5,355,562</p>
        <p>Net inc</p>
        <p>b180,862</p>
        <p>c271,357</p>
        <p>Share earns</p>
        <p>.05</p>
        <p>.07</p>
        <p>9mo sales</p>
        <p>19,093,930</p>
        <p>12,488,963</p>
        <p>Net inc</p>
        <p>b884,891</p>
        <p>c486,925</p>
        <p>Share earns</p>
        <p>.22</p>
        <p>.13</p>
        <p>b-Includes a tax credit of $83,197 and $407,050 for the quarter and 9 months, respectively.</p>
        <p>c-Includes a tax credit of $130,251 and $233,724 for the quarter and 9 months, respectively.</p>
      </block>
    </body.content>
  </body>
</nitf>
