<?xml version="1.0" encoding="UTF-8"?>
<!DOCTYPE nitf SYSTEM "http://www.nitf.org/IPTC/NITF/3.3/specification/dtd/nitf-3-3.dtd">
<nitf change.date="June 10, 2005" change.time="19:30" version="-//IPTC//DTD NITF 3.3//EN">
  <head>
    <title>FOOD LION INC reports earnings for 12wks to Sept 12</title>
    <meta content="25" name="publication_day_of_month"/>
    <meta content="9" name="publication_month"/>
    <meta content="1987" name="publication_year"/>
    <meta content="Friday" name="publication_day_of_week"/>
    <meta content="Financial Desk" name="dsk"/>
    <meta content="14" name="print_page_number"/>
    <meta content="D" name="print_section"/>
    <meta content="5" name="print_column"/>
    <meta content="Business" name="online_sections"/>
    <docdata>
      <doc-id id-string="77234"/>
      <doc.copyright holder="The New York Times" year="1987"/>
      <identified-content>
        <classifier class="indexing_service" type="descriptor">COMPANY REPORTS</classifier>
        <classifier class="online_producer" type="types_of_material">Statistics</classifier>
        <classifier class="online_producer" type="taxonomic_classifier">Top/News/Business</classifier>
        <classifier class="online_producer" type="general_descriptor">Company Reports</classifier>
        <classifier class="online_producer" type="general_descriptor">Corporations</classifier>
      </identified-content>
    </docdata>
    <pubdata date.publication="19870925T000000" ex-ref="http://query.nytimes.com/gst/fullpage.html?res=9505E0D71F39F936A1575AC0A961948260" item-length="66" name="The New York Times" unit-of-measure="word"/>
  </head>
  <body>
    <body.head>
      <hedline>
        <hl1>FOOD LION INC reports earnings for 12wks to Sept 12</hl1>
      </hedline>
    </body.head>
    <body.content>
      <block class="lead_paragraph">
        <p>LEAD:</p>
        <p>*3*** COMPANY REPORTS **</p>
        <p>*3*FOOD LION INC (OTC)</p>
        <p>12wks to Sept 12</p>
        <p>1987</p>
        <p>1986</p>
        <p>Sales</p>
        <p>698,187,824</p>
        <p>553,693,277</p>
        <p>Net inc</p>
        <p>21,212,176</p>
        <p>15,121,806</p>
        <p>Share earns</p>
        <p>.13</p>
        <p>.09</p>
        <p>Shares outst</p>
        <p>160,748,178</p>
        <p>160,180,939</p>
        <p>36wk sales</p>
        <p>1,984,984,905</p>
        <p>1,595,130,734</p>
        <p>Net inc</p>
        <p>57,627,462</p>
        <p>42,355,757</p>
        <p>Share earns</p>
        <p>.35</p>
        <p>.26</p>
        <p>Shares outst</p>
        <p>160,675,753</p>
        <p>159,982,538</p>
      </block>
      <block class="full_text">
        <p>LEAD:</p>
        <p>*3*** COMPANY REPORTS **</p>
        <p>*3*FOOD LION INC (OTC)</p>
        <p>12wks to Sept 12</p>
        <p>1987</p>
        <p>1986</p>
        <p>Sales</p>
        <p>698,187,824</p>
        <p>553,693,277</p>
        <p>Net inc</p>
        <p>21,212,176</p>
        <p>15,121,806</p>
        <p>Share earns</p>
        <p>.13</p>
        <p>.09</p>
        <p>Shares outst</p>
        <p>160,748,178</p>
        <p>160,180,939</p>
        <p>36wk sales</p>
        <p>1,984,984,905</p>
        <p>1,595,130,734</p>
        <p>Net inc</p>
        <p>57,627,462</p>
        <p>42,355,757</p>
        <p>Share earns</p>
        <p>.35</p>
        <p>.26</p>
        <p>Shares outst</p>
        <p>160,675,753</p>
        <p>159,982,538</p>
        <p>*3*** COMPANY REPORTS **</p>
        <p>*3*FOOD LION INC (OTC)</p>
        <p>12wks to Sept 12</p>
        <p>1987</p>
        <p>1986</p>
        <p>Sales</p>
        <p>698,187,824</p>
        <p>553,693,277</p>
        <p>Net inc</p>
        <p>21,212,176</p>
        <p>15,121,806</p>
        <p>Share earns</p>
        <p>.13</p>
        <p>.09</p>
        <p>Shares outst</p>
        <p>160,748,178</p>
        <p>160,180,939</p>
        <p>36wk sales</p>
        <p>1,984,984,905</p>
        <p>1,595,130,734</p>
        <p>Net inc</p>
        <p>57,627,462</p>
        <p>42,355,757</p>
        <p>Share earns</p>
        <p>.35</p>
        <p>.26</p>
        <p>Shares outst</p>
        <p>160,675,753</p>
        <p>159,982,538</p>
      </block>
    </body.content>
  </body>
</nitf>
