<?xml version="1.0" encoding="UTF-8"?>
<!DOCTYPE nitf SYSTEM "http://www.nitf.org/IPTC/NITF/3.3/specification/dtd/nitf-3-3.dtd">
<nitf change.date="June 10, 2005" change.time="19:30" version="-//IPTC//DTD NITF 3.3//EN">
  <head>
    <title>HOME FEDERAL SAVINGS &amp; LOAN (SAN FRANISCO) reports earnings for Qtr to Dec 31</title>
    <meta content="31" name="publication_day_of_month"/>
    <meta content="1" name="publication_month"/>
    <meta content="1987" name="publication_year"/>
    <meta content="Saturday" name="publication_day_of_week"/>
    <meta content="Financial Desk" name="dsk"/>
    <meta content="45" name="print_page_number"/>
    <meta content="1" name="print_section"/>
    <meta content="1" name="print_column"/>
    <meta content="Business" name="online_sections"/>
    <docdata>
      <doc-id id-string="8979"/>
      <doc.copyright holder="The New York Times" year="1987"/>
      <identified-content>
        <classifier class="indexing_service" type="descriptor">COMPANY REPORTS</classifier>
        <classifier class="online_producer" type="types_of_material">Statistics</classifier>
        <classifier class="online_producer" type="taxonomic_classifier">Top/News/Business</classifier>
        <classifier class="online_producer" type="general_descriptor">Company Reports</classifier>
        <classifier class="online_producer" type="general_descriptor">Corporations</classifier>
      </identified-content>
    </docdata>
    <pubdata date.publication="19870131T000000" ex-ref="http://query.nytimes.com/gst/fullpage.html?res=9D05E0D71631F932A05752C0A961948260" item-length="61" name="The New York Times" unit-of-measure="word"/>
  </head>
  <body>
    <body.head>
      <hedline>
        <hl1>HOME FEDERAL SAVINGS &amp; LOAN (SAN FRANISCO) reports earnings for Qtr to Dec 31</hl1>
      </hedline>
    </body.head>
    <body.content>
      <block class="lead_paragraph">
        <p>LEAD:</p>
        <p>*3*** COMPANY REPORTS **</p>
        <p>*3*HOME FEDERAL SAVINGS &amp; LOAN (SAN FRANISCO)</p>
        <p>Qtr to Dec 31</p>
        <p>1986</p>
        <p>1985</p>
        <p>Net inc</p>
        <p>1,734,000</p>
        <p>323,000</p>
        <p>Per share</p>
        <p>1.26</p>
        <p>-</p>
        <p>Yr net inc</p>
        <p>7,651,000</p>
        <p>2,182,000</p>
        <p>Per share</p>
        <p>5.54</p>
        <p>-</p>
        <p>The company went public in June 1986. Per share figures reflect a 20 percent stock dividend to be paid January 31.</p>
      </block>
      <block class="full_text">
        <p>LEAD:</p>
        <p>*3*** COMPANY REPORTS **</p>
        <p>*3*HOME FEDERAL SAVINGS &amp; LOAN (SAN FRANISCO)</p>
        <p>Qtr to Dec 31</p>
        <p>1986</p>
        <p>1985</p>
        <p>Net inc</p>
        <p>1,734,000</p>
        <p>323,000</p>
        <p>Per share</p>
        <p>1.26</p>
        <p>-</p>
        <p>Yr net inc</p>
        <p>7,651,000</p>
        <p>2,182,000</p>
        <p>Per share</p>
        <p>5.54</p>
        <p>-</p>
        <p>The company went public in June 1986. Per share figures reflect a 20 percent stock dividend to be paid January 31.</p>
        <p>*3*** COMPANY REPORTS **</p>
        <p>*3*HOME FEDERAL SAVINGS &amp; LOAN (SAN FRANISCO)</p>
        <p>Qtr to Dec 31</p>
        <p>1986</p>
        <p>1985</p>
        <p>Net inc</p>
        <p>1,734,000</p>
        <p>323,000</p>
        <p>Per share</p>
        <p>1.26</p>
        <p>-</p>
        <p>Yr net inc</p>
        <p>7,651,000</p>
        <p>2,182,000</p>
        <p>Per share</p>
        <p>5.54</p>
        <p>-</p>
        <p>The company went public in June 1986. Per share figures reflect a 20 percent stock dividend to be paid January 31.</p>
      </block>
    </body.content>
  </body>
</nitf>
