<?xml version="1.0" encoding="UTF-8"?>
<!DOCTYPE nitf SYSTEM "http://www.nitf.org/IPTC/NITF/3.3/specification/dtd/nitf-3-3.dtd">
<nitf change.date="June 10, 2005" change.time="19:30" version="-//IPTC//DTD NITF 3.3//EN">
  <head>
    <title>Recent Sales</title>
    <meta content="22" name="publication_day_of_month"/>
    <meta content="2" name="publication_month"/>
    <meta content="1987" name="publication_year"/>
    <meta content="Sunday" name="publication_day_of_week"/>
    <meta content="Real Estate Desk" name="dsk"/>
    <meta content="10" name="print_page_number"/>
    <meta content="8" name="print_section"/>
    <meta content="5" name="print_column"/>
    <meta content="Real Estate" name="online_sections"/>
    <docdata>
      <doc-id id-string="15715"/>
      <doc.copyright holder="The New York Times" year="1987"/>
      <series series.name="IN WESTCHESTER AND CONNECTICUT"/>
      <identified-content>
        <classifier class="indexing_service" type="descriptor">Terms not available</classifier>
        <classifier class="online_producer" type="types_of_material">List</classifier>
        <classifier class="online_producer" type="taxonomic_classifier">Top/Classifieds/Real Estate</classifier>
      </identified-content>
    </docdata>
    <pubdata date.publication="19870222T000000" ex-ref="http://query.nytimes.com/gst/fullpage.html?res=9B0DE5DE1F3EF931A15751C0A961948260" item-length="264" name="The New York Times" unit-of-measure="word"/>
  </head>
  <body>
    <body.head>
      <hedline>
        <hl1>Recent Sales</hl1>
      </hedline>
    </body.head>
    <body.content>
      <block class="lead_paragraph">
        <p>LEAD:  Avon, Conn.  $515,000</p>
        <p>16 Ardsley Way</p>
        <p>5-bedroom, 5 1/2-bath, 4-year-old colonial; 5 fireplaces, 1.4 acres; taxes $4,644.  Fairfield, Conn.  $518,000</p>
        <p>Lantwick Lane</p>
        <p>4-bedroom, 2 1/2-bath, new colonial; 3,800 square feet of space, 2 acres; taxes not yet available.</p>
      </block>
      <block class="full_text">
        <p>LEAD:  Avon, Conn.  $515,000</p>
        <p>16 Ardsley Way</p>
        <p>5-bedroom, 5 1/2-bath, 4-year-old colonial; 5 fireplaces, 1.4 acres; taxes $4,644.  Fairfield, Conn.  $518,000</p>
        <p>Lantwick Lane</p>
        <p>4-bedroom, 2 1/2-bath, new colonial; 3,800 square feet of space, 2 acres; taxes not yet available.</p>
        <p>Avon, Conn.  $515,000</p>
        <p>16 Ardsley Way</p>
        <p>5-bedroom, 5 1/2-bath, 4-year-old colonial; 5 fireplaces, 1.4 acres; taxes $4,644.  Fairfield, Conn.  $518,000</p>
        <p>Lantwick Lane</p>
        <p>4-bedroom, 2 1/2-bath, new colonial; 3,800 square feet of space, 2 acres; taxes not yet available.  Richfield, Conn.  $1.3 million</p>
        <p>72 Nod Road</p>
        <p>3-bedroom, 2-bath, 10-year-old contemporary; horse barn, riding ring, 3.3 acres, subdivision possible; taxes $6,781.  Larchmont, N.Y.  $360,000</p>
        <p>25 Kenmare Road</p>
        <p>4-bedroom, 3-bath, 62-year-old stucco Tudor/Norman; eat-in kitchen, den, 2 patios; taxes $4,337.  New Rochelle, N.Y.  $283,000</p>
        <p>28 Indian Trail</p>
        <p>3-bedroom, 3-bath, new raised ranch; family room, walk to schools and stores; taxes not yet available.  Putnam Valley, N.Y.  $210,000</p>
        <p>Boswell Road</p>
        <p>3-bedroom, 2-bath, new brick/stucco Tudor/Norman; eat-in kitchen, 2-car garage; not yet assessed.  OTHER AREAS  Wading River, L.I.  $180,000</p>
        <p>14 Sunset Boulevard</p>
        <p>4-bedroom, 3 1/2-bath, 15-year-old colonial; fireplace, laundry room, basement, 2-car garage, 0.5 acre; taxes $792.  Ringwood, N.J.  $135,000</p>
        <p>39 Skyline Lakes Drive</p>
        <p>3-bedroom, 1-bath, 38-year-old Cape Cod; patio, 1-car garage, family room, full basement; taxes $1,835.  Succasunna, N.J.  $140,500</p>
        <p>3 East Maple Avenue</p>
        <p>4-bedroom, 2-bath, 80-year-old colonial; wraparound porch, garage; taxes $1,301.</p>
        <p>IN WESTCHESTER AND CONNECTICUT</p>
      </block>
    </body.content>
  </body>
</nitf>
