<?xml version="1.0" encoding="UTF-8"?>
<!DOCTYPE nitf SYSTEM "http://www.nitf.org/IPTC/NITF/3.3/specification/dtd/nitf-3-3.dtd">
<nitf change.date="June 10, 2005" change.time="19:30" version="-//IPTC//DTD NITF 3.3//EN">
  <head>
    <title>EG&amp;G INC reports earnings for Qtr to Dec 31</title>
    <meta content="10" name="publication_day_of_month"/>
    <meta content="2" name="publication_month"/>
    <meta content="1987" name="publication_year"/>
    <meta content="Tuesday" name="publication_day_of_week"/>
    <meta content="Financial Desk" name="dsk"/>
    <meta content="8" name="print_page_number"/>
    <meta content="D" name="print_section"/>
    <meta content="1" name="print_column"/>
    <meta content="Business" name="online_sections"/>
    <docdata>
      <doc-id id-string="11895"/>
      <doc.copyright holder="The New York Times" year="1987"/>
      <identified-content>
        <classifier class="indexing_service" type="descriptor">COMPANY REPORTS</classifier>
        <classifier class="online_producer" type="types_of_material">Statistics</classifier>
        <classifier class="online_producer" type="taxonomic_classifier">Top/News/Business</classifier>
        <classifier class="online_producer" type="general_descriptor">Company Reports</classifier>
        <classifier class="online_producer" type="general_descriptor">Corporations</classifier>
      </identified-content>
    </docdata>
    <pubdata date.publication="19870210T000000" ex-ref="http://query.nytimes.com/gst/fullpage.html?res=9E05E0D71F3BF933A25751C0A961948260" item-length="65" name="The New York Times" unit-of-measure="word"/>
  </head>
  <body>
    <body.head>
      <hedline>
        <hl1>EG&amp;G INC reports earnings for Qtr to Dec 31</hl1>
      </hedline>
    </body.head>
    <body.content>
      <block class="lead_paragraph">
        <p>LEAD:</p>
        <p>*3*** COMPANY REPORTS **</p>
        <p>*3*EG&amp;G INC (NYSE)</p>
        <p>Qtr to Dec 31</p>
        <p>1986</p>
        <p>1985</p>
        <p>Revenue</p>
        <p>305,209,000</p>
        <p>313,085,000</p>
        <p>Net inc</p>
        <p>11,316,000</p>
        <p>16,283,000</p>
        <p>Share earns</p>
        <p>.41</p>
        <p>.60</p>
        <p>Shares outst</p>
        <p>27,275,000</p>
        <p>27,094,000</p>
        <p>Yr rev</p>
        <p>1,167,118,000</p>
        <p>1,177,117,000</p>
        <p>Net inc</p>
        <p>44,897,000</p>
        <p>55,708,000</p>
        <p>Share earns</p>
        <p>1.65</p>
        <p>2.07</p>
        <p>Shares outst</p>
        <p>27,274,000</p>
        <p>26,955,000</p>
      </block>
      <block class="full_text">
        <p>LEAD:</p>
        <p>*3*** COMPANY REPORTS **</p>
        <p>*3*EG&amp;G INC (NYSE)</p>
        <p>Qtr to Dec 31</p>
        <p>1986</p>
        <p>1985</p>
        <p>Revenue</p>
        <p>305,209,000</p>
        <p>313,085,000</p>
        <p>Net inc</p>
        <p>11,316,000</p>
        <p>16,283,000</p>
        <p>Share earns</p>
        <p>.41</p>
        <p>.60</p>
        <p>Shares outst</p>
        <p>27,275,000</p>
        <p>27,094,000</p>
        <p>Yr rev</p>
        <p>1,167,118,000</p>
        <p>1,177,117,000</p>
        <p>Net inc</p>
        <p>44,897,000</p>
        <p>55,708,000</p>
        <p>Share earns</p>
        <p>1.65</p>
        <p>2.07</p>
        <p>Shares outst</p>
        <p>27,274,000</p>
        <p>26,955,000</p>
        <p>*3*** COMPANY REPORTS **</p>
        <p>*3*EG&amp;G INC (NYSE)</p>
        <p>Qtr to Dec 31</p>
        <p>1986</p>
        <p>1985</p>
        <p>Revenue</p>
        <p>305,209,000</p>
        <p>313,085,000</p>
        <p>Net inc</p>
        <p>11,316,000</p>
        <p>16,283,000</p>
        <p>Share earns</p>
        <p>.41</p>
        <p>.60</p>
        <p>Shares outst</p>
        <p>27,275,000</p>
        <p>27,094,000</p>
        <p>Yr rev</p>
        <p>1,167,118,000</p>
        <p>1,177,117,000</p>
        <p>Net inc</p>
        <p>44,897,000</p>
        <p>55,708,000</p>
        <p>Share earns</p>
        <p>1.65</p>
        <p>2.07</p>
        <p>Shares outst</p>
        <p>27,274,000</p>
        <p>26,955,000</p>
      </block>
    </body.content>
  </body>
</nitf>
