<?xml version="1.0" encoding="UTF-8"?>
<!DOCTYPE nitf SYSTEM "http://www.nitf.org/IPTC/NITF/3.3/specification/dtd/nitf-3-3.dtd">
<nitf change.date="June 10, 2005" change.time="19:30" version="-//IPTC//DTD NITF 3.3//EN">
  <head>
    <title>Tennessee Issue's Top Yield Is 6.05%</title>
    <meta content="25" name="publication_day_of_month"/>
    <meta content="2" name="publication_month"/>
    <meta content="1987" name="publication_year"/>
    <meta content="Wednesday" name="publication_day_of_week"/>
    <meta content="Financial Desk" name="dsk"/>
    <meta content="19" name="print_page_number"/>
    <meta content="D" name="print_section"/>
    <meta content="2" name="print_column"/>
    <meta content="Business" name="online_sections"/>
    <docdata>
      <doc-id id-string="16505"/>
      <doc.copyright holder="The New York Times" year="1987"/>
      <series series.name="FINANCE/NEW ISSUES"/>
      <identified-content>
        <classifier class="indexing_service" type="descriptor">GOVERNMENT BONDS</classifier>
        <location class="indexing_service">TENNESSEE</location>
        <classifier class="online_producer" type="taxonomic_classifier">Top/News/Business</classifier>
        <classifier class="online_producer" type="taxonomic_classifier">Top/Features/Travel/Guides/Destinations/North America</classifier>
        <classifier class="online_producer" type="taxonomic_classifier">Top/Features/Travel/Guides/Destinations/North America/United States</classifier>
        <classifier class="online_producer" type="taxonomic_classifier">Top/Features/Travel/Guides/Destinations/North America/United States/Tennessee</classifier>
        <classifier class="online_producer" type="general_descriptor">Government Bonds</classifier>
        <classifier class="online_producer" type="general_descriptor">Stocks and Bonds</classifier>
        <classifier class="online_producer" type="general_descriptor">Finances</classifier>
      </identified-content>
    </docdata>
    <pubdata date.publication="19870225T000000" ex-ref="http://query.nytimes.com/gst/fullpage.html?res=9B0DE3D81E3CF936A15751C0A961948260" item-length="90" name="The New York Times" unit-of-measure="word"/>
  </head>
  <body>
    <body.head>
      <hedline>
        <hl1>Tennessee Issue's Top Yield Is 6.05%</hl1>
      </hedline>
    </body.head>
    <body.content>
      <block class="lead_paragraph">
        <p>LEAD: In the competitive market yesterday, Tennessee offered a $113 million tax-exempt issue of general obligation bonds through Salomon Brothers.</p>
      </block>
      <block class="full_text">
        <p>LEAD: In the competitive market yesterday, Tennessee offered a $113 million tax-exempt issue of general obligation bonds through Salomon Brothers.</p>
        <p>In the competitive market yesterday, Tennessee offered a $113 million tax-exempt issue of general obligation bonds through Salomon Brothers.</p>
        <p>Yields on the new bonds range from 3.50 percent for an issue due in 1988 to 4.50 percent in 1992, 5.25 percent in 1997, 5.75 percent in 2002 and 6.05 percent in 2006 and 2007.</p>
        <p>Backed by the full faith and credit pledge of the state, the general obligation bonds carry the highest triple-A rating by Moody's Investors Service Inc., and they are rated AA+ by the Standard &amp; Poor's Corporation.</p>
        <p>FINANCE/NEW ISSUES</p>
      </block>
    </body.content>
  </body>
</nitf>
