<?xml version="1.0" encoding="UTF-8"?>
<!DOCTYPE nitf SYSTEM "http://www.nitf.org/IPTC/NITF/3.3/specification/dtd/nitf-3-3.dtd">
<nitf change.date="June 10, 2005" change.time="19:30" version="-//IPTC//DTD NITF 3.3//EN">
  <head>
    <title>CORRECTIONS</title>
    <meta content="7" name="publication_day_of_month"/>
    <meta content="1" name="publication_month"/>
    <meta content="1987" name="publication_year"/>
    <meta content="Wednesday" name="publication_day_of_week"/>
    <meta content="Metropolitan Desk" name="dsk"/>
    <meta content="3" name="print_page_number"/>
    <meta content="A" name="print_section"/>
    <meta content="1" name="print_column"/>
    <meta content="Corrections; New York and Region" name="online_sections"/>
    <docdata>
      <doc-id id-string="1700"/>
      <doc.copyright holder="The New York Times" year="1987"/>
      <identified-content>
        <classifier class="indexing_service" type="descriptor">CORRECTION STORIES</classifier>
        <classifier class="indexing_service" type="descriptor">MERGERS, ACQUISITIONS AND DIVESTITURES</classifier>
        <classifier class="indexing_service" type="descriptor">MAGAZINES</classifier>
        <org class="indexing_service">ESQUIRE (MAGAZINE)</org>
        <org class="indexing_service">HEARST CORP</org>
        <classifier class="online_producer" type="types_of_material">Correction</classifier>
        <classifier class="online_producer" type="taxonomic_classifier">Top/News/New York and Region</classifier>
        <classifier class="online_producer" type="taxonomic_classifier">Top/News/Corrections</classifier>
        <classifier class="online_producer" type="general_descriptor">Mergers, Acquisitions and Divestitures</classifier>
        <classifier class="online_producer" type="general_descriptor">Magazines</classifier>
        <classifier class="online_producer" type="general_descriptor">Finances</classifier>
      </identified-content>
    </docdata>
    <pubdata date.publication="19870107T000000" ex-ref="http://query.nytimes.com/gst/fullpage.html?res=9B0DE6D71E30F934A35752C0A961948260" item-length="38" name="The New York Times" unit-of-measure="word"/>
  </head>
  <body>
    <body.head>
      <hedline>
        <hl1>CORRECTIONS</hl1>
      </hedline>
    </body.head>
    <body.content>
      <block class="lead_paragraph">
        <p>LEAD: An article in Business Day last Thursday about the sale of Esquire magazine to the Hearst Corporation misidentified the boating magazine owned by Hearst. It is Motor Boating &amp; Sailing, not Boating, which is owned by CBS Inc.</p>
      </block>
      <block class="full_text">
        <p>LEAD: An article in Business Day last Thursday about the sale of Esquire magazine to the Hearst Corporation misidentified the boating magazine owned by Hearst. It is Motor Boating &amp; Sailing, not Boating, which is owned by CBS Inc.</p>
        <p>An article in Business Day last Thursday about the sale of Esquire magazine to the Hearst Corporation misidentified the boating magazine owned by Hearst. It is Motor Boating &amp; Sailing, not Boating, which is owned by CBS Inc.</p>
      </block>
    </body.content>
  </body>
</nitf>
