<?xml version="1.0" encoding="UTF-8"?>
<!DOCTYPE nitf SYSTEM "http://www.nitf.org/IPTC/NITF/3.3/specification/dtd/nitf-3-3.dtd">
<nitf change.date="June 10, 2005" change.time="19:30" version="-//IPTC//DTD NITF 3.3//EN">
  <head>
    <title>Boy Drowns in Harlem River</title>
    <meta content="4" name="publication_day_of_month"/>
    <meta content="8" name="publication_month"/>
    <meta content="1987" name="publication_year"/>
    <meta content="Tuesday" name="publication_day_of_week"/>
    <meta content="Metropolitan Desk" name="dsk"/>
    <meta content="2" name="print_page_number"/>
    <meta content="B" name="print_section"/>
    <meta content="1" name="print_column"/>
    <meta content="New York and Region" name="online_sections"/>
    <docdata>
      <doc-id id-string="62682"/>
      <doc.copyright holder="The New York Times" year="1987"/>
      <identified-content>
        <classifier class="indexing_service" type="descriptor">DROWNINGS</classifier>
        <classifier class="indexing_service" type="descriptor">ACCIDENTS AND SAFETY</classifier>
        <classifier class="indexing_service" type="descriptor">CHILDREN AND YOUTH</classifier>
        <location class="indexing_service">NEW YORK CITY</location>
        <location class="indexing_service">HARLEM RIVER</location>
        <person class="indexing_service">ROMERO, JOSE ANGEL</person>
        <classifier class="online_producer" type="taxonomic_classifier">Top/News/U.S./U.S. States, Territories and Possessions/New York</classifier>
        <classifier class="online_producer" type="taxonomic_classifier">Top/News/U.S./Mid-Atlantic</classifier>
        <classifier class="online_producer" type="taxonomic_classifier">Top/News/New York and Region</classifier>
        <classifier class="online_producer" type="taxonomic_classifier">Top/Features/Travel/Guides/Activities and Interests/Family</classifier>
        <classifier class="online_producer" type="taxonomic_classifier">Top/Features/Travel/Guides/Destinations/North America/United States/New York/New York City</classifier>
        <classifier class="online_producer" type="general_descriptor">Accidents and Safety</classifier>
        <classifier class="online_producer" type="general_descriptor">Children and Youth</classifier>
      </identified-content>
    </docdata>
    <pubdata date.publication="19870804T000000" ex-ref="http://query.nytimes.com/gst/fullpage.html?res=9B0DE4D71739F937A3575BC0A961948260" item-length="79" name="The New York Times" unit-of-measure="word"/>
  </head>
  <body>
    <body.head>
      <hedline>
        <hl1>Boy Drowns in Harlem River</hl1>
      </hedline>
    </body.head>
    <body.content>
      <block class="lead_paragraph">
        <p>LEAD: A 16-year-old youth from the Bronx drowned in the Harlem River yesterday after he apparently struck a bridge pier while swimming with friends, the police said. The youth, Jose Angel Romero, of 2615 Third Avenue, near 141st Street, was swimming about 6 P.M. with four companions near the Madison Avenue Bridge when he struck the pier and disappeared, according to a police spokesman, Officer Peter O'Donnell.</p>
      </block>
      <block class="full_text">
        <p>LEAD: A 16-year-old youth from the Bronx drowned in the Harlem River yesterday after he apparently struck a bridge pier while swimming with friends, the police said. The youth, Jose Angel Romero, of 2615 Third Avenue, near 141st Street, was swimming about 6 P.M. with four companions near the Madison Avenue Bridge when he struck the pier and disappeared, according to a police spokesman, Officer Peter O'Donnell.</p>
        <p>A 16-year-old youth from the Bronx drowned in the Harlem River yesterday after he apparently struck a bridge pier while swimming with friends, the police said. The youth, Jose Angel Romero, of 2615 Third Avenue, near 141st Street, was swimming about 6 P.M. with four companions near the Madison Avenue Bridge when he struck the pier and disappeared, according to a police spokesman, Officer Peter O'Donnell. The youth's body was found about 7 P.M. on the river bottom.</p>
      </block>
    </body.content>
  </body>
</nitf>
