<?xml version="1.0" encoding="UTF-8"?>
<!DOCTYPE nitf SYSTEM "http://www.nitf.org/IPTC/NITF/3.3/specification/dtd/nitf-3-3.dtd">
<nitf change.date="June 10, 2005" change.time="19:30" version="-//IPTC//DTD NITF 3.3//EN">
  <head>
    <title>Oil Rig Tally Dips by 23</title>
    <meta content="13" name="publication_day_of_month"/>
    <meta content="10" name="publication_month"/>
    <meta content="1987" name="publication_year"/>
    <meta content="Tuesday" name="publication_day_of_week"/>
    <meta content="Financial Desk" name="dsk"/>
    <meta content="12" name="print_page_number"/>
    <meta content="D" name="print_section"/>
    <meta content="6" name="print_column"/>
    <meta content="Business" name="online_sections"/>
    <docdata>
      <doc-id id-string="82452"/>
      <doc.copyright holder="The New York Times" year="1987"/>
      <identified-content>
        <classifier class="indexing_service" type="descriptor">OIL (PETROLEUM) AND GASOLINE</classifier>
        <classifier class="indexing_service" type="descriptor">GAS (FUEL)</classifier>
        <location class="indexing_service">UNITED STATES</location>
        <classifier class="online_producer" type="taxonomic_classifier">Top/News/Business</classifier>
        <classifier class="online_producer" type="taxonomic_classifier">Top/Features/Travel/Guides/Destinations/North America</classifier>
        <classifier class="online_producer" type="taxonomic_classifier">Top/Features/Travel/Guides/Destinations/North America/United States</classifier>
        <classifier class="online_producer" type="general_descriptor">Oil (Petroleum) and Gasoline</classifier>
        <classifier class="online_producer" type="general_descriptor">Gas (Fuel)</classifier>
        <classifier class="online_producer" type="general_descriptor">Energy and Power</classifier>
      </identified-content>
    </docdata>
    <pubdata date.publication="19871013T000000" ex-ref="http://query.nytimes.com/gst/fullpage.html?res=9B0DE1D91431F930A25753C1A961948260" item-length="37" name="The New York Times" unit-of-measure="word"/>
  </head>
  <body>
    <body.head>
      <hedline>
        <hl1>Oil Rig Tally Dips by 23</hl1>
      </hedline>
      <byline class="print_byline">AP</byline>
      <dateline>HOUSTON, Oct. 12</dateline>
    </body.head>
    <body.content>
      <block class="lead_paragraph">
        <p>LEAD: The number of oil and gas drilling rigs working in the United States fell to 1,104 last week, down 23 from a week before, Baker Hughes said today. A year ago the total was 814. It is expected to top 1,200 by December.</p>
      </block>
      <block class="full_text">
        <p>LEAD: The number of oil and gas drilling rigs working in the United States fell to 1,104 last week, down 23 from a week before, Baker Hughes said today. A year ago the total was 814. It is expected to top 1,200 by December.</p>
        <p>The number of oil and gas drilling rigs working in the United States fell to 1,104 last week, down 23 from a week before, Baker Hughes said today. A year ago the total was 814. It is expected to top 1,200 by December.</p>
      </block>
    </body.content>
  </body>
</nitf>
