<?xml version="1.0" encoding="UTF-8"?>
<!DOCTYPE nitf SYSTEM "http://www.nitf.org/IPTC/NITF/3.3/specification/dtd/nitf-3-3.dtd">
<nitf change.date="June 10, 2005" change.time="19:30" version="-//IPTC//DTD NITF 3.3//EN">
  <head>
    <title>Parking Rules</title>
    <meta content="7" name="publication_day_of_month"/>
    <meta content="1" name="publication_month"/>
    <meta content="1988" name="publication_year"/>
    <meta content="Thursday" name="publication_day_of_week"/>
    <meta content="Metropolitan Desk" name="dsk"/>
    <meta content="1" name="print_page_number"/>
    <meta content="B" name="print_section"/>
    <meta content="6" name="print_column"/>
    <meta content="New York and Region" name="online_sections"/>
    <docdata>
      <doc-id id-string="107612"/>
      <doc.copyright holder="The New York Times" year="1988"/>
      <identified-content>
        <classifier class="indexing_service" type="descriptor">Terms not available</classifier>
        <classifier class="online_producer" type="taxonomic_classifier">Top/News/New York and Region</classifier>
      </identified-content>
    </docdata>
    <pubdata date.publication="19880107T000000" ex-ref="http://query.nytimes.com/gst/fullpage.html?res=940DE1D7173DF934A35752C0A96E948260" item-length="21" name="The New York Times" unit-of-measure="word"/>
  </head>
  <body>
    <body.head>
      <hedline>
        <hl1>Parking Rules</hl1>
      </hedline>
    </body.head>
    <body.content>
      <block class="lead_paragraph">
        <p>LEAD: Because of the snow, alternate-side parking rules are suspended in New York City today. Other regulations remain in effect.</p>
      </block>
      <block class="full_text">
        <p>LEAD: Because of the snow, alternate-side parking rules are suspended in New York City today. Other regulations remain in effect.</p>
        <p>Because of the snow, alternate-side parking rules are suspended in New York City today. Other regulations remain in effect.</p>
      </block>
    </body.content>
  </body>
</nitf>
