<?xml version="1.0" encoding="UTF-8"?>
<!DOCTYPE nitf SYSTEM "http://www.nitf.org/IPTC/NITF/3.3/specification/dtd/nitf-3-3.dtd">
<nitf change.date="June 10, 2005" change.time="19:30" version="-//IPTC//DTD NITF 3.3//EN">
  <head>
    <title>REEDS JEWELERS reports earnings for Qtr to Nov 30</title>
    <meta content="25" name="publication_day_of_month"/>
    <meta content="12" name="publication_month"/>
    <meta content="1987" name="publication_year"/>
    <meta content="Friday" name="publication_day_of_week"/>
    <meta content="Financial Desk" name="dsk"/>
    <meta content="2" name="print_page_number"/>
    <meta content="D" name="print_section"/>
    <meta content="1" name="print_column"/>
    <meta content="Business" name="online_sections"/>
    <docdata>
      <doc-id id-string="104656"/>
      <doc.copyright holder="The New York Times" year="1987"/>
      <identified-content>
        <classifier class="indexing_service" type="descriptor">COMPANY REPORTS</classifier>
        <classifier class="online_producer" type="types_of_material">Statistics</classifier>
        <classifier class="online_producer" type="taxonomic_classifier">Top/News/Business</classifier>
        <classifier class="online_producer" type="general_descriptor">Company Reports</classifier>
        <classifier class="online_producer" type="general_descriptor">Corporations</classifier>
      </identified-content>
    </docdata>
    <pubdata date.publication="19871225T000000" ex-ref="http://query.nytimes.com/gst/fullpage.html?res=9E04E0D7113CF936A15751C1A961948260" item-length="68" name="The New York Times" unit-of-measure="word"/>
  </head>
  <body>
    <body.head>
      <hedline>
        <hl1>REEDS JEWELERS reports earnings for Qtr to Nov 30</hl1>
      </hedline>
    </body.head>
    <body.content>
      <block class="lead_paragraph">
        <p>LEAD:</p>
        <p>*3*** COMPANY REPORTS **</p>
        <p>*3*REEDS JEWELERS</p>
        <p>Qtr to Nov 30</p>
        <p>1987</p>
        <p>1986</p>
        <p>Sales</p>
        <p>10,607,000</p>
        <p>6,965,000</p>
        <p>Net inc</p>
        <p>275,000</p>
        <p>b309,000</p>
        <p>Share earns</p>
        <p>.08</p>
        <p>.10</p>
        <p>9mo sales</p>
        <p>27,184,000</p>
        <p>18,880,000</p>
        <p>Net inc</p>
        <p>310,000</p>
        <p>b736,000</p>
        <p>Share earns</p>
        <p>.09</p>
        <p>.24</p>
        <p>Shares outst</p>
        <p>3,463,000</p>
        <p>3,063,000</p>
      </block>
      <block class="full_text">
        <p>LEAD:</p>
        <p>*3*** COMPANY REPORTS **</p>
        <p>*3*REEDS JEWELERS</p>
        <p>Qtr to Nov 30</p>
        <p>1987</p>
        <p>1986</p>
        <p>Sales</p>
        <p>10,607,000</p>
        <p>6,965,000</p>
        <p>Net inc</p>
        <p>275,000</p>
        <p>b309,000</p>
        <p>Share earns</p>
        <p>.08</p>
        <p>.10</p>
        <p>9mo sales</p>
        <p>27,184,000</p>
        <p>18,880,000</p>
        <p>Net inc</p>
        <p>310,000</p>
        <p>b736,000</p>
        <p>Share earns</p>
        <p>.09</p>
        <p>.24</p>
        <p>Shares outst</p>
        <p>3,463,000</p>
        <p>3,063,000</p>
        <p>*3*** COMPANY REPORTS **</p>
        <p>*3*REEDS JEWELERS</p>
        <p>Qtr to Nov 30</p>
        <p>1987</p>
        <p>1986</p>
        <p>Sales</p>
        <p>10,607,000</p>
        <p>6,965,000</p>
        <p>Net inc</p>
        <p>275,000</p>
        <p>b309,000</p>
        <p>Share earns</p>
        <p>.08</p>
        <p>.10</p>
        <p>9mo sales</p>
        <p>27,184,000</p>
        <p>18,880,000</p>
        <p>Net inc</p>
        <p>310,000</p>
        <p>b736,000</p>
        <p>Share earns</p>
        <p>.09</p>
        <p>.24</p>
        <p>Shares outst</p>
        <p>3,463,000</p>
        <p>3,063,000</p>
        <p>b-Includes $85,000 from non-recurring recovery of a theft claim settlement.</p>
      </block>
    </body.content>
  </body>
</nitf>
