<?xml version="1.0" encoding="UTF-8"?>
<!DOCTYPE nitf SYSTEM "http://www.nitf.org/IPTC/NITF/3.3/specification/dtd/nitf-3-3.dtd">
<nitf change.date="June 10, 2005" change.time="19:30" version="-//IPTC//DTD NITF 3.3//EN">
  <head>
    <title>JEPSON CORP reports earnings for Qtr to Sept 30</title>
    <meta content="21" name="publication_day_of_month"/>
    <meta content="10" name="publication_month"/>
    <meta content="1987" name="publication_year"/>
    <meta content="Wednesday" name="publication_day_of_week"/>
    <meta content="Financial Desk" name="dsk"/>
    <meta content="2" name="print_page_number"/>
    <meta content="D" name="print_section"/>
    <meta content="1" name="print_column"/>
    <meta content="Business" name="online_sections"/>
    <docdata>
      <doc-id id-string="85095"/>
      <doc.copyright holder="The New York Times" year="1987"/>
      <identified-content>
        <classifier class="indexing_service" type="descriptor">COMPANY REPORTS</classifier>
        <classifier class="online_producer" type="types_of_material">Statistics</classifier>
        <classifier class="online_producer" type="taxonomic_classifier">Top/News/Business</classifier>
        <classifier class="online_producer" type="general_descriptor">Company Reports</classifier>
        <classifier class="online_producer" type="general_descriptor">Corporations</classifier>
      </identified-content>
    </docdata>
    <pubdata date.publication="19871021T000000" ex-ref="http://query.nytimes.com/gst/fullpage.html?res=9C04E0D7143CF932A15753C1A961948260" item-length="59" name="The New York Times" unit-of-measure="word"/>
  </head>
  <body>
    <body.head>
      <hedline>
        <hl1>JEPSON CORP reports earnings for Qtr to Sept 30</hl1>
      </hedline>
    </body.head>
    <body.content>
      <block class="lead_paragraph">
        <p>LEAD:</p>
        <p>*3*** COMPANY REPORTS **</p>
        <p>*3*JEPSON CORP (OTC)</p>
        <p>Qtr to Sept 30</p>
        <p>1987</p>
        <p>1986</p>
        <p>Sales</p>
        <p>125,343,000</p>
        <p>99,084,000</p>
        <p>Net inc</p>
        <p>4,033,000</p>
        <p>3,398,000</p>
        <p>Share earns</p>
        <p>.22</p>
        <p>.20</p>
        <p>9mo sales</p>
        <p>413,655,000</p>
        <p>344,971,000</p>
        <p>Net inc</p>
        <p>15,852,000</p>
        <p>b13,633,000</p>
        <p>Share earns</p>
        <p>.89</p>
        <p>.78</p>
      </block>
      <block class="full_text">
        <p>LEAD:</p>
        <p>*3*** COMPANY REPORTS **</p>
        <p>*3*JEPSON CORP (OTC)</p>
        <p>Qtr to Sept 30</p>
        <p>1987</p>
        <p>1986</p>
        <p>Sales</p>
        <p>125,343,000</p>
        <p>99,084,000</p>
        <p>Net inc</p>
        <p>4,033,000</p>
        <p>3,398,000</p>
        <p>Share earns</p>
        <p>.22</p>
        <p>.20</p>
        <p>9mo sales</p>
        <p>413,655,000</p>
        <p>344,971,000</p>
        <p>Net inc</p>
        <p>15,852,000</p>
        <p>b13,633,000</p>
        <p>Share earns</p>
        <p>.89</p>
        <p>.78</p>
        <p>*3*** COMPANY REPORTS **</p>
        <p>*3*JEPSON CORP (OTC)</p>
        <p>Qtr to Sept 30</p>
        <p>1987</p>
        <p>1986</p>
        <p>Sales</p>
        <p>125,343,000</p>
        <p>99,084,000</p>
        <p>Net inc</p>
        <p>4,033,000</p>
        <p>3,398,000</p>
        <p>Share earns</p>
        <p>.22</p>
        <p>.20</p>
        <p>9mo sales</p>
        <p>413,655,000</p>
        <p>344,971,000</p>
        <p>Net inc</p>
        <p>15,852,000</p>
        <p>b13,633,000</p>
        <p>Share earns</p>
        <p>.89</p>
        <p>.78</p>
        <p>b-Includes an extraordinary gain of $3,843,000.</p>
      </block>
    </body.content>
  </body>
</nitf>
