<?xml version="1.0" encoding="UTF-8"?>
<!DOCTYPE nitf SYSTEM "http://www.nitf.org/IPTC/NITF/3.3/specification/dtd/nitf-3-3.dtd">
<nitf change.date="June 10, 2005" change.time="19:30" version="-//IPTC//DTD NITF 3.3//EN">
  <head>
    <title>KRELITZ INDUSTRIES INC reports earnings for Qtr to Oct 31</title>
    <meta content="10" name="publication_day_of_month"/>
    <meta content="1" name="publication_month"/>
    <meta content="1987" name="publication_year"/>
    <meta content="Saturday" name="publication_day_of_week"/>
    <meta content="Financial Desk" name="dsk"/>
    <meta content="41" name="print_page_number"/>
    <meta content="1" name="print_section"/>
    <meta content="1" name="print_column"/>
    <meta content="Business" name="online_sections"/>
    <docdata>
      <doc-id id-string="2263"/>
      <doc.copyright holder="The New York Times" year="1987"/>
      <identified-content>
        <classifier class="indexing_service" type="descriptor">COMPANY REPORTS</classifier>
        <classifier class="online_producer" type="types_of_material">Statistics</classifier>
        <classifier class="online_producer" type="taxonomic_classifier">Top/News/Business</classifier>
        <classifier class="online_producer" type="general_descriptor">Company Reports</classifier>
        <classifier class="online_producer" type="general_descriptor">Corporations</classifier>
      </identified-content>
    </docdata>
    <pubdata date.publication="19870110T000000" ex-ref="http://query.nytimes.com/gst/fullpage.html?res=9D05E0D71039F933A25752C0A961948260" item-length="91" name="The New York Times" unit-of-measure="word"/>
  </head>
  <body>
    <body.head>
      <hedline>
        <hl1>KRELITZ INDUSTRIES INC reports earnings for Qtr to Oct 31</hl1>
      </hedline>
    </body.head>
    <body.content>
      <block class="lead_paragraph">
        <p>LEAD:</p>
        <p>*3*** COMPANY REPORTS **</p>
        <p>*3*KRELITZ INDUSTRIES INC (OTC)</p>
        <p>Qtr to Oct 31</p>
        <p>1986</p>
        <p>1985</p>
        <p>Sales</p>
        <p>48,699,000</p>
        <p>33,354,000</p>
        <p>Net inc</p>
        <p>243,000</p>
        <p>48,000</p>
        <p>Share earns</p>
        <p>.13</p>
        <p>.03</p>
        <p>6mo sales</p>
        <p>91,664,000</p>
        <p>64,180,000</p>
        <p>Net inc</p>
        <p>436,000</p>
        <p>54,000</p>
        <p>Share earns</p>
        <p>.23</p>
        <p>.03</p>
      </block>
      <block class="full_text">
        <p>LEAD:</p>
        <p>*3*** COMPANY REPORTS **</p>
        <p>*3*KRELITZ INDUSTRIES INC (OTC)</p>
        <p>Qtr to Oct 31</p>
        <p>1986</p>
        <p>1985</p>
        <p>Sales</p>
        <p>48,699,000</p>
        <p>33,354,000</p>
        <p>Net inc</p>
        <p>243,000</p>
        <p>48,000</p>
        <p>Share earns</p>
        <p>.13</p>
        <p>.03</p>
        <p>6mo sales</p>
        <p>91,664,000</p>
        <p>64,180,000</p>
        <p>Net inc</p>
        <p>436,000</p>
        <p>54,000</p>
        <p>Share earns</p>
        <p>.23</p>
        <p>.03</p>
        <p>*3*** COMPANY REPORTS **</p>
        <p>*3*KRELITZ INDUSTRIES INC (OTC)</p>
        <p>Qtr to Oct 31</p>
        <p>1986</p>
        <p>1985</p>
        <p>Sales</p>
        <p>48,699,000</p>
        <p>33,354,000</p>
        <p>Net inc</p>
        <p>243,000</p>
        <p>48,000</p>
        <p>Share earns</p>
        <p>.13</p>
        <p>.03</p>
        <p>6mo sales</p>
        <p>91,664,000</p>
        <p>64,180,000</p>
        <p>Net inc</p>
        <p>436,000</p>
        <p>54,000</p>
        <p>Share earns</p>
        <p>.23</p>
        <p>.03</p>
        <p>The company said the 1985 comparable periods reflect the change in fiscal year-end from December to April.</p>
      </block>
    </body.content>
  </body>
</nitf>
