<?xml version="1.0" encoding="UTF-8"?>
<!DOCTYPE nitf SYSTEM "http://www.nitf.org/IPTC/NITF/3.3/specification/dtd/nitf-3-3.dtd">
<nitf change.date="June 10, 2005" change.time="19:30" version="-//IPTC//DTD NITF 3.3//EN">
  <head>
    <title>Leaders of Guerrillas Reject Afghan Truce</title>
    <meta content="3" name="publication_day_of_month"/>
    <meta content="1" name="publication_month"/>
    <meta content="1987" name="publication_year"/>
    <meta content="Saturday" name="publication_day_of_week"/>
    <meta content="Foreign Desk" name="dsk"/>
    <meta content="2" name="print_page_number"/>
    <meta content="1" name="print_section"/>
    <meta content="4" name="print_column"/>
    <meta content="World" name="online_sections"/>
    <docdata>
      <doc-id id-string="508"/>
      <doc.copyright holder="The New York Times" year="1987"/>
      <identified-content>
        <classifier class="indexing_service" type="descriptor">CIVIL WAR AND GUERRILLA WARFARE</classifier>
        <classifier class="indexing_service" type="descriptor">POLITICS AND GOVERNMENT</classifier>
        <classifier class="indexing_service" type="descriptor">ARMAMENT, DEFENSE AND MILITARY FORCES</classifier>
        <location class="indexing_service">AFGHANISTAN</location>
        <classifier class="online_producer" type="taxonomic_classifier">Top/News</classifier>
        <classifier class="online_producer" type="taxonomic_classifier">Top/News/World/Countries and Territories/Afghanistan</classifier>
        <classifier class="online_producer" type="taxonomic_classifier">Top/News/World</classifier>
        <classifier class="online_producer" type="taxonomic_classifier">Top/News/World/Asia Pacific</classifier>
        <classifier class="online_producer" type="taxonomic_classifier">Top/Classifieds/Job Market/Job Categories/Government, Philanthropy and NGO</classifier>
        <classifier class="online_producer" type="taxonomic_classifier">Top/Features/Travel/Guides/Destinations/Asia</classifier>
        <classifier class="online_producer" type="taxonomic_classifier">Top/Features/Travel/Guides/Destinations/Asia/Afghanistan</classifier>
        <classifier class="online_producer" type="general_descriptor">Civil War and Guerrilla Warfare</classifier>
        <classifier class="online_producer" type="general_descriptor">War and Revolution</classifier>
        <classifier class="online_producer" type="general_descriptor">Armament, Defense and Military Forces</classifier>
        <classifier class="online_producer" type="general_descriptor">Politics and Government</classifier>
      </identified-content>
    </docdata>
    <pubdata date.publication="19870103T000000" ex-ref="http://query.nytimes.com/gst/fullpage.html?res=9B0DE7DE1F39F930A35752C0A961948260" item-length="126" name="The New York Times" unit-of-measure="word"/>
  </head>
  <body>
    <body.head>
      <hedline>
        <hl1>Leaders of Guerrillas Reject Afghan Truce</hl1>
      </hedline>
      <byline class="print_byline">AP</byline>
      <dateline>ISLAMABAD, Pakistan, Jan. 2</dateline>
    </body.head>
    <body.content>
      <block class="lead_paragraph">
        <p>LEAD: Afghan guerrilla leaders today rejected the cease-fire proposal of the Afghan leader and called the plan ''a sham.''</p>
      </block>
      <block class="full_text">
        <p>LEAD: Afghan guerrilla leaders today rejected the cease-fire proposal of the Afghan leader and called the plan ''a sham.''</p>
        <p>Afghan guerrilla leaders today rejected the cease-fire proposal of the Afghan leader and called the plan ''a sham.''</p>
        <p>The Afghan leader, Najib, announced Thursday that the Government would observe a truce beginning Jan. 15. The official Soviet press agency, Tass, said Kabul had made the offer in the hope of opening discussions with the guerrillas, who have been fighting the Marxist Government since April 1978.</p>
        <p>In Pakistan, where the guerrillas are based, Mohammed Nabi Mohammedi, who heads the Movement for Islamic Revolution in Afghanistan, said in a statement: ''The cease-fire offer is not acceptable to us. It is a sham and a deception.''</p>
        <p>Gulbaddin Hikmatyar, president of the Islamic Front guerrilla group, also rejected the truce offer.</p>
      </block>
    </body.content>
  </body>
</nitf>
