<?xml version="1.0" encoding="UTF-8"?>
<!DOCTYPE nitf SYSTEM "http://www.nitf.org/IPTC/NITF/3.3/specification/dtd/nitf-3-3.dtd">
<nitf change.date="June 10, 2005" change.time="19:30" version="-//IPTC//DTD NITF 3.3//EN">
  <head>
    <title>Eileen M. Kenny Weds M. E. Helmer in Jersey</title>
    <meta content="15" name="publication_day_of_month"/>
    <meta content="11" name="publication_month"/>
    <meta content="1987" name="publication_year"/>
    <meta content="Sunday" name="publication_day_of_week"/>
    <meta content="Society Desk" name="dsk"/>
    <meta content="76" name="print_page_number"/>
    <meta content="1" name="print_section"/>
    <meta content="6" name="print_column"/>
    <meta content="Style" name="online_sections"/>
    <docdata>
      <doc-id id-string="92947"/>
      <doc.copyright holder="The New York Times" year="1987"/>
      <identified-content>
        <classifier class="indexing_service" type="descriptor">WEDDINGS AND ENGAGEMENTS</classifier>
        <person class="indexing_service">KENNY, EILEEN M (EILEEN M HELMER)</person>
        <person class="indexing_service">HELMER, MICHAEL E</person>
        <classifier class="online_producer" type="taxonomic_classifier">Top/Features/Style</classifier>
        <classifier class="online_producer" type="taxonomic_classifier">Top/Features/Style/Fashion and Style</classifier>
        <classifier class="online_producer" type="taxonomic_classifier">Top/Features/Style/Fashion and Style/Weddings and Celebrations</classifier>
        <classifier class="online_producer" type="general_descriptor">Weddings and Engagements</classifier>
      </identified-content>
    </docdata>
    <pubdata date.publication="19871115T000000" ex-ref="http://query.nytimes.com/gst/fullpage.html?res=9B0DEED7113BF936A25752C1A961948260" item-length="174" name="The New York Times" unit-of-measure="word"/>
  </head>
  <body>
    <body.head>
      <hedline>
        <hl1>Eileen M. Kenny Weds M. E. Helmer in Jersey</hl1>
      </hedline>
    </body.head>
    <body.content>
      <block class="lead_paragraph">
        <p>LEAD: Eileen Mary Kenny, the daughter of Mr. and Mrs. Eugene F. Kenny of Basking Ridge, N.J., was married there yesterday to Michael Edward Helmer, a son of Dr. and Mrs. William F. Helmer of Morrisville, N.Y. The Rev. John Davis, a cousin of the bride, performed the ceremony.</p>
      </block>
      <block class="full_text">
        <p>LEAD: Eileen Mary Kenny, the daughter of Mr. and Mrs. Eugene F. Kenny of Basking Ridge, N.J., was married there yesterday to Michael Edward Helmer, a son of Dr. and Mrs. William F. Helmer of Morrisville, N.Y. The Rev. John Davis, a cousin of the bride, performed the ceremony.</p>
        <p>Eileen Mary Kenny, the daughter of Mr. and Mrs. Eugene F. Kenny of Basking Ridge, N.J., was married there yesterday to Michael Edward Helmer, a son of Dr. and Mrs. William F. Helmer of Morrisville, N.Y. The Rev. John Davis, a cousin of the bride, performed the ceremony.</p>
        <p>Mrs. Helmer, a portfolio assistant in the trust and estate department at the Bankers Trust Company in New York, and her husband both graduated with the class of '84 from St. Lawrence University. The bride's father is a vice president of C. E. Maguire Inc., an architectural and engineering concern in Wayne, N.J. Her mother, Mary Kenny, is a sales assistant at the Talbots in Morristown, N.J.</p>
        <p>The bridegroom, an assistant treasurer in the commodity financing division of the Chase Manhattan Bank in New York, expects to graduate in May from the Fordham University School of Law. His father retired as dean of general studies at the State University Agricultural and Technical College at Morrisville, where his mother, Joan Helmer, is an associate professor of English.</p>
      </block>
    </body.content>
  </body>
</nitf>
