<?xml version="1.0" encoding="UTF-8"?>
<!DOCTYPE nitf SYSTEM "http://www.nitf.org/IPTC/NITF/3.3/specification/dtd/nitf-3-3.dtd">
<nitf change.date="June 10, 2005" change.time="19:30" version="-//IPTC//DTD NITF 3.3//EN">
  <head>
    <title>FIRST PEOPLES FINANCIAL reports earnings for Qtr to March 31</title>
    <meta content="9" name="publication_day_of_month"/>
    <meta content="4" name="publication_month"/>
    <meta content="1987" name="publication_year"/>
    <meta content="Thursday" name="publication_day_of_week"/>
    <meta content="Financial Desk" name="dsk"/>
    <meta content="9" name="print_page_number"/>
    <meta content="D" name="print_section"/>
    <meta content="1" name="print_column"/>
    <meta content="Business" name="online_sections"/>
    <docdata>
      <doc-id id-string="28625"/>
      <doc.copyright holder="The New York Times" year="1987"/>
      <identified-content>
        <classifier class="indexing_service" type="descriptor">COMPANY REPORTS</classifier>
        <classifier class="online_producer" type="types_of_material">Statistics</classifier>
        <classifier class="online_producer" type="taxonomic_classifier">Top/News/Business</classifier>
        <classifier class="online_producer" type="general_descriptor">Company Reports</classifier>
        <classifier class="online_producer" type="general_descriptor">Corporations</classifier>
      </identified-content>
    </docdata>
    <pubdata date.publication="19870409T000000" ex-ref="http://query.nytimes.com/gst/fullpage.html?res=9805E0D71338F93AA35757C0A961948260" item-length="53" name="The New York Times" unit-of-measure="word"/>
  </head>
  <body>
    <body.head>
      <hedline>
        <hl1>FIRST PEOPLES FINANCIAL reports earnings for Qtr to March 31</hl1>
      </hedline>
    </body.head>
    <body.content>
      <block class="lead_paragraph">
        <p>LEAD:</p>
        <p>*3*** COMPANY REPORTS **</p>
        <p>*3*FIRST PEOPLES FINANCIAL</p>
        <p>Qtr to March 31</p>
        <p>1987</p>
        <p>1986</p>
        <p>Net inc</p>
        <p>b2,610,597</p>
        <p>b1,813,769</p>
        <p>Per share</p>
        <p>.81</p>
        <p>.75</p>
        <p>Shares outst</p>
        <p>2,940,195</p>
        <p>2,106,862</p>
        <p>b-Includes tax benefits of $910,000 for the latest quarter and $700,000 for the year-earlier period.</p>
      </block>
      <block class="full_text">
        <p>LEAD:</p>
        <p>*3*** COMPANY REPORTS **</p>
        <p>*3*FIRST PEOPLES FINANCIAL</p>
        <p>Qtr to March 31</p>
        <p>1987</p>
        <p>1986</p>
        <p>Net inc</p>
        <p>b2,610,597</p>
        <p>b1,813,769</p>
        <p>Per share</p>
        <p>.81</p>
        <p>.75</p>
        <p>Shares outst</p>
        <p>2,940,195</p>
        <p>2,106,862</p>
        <p>b-Includes tax benefits of $910,000 for the latest quarter and $700,000 for the year-earlier period.</p>
        <p>*3*** COMPANY REPORTS **</p>
        <p>*3*FIRST PEOPLES FINANCIAL</p>
        <p>Qtr to March 31</p>
        <p>1987</p>
        <p>1986</p>
        <p>Net inc</p>
        <p>b2,610,597</p>
        <p>b1,813,769</p>
        <p>Per share</p>
        <p>.81</p>
        <p>.75</p>
        <p>Shares outst</p>
        <p>2,940,195</p>
        <p>2,106,862</p>
        <p>b-Includes tax benefits of $910,000 for the latest quarter and $700,000 for the year-earlier period.</p>
      </block>
    </body.content>
  </body>
</nitf>
