<?xml version="1.0" encoding="UTF-8"?>
<!DOCTYPE nitf SYSTEM "http://www.nitf.org/IPTC/NITF/3.3/specification/dtd/nitf-3-3.dtd">
<nitf change.date="June 10, 2005" change.time="19:30" version="-//IPTC//DTD NITF 3.3//EN">
  <head>
    <title>Greek Celebration</title>
    <meta content="9" name="publication_day_of_month"/>
    <meta content="1" name="publication_month"/>
    <meta content="1987" name="publication_year"/>
    <meta content="Friday" name="publication_day_of_week"/>
    <meta content="Weekend Desk" name="dsk"/>
    <meta content="3" name="print_page_number"/>
    <meta content="C" name="print_section"/>
    <meta content="6" name="print_column"/>
    <meta content="Arts" name="online_sections"/>
    <docdata>
      <doc-id id-string="2231"/>
      <doc.copyright holder="The New York Times" year="1987"/>
      <identified-content>
        <classifier class="indexing_service" type="descriptor">MUSIC</classifier>
        <classifier class="indexing_service" type="descriptor">CONCERTS AND RECITALS</classifier>
        <org class="indexing_service">WORLD MUSIC INSTITUTE</org>
        <classifier class="online_producer" type="taxonomic_classifier">Top/Features/Arts</classifier>
        <classifier class="online_producer" type="taxonomic_classifier">Top/Features/Arts/Music</classifier>
        <classifier class="online_producer" type="taxonomic_classifier">Top/Features/Travel/Guides/Activities and Interests/Music</classifier>
        <classifier class="online_producer" type="taxonomic_classifier">Top/Classifieds/Job Market/Job Categories/Music, Theater and Dance</classifier>
        <classifier class="online_producer" type="general_descriptor">Music</classifier>
      </identified-content>
    </docdata>
    <pubdata date.publication="19870109T000000" ex-ref="http://query.nytimes.com/gst/fullpage.html?res=9B0DE1DC113CF93AA35752C0A961948260" item-length="35" name="The New York Times" unit-of-measure="word"/>
  </head>
  <body>
    <body.head>
      <hedline>
        <hl1>Greek Celebration</hl1>
      </hedline>
    </body.head>
    <body.content>
      <block class="lead_paragraph">
        <p>LEAD: The World Music Institute (206-1050) will celebrate its second anniversary with Greek music, food and dancing in a party Sunday at 3 P.M. at the Ethnic Folk Arts Center, 179 Varick Street. Admission is $15.</p>
      </block>
      <block class="full_text">
        <p>LEAD: The World Music Institute (206-1050) will celebrate its second anniversary with Greek music, food and dancing in a party Sunday at 3 P.M. at the Ethnic Folk Arts Center, 179 Varick Street. Admission is $15.</p>
        <p>The World Music Institute (206-1050) will celebrate its second anniversary with Greek music, food and dancing in a party Sunday at 3 P.M. at the Ethnic Folk Arts Center, 179 Varick Street. Admission is $15.</p>
      </block>
    </body.content>
  </body>
</nitf>
