<?xml version="1.0" encoding="UTF-8"?>
<!DOCTYPE nitf SYSTEM "http://www.nitf.org/IPTC/NITF/3.3/specification/dtd/nitf-3-3.dtd">
<nitf change.date="June 10, 2005" change.time="19:30" version="-//IPTC//DTD NITF 3.3//EN">
  <head>
    <title>CORRECTIONS</title>
    <meta content="9" name="publication_day_of_month"/>
    <meta content="1" name="publication_month"/>
    <meta content="1987" name="publication_year"/>
    <meta content="Friday" name="publication_day_of_week"/>
    <meta content="Metropolitan Desk" name="dsk"/>
    <meta content="3" name="print_page_number"/>
    <meta content="A" name="print_section"/>
    <meta content="2" name="print_column"/>
    <meta content="Corrections; New York and Region" name="online_sections"/>
    <docdata>
      <doc-id id-string="2218"/>
      <doc.copyright holder="The New York Times" year="1987"/>
      <identified-content>
        <classifier class="indexing_service" type="descriptor">CORRECTION STORIES</classifier>
        <classifier class="indexing_service" type="descriptor">CONGRESSIONAL COMMITTEES</classifier>
        <location class="indexing_service">UNITED STATES</location>
        <org class="indexing_service">CONGRESS (US)</org>
        <org class="indexing_service">HOUSE COMMITTEE ON ARMED SERVICES</org>
        <org class="indexing_service">HOUSE OF REPRESENTATIVES (US)</org>
        <person class="indexing_service">ASPIN, LES (REPR)</person>
        <classifier class="online_producer" type="types_of_material">Correction</classifier>
        <classifier class="online_producer" type="taxonomic_classifier">Top/News/New York and Region</classifier>
        <classifier class="online_producer" type="taxonomic_classifier">Top/News/Corrections</classifier>
        <classifier class="online_producer" type="taxonomic_classifier">Top/Features/Travel/Guides/Destinations/North America</classifier>
        <classifier class="online_producer" type="taxonomic_classifier">Top/Features/Travel/Guides/Destinations/North America/United States</classifier>
      </identified-content>
    </docdata>
    <pubdata date.publication="19870109T000000" ex-ref="http://query.nytimes.com/gst/fullpage.html?res=9B0DE3DB103CF93AA35752C0A961948260" item-length="39" name="The New York Times" unit-of-measure="word"/>
  </head>
  <body>
    <body.head>
      <hedline>
        <hl1>CORRECTIONS</hl1>
      </hedline>
    </body.head>
    <body.content>
      <block class="lead_paragraph">
        <p>LEAD: A front-page headline yesterday on a Washington dispatch reporting a vote to depose Representative Les Aspin as chairman of the House Armed Services Committee misstated the date for a second vote on the matter. It will be Jan. 23.</p>
      </block>
      <block class="full_text">
        <p>LEAD: A front-page headline yesterday on a Washington dispatch reporting a vote to depose Representative Les Aspin as chairman of the House Armed Services Committee misstated the date for a second vote on the matter. It will be Jan. 23.</p>
        <p>A front-page headline yesterday on a Washington dispatch reporting a vote to depose Representative Les Aspin as chairman of the House Armed Services Committee misstated the date for a second vote on the matter. It will be Jan. 23.</p>
      </block>
    </body.content>
  </body>
</nitf>
