<?xml version="1.0" encoding="UTF-8"?>
<!DOCTYPE nitf SYSTEM "http://www.nitf.org/IPTC/NITF/3.3/specification/dtd/nitf-3-3.dtd">
<nitf change.date="June 10, 2005" change.time="19:30" version="-//IPTC//DTD NITF 3.3//EN">
  <head>
    <title>CARPENTER TECHNOLOGY CORP reports earnings for Qtr to Sept 30</title>
    <meta content="17" name="publication_day_of_month"/>
    <meta content="11" name="publication_month"/>
    <meta content="1987" name="publication_year"/>
    <meta content="Tuesday" name="publication_day_of_week"/>
    <meta content="Financial Desk" name="dsk"/>
    <meta content="7" name="print_page_number"/>
    <meta content="D" name="print_section"/>
    <meta content="1" name="print_column"/>
    <meta content="Business" name="online_sections"/>
    <docdata>
      <doc-id id-string="93717"/>
      <doc.copyright holder="The New York Times" year="1987"/>
      <identified-content>
        <classifier class="indexing_service" type="descriptor">COMPANY REPORTS</classifier>
        <classifier class="online_producer" type="types_of_material">Statistics</classifier>
        <classifier class="online_producer" type="taxonomic_classifier">Top/News/Business</classifier>
        <classifier class="online_producer" type="general_descriptor">Company Reports</classifier>
        <classifier class="online_producer" type="general_descriptor">Corporations</classifier>
      </identified-content>
    </docdata>
    <pubdata date.publication="19871117T000000" ex-ref="http://query.nytimes.com/gst/fullpage.html?res=9D04E0D71238F934A25752C1A961948260" item-length="50" name="The New York Times" unit-of-measure="word"/>
  </head>
  <body>
    <body.head>
      <hedline>
        <hl1>CARPENTER TECHNOLOGY CORP reports earnings for Qtr to Sept 30</hl1>
      </hedline>
    </body.head>
    <body.content>
      <block class="lead_paragraph">
        <p>LEAD:</p>
        <p>*3*** COMPANY REPORTS **</p>
        <p>*3*CARPENTER TECHNOLOGY CORP (NYSE)</p>
        <p>Qtr to Sept 30</p>
        <p>1987</p>
        <p>1986</p>
        <p>Sales</p>
        <p>115,240,000</p>
        <p>117,369,000</p>
        <p>Net inc</p>
        <p>2,086,000</p>
        <p>b1,146,000</p>
        <p>Share earns</p>
        <p>.23</p>
        <p>.13</p>
        <p>b-After an extraordinary charge of $1,700,000 for the closing of a division.</p>
      </block>
      <block class="full_text">
        <p>LEAD:</p>
        <p>*3*** COMPANY REPORTS **</p>
        <p>*3*CARPENTER TECHNOLOGY CORP (NYSE)</p>
        <p>Qtr to Sept 30</p>
        <p>1987</p>
        <p>1986</p>
        <p>Sales</p>
        <p>115,240,000</p>
        <p>117,369,000</p>
        <p>Net inc</p>
        <p>2,086,000</p>
        <p>b1,146,000</p>
        <p>Share earns</p>
        <p>.23</p>
        <p>.13</p>
        <p>b-After an extraordinary charge of $1,700,000 for the closing of a division.</p>
        <p>*3*** COMPANY REPORTS **</p>
        <p>*3*CARPENTER TECHNOLOGY CORP (NYSE)</p>
        <p>Qtr to Sept 30</p>
        <p>1987</p>
        <p>1986</p>
        <p>Sales</p>
        <p>115,240,000</p>
        <p>117,369,000</p>
        <p>Net inc</p>
        <p>2,086,000</p>
        <p>b1,146,000</p>
        <p>Share earns</p>
        <p>.23</p>
        <p>.13</p>
        <p>b-After an extraordinary charge of $1,700,000 for the closing of a division.</p>
      </block>
    </body.content>
  </body>
</nitf>
