<?xml version="1.0" encoding="UTF-8"?>
<!DOCTYPE nitf SYSTEM "http://www.nitf.org/IPTC/NITF/3.3/specification/dtd/nitf-3-3.dtd">
<nitf change.date="June 10, 2005" change.time="19:30" version="-//IPTC//DTD NITF 3.3//EN">
  <head>
    <title>F.T.C. Acts to Bar Acquisition by Dun</title>
    <meta content="17" name="publication_day_of_month"/>
    <meta content="11" name="publication_month"/>
    <meta content="1987" name="publication_year"/>
    <meta content="Tuesday" name="publication_day_of_week"/>
    <meta content="Financial Desk" name="dsk"/>
    <meta content="5" name="print_page_number"/>
    <meta content="D" name="print_section"/>
    <meta content="6" name="print_column"/>
    <meta content="Business" name="online_sections"/>
    <docdata>
      <doc-id id-string="93808"/>
      <doc.copyright holder="The New York Times" year="1987"/>
      <series series.name="COMPANY NEWS"/>
      <identified-content>
        <classifier class="indexing_service" type="descriptor">MERGERS, ACQUISITIONS AND DIVESTITURES</classifier>
        <org class="indexing_service">INFORMATION RESOURCES INC</org>
        <org class="indexing_service">FEDERAL TRADE COMMISSION (FTC)</org>
        <org class="indexing_service">DUN &amp; BRADSTREET CORP</org>
        <classifier class="online_producer" type="taxonomic_classifier">Top/News/Business</classifier>
        <classifier class="online_producer" type="general_descriptor">Mergers, Acquisitions and Divestitures</classifier>
        <classifier class="online_producer" type="general_descriptor">Finances</classifier>
      </identified-content>
    </docdata>
    <pubdata date.publication="19871117T000000" ex-ref="http://query.nytimes.com/gst/fullpage.html?res=9B0DE5D8173BF934A25752C1A961948260" item-length="85" name="The New York Times" unit-of-measure="word"/>
  </head>
  <body>
    <body.head>
      <hedline>
        <hl1>F.T.C. Acts to Bar Acquisition by Dun</hl1>
      </hedline>
      <byline class="print_byline">AP</byline>
      <dateline>WASHINGTON, Nov.16</dateline>
    </body.head>
    <body.content>
      <block class="lead_paragraph">
        <p>LEAD: The Federal Trade Commission voted unananimously to have its staff seek a preliminary injunction blocking the Dun &amp; Bradstreet Corporation's acquisition of Information Resources Inc.</p>
      </block>
      <block class="full_text">
        <p>LEAD: The Federal Trade Commission voted unananimously to have its staff seek a preliminary injunction blocking the Dun &amp; Bradstreet Corporation's acquisition of Information Resources Inc.</p>
        <p>The Federal Trade Commission voted unananimously to have its staff seek a preliminary injunction blocking the Dun &amp; Bradstreet Corporation's acquisition of Information Resources Inc.</p>
        <p>The commission said it had reason to believe that the acquisition could substantially reduce competition in syndicated national tracking services, which are methods of tracking what products consumers buy. Dun &amp; Bradstreet and Information Resources of Chicago, are two of the three companies that provide this service.</p>
        <p>COMPANY NEWS</p>
      </block>
    </body.content>
  </body>
</nitf>
