<?xml version="1.0" encoding="UTF-8"?>
<!DOCTYPE nitf SYSTEM "http://www.nitf.org/IPTC/NITF/3.3/specification/dtd/nitf-3-3.dtd">
<nitf change.date="June 10, 2005" change.time="19:30" version="-//IPTC//DTD NITF 3.3//EN">
  <head>
    <title>Reruns of Reagan Speeches</title>
    <meta content="21" name="publication_day_of_month"/>
    <meta content="1" name="publication_month"/>
    <meta content="1987" name="publication_year"/>
    <meta content="Wednesday" name="publication_day_of_week"/>
    <meta content="National Desk" name="dsk"/>
    <meta content="16" name="print_page_number"/>
    <meta content="A" name="print_section"/>
    <meta content="6" name="print_column"/>
    <meta content="U.S.; Washington" name="online_sections"/>
    <docdata>
      <doc-id id-string="5545"/>
      <doc.copyright holder="The New York Times" year="1987"/>
      <identified-content>
        <classifier class="indexing_service" type="descriptor">UNITED STATES POLITICS AND GOVERNMENT</classifier>
        <classifier class="indexing_service" type="descriptor">RADIO</classifier>
        <classifier class="indexing_service" type="descriptor">RECORDINGS (AUDIO)</classifier>
        <person class="indexing_service">REAGAN, RONALD WILSON (PRES)</person>
        <classifier class="online_producer" type="taxonomic_classifier">Top/News/U.S.</classifier>
        <classifier class="online_producer" type="taxonomic_classifier">Top/News</classifier>
        <classifier class="online_producer" type="taxonomic_classifier">Top/News/Washington</classifier>
        <classifier class="online_producer" type="taxonomic_classifier">Top/Classifieds/Job Market/Job Categories/Government, Philanthropy and NGO</classifier>
        <classifier class="online_producer" type="general_descriptor">Radio</classifier>
        <classifier class="online_producer" type="general_descriptor">Recordings (Audio)</classifier>
        <classifier class="online_producer" type="general_descriptor">United States Politics and Government</classifier>
        <classifier class="online_producer" type="general_descriptor">Politics and Government</classifier>
      </identified-content>
    </docdata>
    <pubdata date.publication="19870121T000000" ex-ref="http://query.nytimes.com/gst/fullpage.html?res=9B0DE1D8123DF932A15752C0A961948260" item-length="68" name="The New York Times" unit-of-measure="word"/>
  </head>
  <body>
    <body.head>
      <hedline>
        <hl1>Reruns of Reagan Speeches</hl1>
      </hedline>
      <byline class="print_byline">AP</byline>
      <dateline>WASHINGTON, Jan. 20</dateline>
    </body.head>
    <body.content>
      <block class="lead_paragraph">
        <p>LEAD: The White House announced today that people who missed President Reagan's weekly Saturday radio speeches could call a recording of it later in the day, for a fee. Elizabeth Board, director of the White House television and radio office, announced plans for an experimental program in which the Presidential address will be available on a call-in basis from 12:30 P.M.</p>
      </block>
      <block class="full_text">
        <p>LEAD: The White House announced today that people who missed President Reagan's weekly Saturday radio speeches could call a recording of it later in the day, for a fee. Elizabeth Board, director of the White House television and radio office, announced plans for an experimental program in which the Presidential address will be available on a call-in basis from 12:30 P.M.</p>
        <p>The White House announced today that people who missed President Reagan's weekly Saturday radio speeches could call a recording of it later in the day, for a fee. Elizabeth Board, director of the White House television and radio office, announced plans for an experimental program in which the Presidential address will be available on a call-in basis from 12:30 P.M. to midnight, Eastern standard time.</p>
      </block>
    </body.content>
  </body>
</nitf>
