<?xml version="1.0" encoding="UTF-8"?>
<!DOCTYPE nitf SYSTEM "http://www.nitf.org/IPTC/NITF/3.3/specification/dtd/nitf-3-3.dtd">
<nitf change.date="June 10, 2005" change.time="19:30" version="-//IPTC//DTD NITF 3.3//EN">
  <head>
    <title>EMERSON RADIO CORP reports earnings for Qtr to Dec 31</title>
    <meta content="21" name="publication_day_of_month"/>
    <meta content="1" name="publication_month"/>
    <meta content="1987" name="publication_year"/>
    <meta content="Wednesday" name="publication_day_of_week"/>
    <meta content="Financial Desk" name="dsk"/>
    <meta content="7" name="print_page_number"/>
    <meta content="D" name="print_section"/>
    <meta content="1" name="print_column"/>
    <meta content="Business" name="online_sections"/>
    <docdata>
      <doc-id id-string="5722"/>
      <doc.copyright holder="The New York Times" year="1987"/>
      <identified-content>
        <classifier class="indexing_service" type="descriptor">COMPANY REPORTS</classifier>
        <classifier class="online_producer" type="types_of_material">Statistics</classifier>
        <classifier class="online_producer" type="taxonomic_classifier">Top/News/Business</classifier>
        <classifier class="online_producer" type="general_descriptor">Company Reports</classifier>
        <classifier class="online_producer" type="general_descriptor">Corporations</classifier>
      </identified-content>
    </docdata>
    <pubdata date.publication="19870121T000000" ex-ref="http://query.nytimes.com/gst/fullpage.html?res=9D05E0D7163FF932A15752C0A961948260" item-length="81" name="The New York Times" unit-of-measure="word"/>
  </head>
  <body>
    <body.head>
      <hedline>
        <hl1>EMERSON RADIO CORP reports earnings for Qtr to Dec 31</hl1>
      </hedline>
    </body.head>
    <body.content>
      <block class="lead_paragraph">
        <p>LEAD:</p>
        <p>*3*** COMPANY REPORTS **</p>
        <p>*3*EMERSON RADIO CORP (NYSE)</p>
        <p>Qtr to Dec 31</p>
        <p>1986</p>
        <p>1985</p>
        <p>Sales</p>
        <p>217,002,000</p>
        <p>164,373,000</p>
        <p>Net inc</p>
        <p>9,254,000</p>
        <p>1,560,000</p>
        <p>Share earns</p>
        <p>.24</p>
        <p>.04</p>
        <p>Shares outst</p>
        <p>39,202,000</p>
        <p>35,050,000</p>
        <p>9mo sales</p>
        <p>617,336,000</p>
        <p>412,960,000</p>
        <p>Net inc</p>
        <p>24,981,000</p>
        <p>8,262,000</p>
        <p>Share earns</p>
        <p>.67</p>
        <p>.24</p>
        <p>Shares outst</p>
        <p>38,468,000</p>
        <p>35,010,000</p>
      </block>
      <block class="full_text">
        <p>LEAD:</p>
        <p>*3*** COMPANY REPORTS **</p>
        <p>*3*EMERSON RADIO CORP (NYSE)</p>
        <p>Qtr to Dec 31</p>
        <p>1986</p>
        <p>1985</p>
        <p>Sales</p>
        <p>217,002,000</p>
        <p>164,373,000</p>
        <p>Net inc</p>
        <p>9,254,000</p>
        <p>1,560,000</p>
        <p>Share earns</p>
        <p>.24</p>
        <p>.04</p>
        <p>Shares outst</p>
        <p>39,202,000</p>
        <p>35,050,000</p>
        <p>9mo sales</p>
        <p>617,336,000</p>
        <p>412,960,000</p>
        <p>Net inc</p>
        <p>24,981,000</p>
        <p>8,262,000</p>
        <p>Share earns</p>
        <p>.67</p>
        <p>.24</p>
        <p>Shares outst</p>
        <p>38,468,000</p>
        <p>35,010,000</p>
        <p>*3*** COMPANY REPORTS **</p>
        <p>*3*EMERSON RADIO CORP (NYSE)</p>
        <p>Qtr to Dec 31</p>
        <p>1986</p>
        <p>1985</p>
        <p>Sales</p>
        <p>217,002,000</p>
        <p>164,373,000</p>
        <p>Net inc</p>
        <p>9,254,000</p>
        <p>1,560,000</p>
        <p>Share earns</p>
        <p>.24</p>
        <p>.04</p>
        <p>Shares outst</p>
        <p>39,202,000</p>
        <p>35,050,000</p>
        <p>9mo sales</p>
        <p>617,336,000</p>
        <p>412,960,000</p>
        <p>Net inc</p>
        <p>24,981,000</p>
        <p>8,262,000</p>
        <p>Share earns</p>
        <p>.67</p>
        <p>.24</p>
        <p>Shares outst</p>
        <p>38,468,000</p>
        <p>35,010,000</p>
        <p>Share earnings and shares outstanding reflect a 2-for-1 stock split paid last October.</p>
      </block>
    </body.content>
  </body>
</nitf>
