<?xml version="1.0" encoding="UTF-8"?>
<!DOCTYPE nitf SYSTEM "http://www.nitf.org/IPTC/NITF/3.3/specification/dtd/nitf-3-3.dtd">
<nitf change.date="June 10, 2005" change.time="19:30" version="-//IPTC//DTD NITF 3.3//EN">
  <head>
    <title>Randi J. Rosenberg Weds M.D. Steele</title>
    <meta content="13" name="publication_day_of_month"/>
    <meta content="4" name="publication_month"/>
    <meta content="1987" name="publication_year"/>
    <meta content="Monday" name="publication_day_of_week"/>
    <meta content="Society Desk" name="dsk"/>
    <meta content="7" name="print_page_number"/>
    <meta content="B" name="print_section"/>
    <meta content="1" name="print_column"/>
    <meta content="Style" name="online_sections"/>
    <docdata>
      <doc-id id-string="29786"/>
      <doc.copyright holder="The New York Times" year="1987"/>
      <identified-content>
        <classifier class="indexing_service" type="descriptor">WEDDINGS AND ENGAGEMENTS</classifier>
        <classifier class="online_producer" type="taxonomic_classifier">Top/Features/Style</classifier>
        <classifier class="online_producer" type="taxonomic_classifier">Top/Features/Style/Fashion and Style</classifier>
        <classifier class="online_producer" type="taxonomic_classifier">Top/Features/Style/Fashion and Style/Weddings and Celebrations</classifier>
        <classifier class="online_producer" type="general_descriptor">Weddings and Engagements</classifier>
      </identified-content>
    </docdata>
    <pubdata date.publication="19870413T000000" ex-ref="http://query.nytimes.com/gst/fullpage.html?res=9B0DEEDC1F31F930A25757C0A961948260" item-length="210" name="The New York Times" unit-of-measure="word"/>
  </head>
  <body>
    <body.head>
      <hedline>
        <hl1>Randi J. Rosenberg Weds M.D. Steele</hl1>
      </hedline>
    </body.head>
    <body.content>
      <block class="lead_paragraph">
        <p>LEAD: Randi Joy Rosenberg and Matthew David Steele were married yesterday at Temple Beth-El in Great Neck, L.I. Rabbi Jerome K. Davidson officiated, assisted by Cantor Barbara Horowitz. The couple's parents are Mr. and Mrs. Louis Rosenberg of San Jose, Calif., and Dr. and Mrs. Theodore K. Steele of Great</p>
      </block>
      <block class="full_text">
        <p>LEAD: Randi Joy Rosenberg and Matthew David Steele were married yesterday at Temple Beth-El in Great Neck, L.I. Rabbi Jerome K. Davidson officiated, assisted by Cantor Barbara Horowitz. The couple's parents are Mr. and Mrs. Louis Rosenberg of San Jose, Calif., and Dr. and Mrs. Theodore K. Steele of Great</p>
        <p>Randi Joy Rosenberg and Matthew David Steele were married yesterday at Temple Beth-El in Great Neck, L.I. Rabbi Jerome K. Davidson officiated, assisted by Cantor Barbara Horowitz. The couple's parents are Mr. and Mrs. Louis Rosenberg of San Jose, Calif., and Dr. and Mrs. Theodore K. Steele of Great Neck.</p>
        <p>Mrs. Steele is a petroleum engineer who until recently was a consultant to the East Mediterranean Oil and Gas Company in Tel Aviv. She is an alumna of Stanford University. Her father and her mother, Annette Rosenberg, retired recently from the International Business Machines Corporation in San Jose as a manager with special duties to train handicapped people to become computer programmers and as a systems analyst, respectively.</p>
        <p>Mr. Steele is a senior financial analyst for Texaco, in Harrison, N.Y. He graduated from the Massachusetts Institute of Technology's Alfred P. Sloan School of Management from which he also received a master's degree in finance. His father is a senior vice president for academic affairs and dean of faculty at the New York Institute of Technology. His mother, Marcia Steele, is a substitute teacher in the Great Neck school system and vice president of the Per Diem Chapter of the Great Neck Teachers Association.</p>
      </block>
    </body.content>
  </body>
</nitf>
