<?xml version="1.0" encoding="UTF-8"?>
<!DOCTYPE nitf SYSTEM "http://www.nitf.org/IPTC/NITF/3.3/specification/dtd/nitf-3-3.dtd">
<nitf change.date="June 10, 2005" change.time="19:30" version="-//IPTC//DTD NITF 3.3//EN">
  <head>
    <title>RESULTS PLUS</title>
    <meta content="13" name="publication_day_of_month"/>
    <meta content="4" name="publication_month"/>
    <meta content="1987" name="publication_year"/>
    <meta content="Monday" name="publication_day_of_week"/>
    <meta content="Sports Desk" name="dsk"/>
    <meta content="7" name="print_page_number"/>
    <meta content="C" name="print_section"/>
    <meta content="1" name="print_column"/>
    <meta content="Sports" name="online_sections"/>
    <docdata>
      <doc-id id-string="29872"/>
      <doc.copyright holder="The New York Times" year="1987"/>
      <identified-content>
        <classifier class="indexing_service" type="descriptor">ATHLETICS AND SPORTS</classifier>
        <classifier class="online_producer" type="taxonomic_classifier">Top/News</classifier>
        <classifier class="online_producer" type="taxonomic_classifier">Top/News/Sports</classifier>
        <classifier class="online_producer" type="taxonomic_classifier">Top/News/Sports/Other Sports</classifier>
        <classifier class="online_producer" type="general_descriptor">Athletics and Sports</classifier>
      </identified-content>
    </docdata>
    <pubdata date.publication="19870413T000000" ex-ref="http://query.nytimes.com/gst/fullpage.html?res=9B0DE4DF1130F930A25757C0A961948260" item-length="906" name="The New York Times" unit-of-measure="word"/>
  </head>
  <body>
    <body.head>
      <hedline>
        <hl1>RESULTS PLUS</hl1>
      </hedline>
    </body.head>
    <body.content>
      <block class="lead_paragraph">
        <p>LEAD:  Auto Racing  Prost Takes Opener: Alain Prost of France, the two-time world champion, drove a McLaren to victory in the Brazilian Grand Prix yesterday, the first race of the 1987 Formula One season. Brazil's Nelson Piquet was second in a Williams, and Prost's teammate, Stefan Johansson of Sweden, was third.</p>
      </block>
      <block class="full_text">
        <p>LEAD:  Auto Racing  Prost Takes Opener: Alain Prost of France, the two-time world champion, drove a McLaren to victory in the Brazilian Grand Prix yesterday, the first race of the 1987 Formula One season. Brazil's Nelson Piquet was second in a Williams, and Prost's teammate, Stefan Johansson of Sweden, was third.</p>
        <p>Auto Racing  Prost Takes Opener: Alain Prost of France, the two-time world champion, drove a McLaren to victory in the Brazilian Grand Prix yesterday, the first race of the 1987 Formula One season. Brazil's Nelson Piquet was second in a Williams, and Prost's teammate, Stefan Johansson of Sweden, was third. The victory was the 26th of Prost's career, leaving him one short of Jackie Stewart's career record. Austria's Gerhard Berger, making his first start in a Ferrari, finished fourth, and Thierry Boutsen of Belgium was fifth in a Benetton followed by Nigel Mansell of England in the other Williams. (AP)  Guerrero's First Indy-Car Victory: In Phoenix, Roberto Guerrero started last and overcame a stop-and-go penalty to win the Checker 200 Indy-car race at Phoenix International Raceway. Guerrero beat the defending Indy-car champion, Bobby Rahal, to the finish line by a solid 8.62 seconds for his first Indy-car victory. Guerrero, a 28-year-old Colombian, was black-flagged into the pits just 39 laps from the end of the 200-lap event. Guerrero's Cosworth-powered March ran over a tire exiting the pits, incurring the automatic penalty. Guerrero averaged a track record 138.020 miles per hour, breaking the record of 134.676 m.p.h. set last October by Michael Andretti. Arie Luyendyk of the Netherlands finished third, a lap behind the leaders. Michael Andretti was fourth, followed a lap down by his father, Mario, and two laps back by Josele Garza of Mexico.(AP)  Cobb and Weaver Triumph: In Braselton, Ga., Price Cobb passed Al Holbert eight laps from the finish and pulled away to a 12-second victory in the Atlanta Journal-Constitution Grand Prix Camel GT sports car race at Road Atlanta. Cobb teamed with James Weaver of England to win the 500-kilometer race at a record average speed of 112.944 m.p.h. in their Porsche 962. Holbert and his co-driver, Chip Robinson, led 69 laps in their Porsche 962 to just 23 laps for Cobb and Weaver. Holbert led Cobb by more than 17 seconds with 20 laps remaining when problems developed in the engine of Holbert's car.(AP)  Tennis  Arias Breezes by Svensson: In Houston, Jimmy Arias successfully defended his title, cruising to a 6-2, 6-4 victory over fourth-seeded Jonas Svensson of Sweden in the River Oaks International tournament. It has been 35 years since an American has won consecutive River Oaks championships. Gardnar Mulloy won the tournament in 1952 and 1953. Ivan Lendl of Czechoslovakia won the tournament in 1982 and 1983. Arias, of Jericho, L.I., took advantage of Svensson's 13 first-set forehand errors. The Swede made 43 unforced errors in the match.  N.B.A.  Bullets 103, Pistons 98: Moses Malone scored 27 points, including the 20,000th of his 11-year career, as Washington defeated Detroit. The Pistons lost any hope of capturing the Central Division title, which the Hawks clinched yesterday. Jeff Malone scored 28 points for Washington, which improved its record to 40-38 while handing the Pistons their third consecutive defeat. Malone became the 12th player in league history to score 20,000 points. He finished the game with 20,004.(AP)  Bulls 116, Pacers 95: In Chicago, the Bulls' Michael Jordan scored 53 pointsy to break the 50-point mark for the sixth time this season. Jordan, who has scored 40 or more points 35 times this year, helped the Bulls move to within a half game of Indiana for the Eastern Conference's seventh playoff position. Jordan's high this season was 61 against Detroit on March 4.(AP)  Track and Field  Saleh First in Marathon: Ahmed Saleh of Djibouti won the men's World Cup marathon for the second consecutive time, finishing in2 hours 10 minutes 55 seconds in Seoul, South Korea, yesterday. Saleh won the first World Cup marathon, at Hiroshima, Japan, in 1985 in 2:08:09. Japan's Taisuke Kodama, who exchanged the lead with Saleh until the 19 1/2-mile mark of the 26-mile-385-yard race, finished second in 2:11:23. Italy's Salvatore Bettiol was third in 2:11:28. (AP)  Petersen Takes Manhattan Event: Pat Petersen of Team adidas won the Penta-Javits Convention Center 5-kilometer race yesterday through the streets of midtown Manhattan in 13 minutes 58 seconds. Ross Donoghue of New York finished second, 75 yards back in the 3.1-mile race, in 14:25. He was followed by Tom Wood of the Gubbins Racing Team in 14:27. Gillian Horovitz of New York tookthe women's division in 16:42. Gillian Beschloss of the Warren Street A.C. was second in 16:57.(AP)  High Schools  East Wins All-Star Game: Brian Shorter, who will be attending Pitt, scored 24 points, including 10 in the opening four minutes of the second half, to lead the East to a 118-110 victory over the West in the McDonald's All American High School basketball game. Mark Macon, a Temple-bound senior from Saginaw, Mich., scored 14 points for the East and was named the Most Valuable Player. Chicago's Marcus Liberty scored 19 points to lead the West.(AP)  Squash Racquets  Talbott Gains Final: Top-seeded Mark Talbott of Barrington, R.I., defeated third-seeded John Nimick of Philadelphia, 15-12, 15-10, 15-9, yesterday in Toledo, Ohio, to reach the final of the North American Open, the most prestigious title in hardball squash racquets. In the other semifinal, second-seeded Ned Edwards of New York City defeated unseated Dave Boyum of Cambridge, Mass., 16-13, 11-15, 15-9, 15-12.</p>
      </block>
    </body.content>
  </body>
</nitf>
