<?xml version="1.0" encoding="UTF-8"?>
<!DOCTYPE nitf SYSTEM "http://www.nitf.org/IPTC/NITF/3.3/specification/dtd/nitf-3-3.dtd">
<nitf change.date="June 10, 2005" change.time="19:30" version="-//IPTC//DTD NITF 3.3//EN">
  <head>
    <title>HELMERICH &amp; PAYNE INC reports earnings for Qtr to June 30</title>
    <meta content="11" name="publication_day_of_month"/>
    <meta content="8" name="publication_month"/>
    <meta content="1987" name="publication_year"/>
    <meta content="Tuesday" name="publication_day_of_week"/>
    <meta content="Financial Desk" name="dsk"/>
    <meta content="17" name="print_page_number"/>
    <meta content="D" name="print_section"/>
    <meta content="1" name="print_column"/>
    <meta content="Business" name="online_sections"/>
    <docdata>
      <doc-id id-string="64833"/>
      <doc.copyright holder="The New York Times" year="1987"/>
      <identified-content>
        <classifier class="indexing_service" type="descriptor">COMPANY REPORTS</classifier>
        <classifier class="online_producer" type="types_of_material">Statistics</classifier>
        <classifier class="online_producer" type="taxonomic_classifier">Top/News/Business</classifier>
        <classifier class="online_producer" type="general_descriptor">Company Reports</classifier>
        <classifier class="online_producer" type="general_descriptor">Corporations</classifier>
      </identified-content>
    </docdata>
    <pubdata date.publication="19870811T000000" ex-ref="http://query.nytimes.com/gst/fullpage.html?res=9405E0D7173AF932A2575BC0A961948260" item-length="94" name="The New York Times" unit-of-measure="word"/>
  </head>
  <body>
    <body.head>
      <hedline>
        <hl1>HELMERICH &amp; PAYNE INC reports earnings for Qtr to June 30</hl1>
      </hedline>
    </body.head>
    <body.content>
      <block class="lead_paragraph">
        <p>LEAD:</p>
        <p>*3*** COMPANY REPORTS **</p>
        <p>*3*HELMERICH &amp; PAYNE INC (NYSE)</p>
        <p>Qtr to June 30</p>
        <p>1987</p>
        <p>1986</p>
        <p>Revenue</p>
        <p>37,334,000</p>
        <p>30,952,000</p>
        <p>Net inc</p>
        <p>3,864,000</p>
        <p>1,909,000</p>
        <p>Share earns</p>
        <p>.16</p>
        <p>.08</p>
        <p>9mo rev</p>
        <p>118,820,000</p>
        <p>130,127,000</p>
        <p>Net inc</p>
        <p>19,349,000</p>
        <p>9,691,000</p>
        <p>Share earns</p>
        <p>.80</p>
        <p>.39</p>
      </block>
      <block class="full_text">
        <p>LEAD:</p>
        <p>*3*** COMPANY REPORTS **</p>
        <p>*3*HELMERICH &amp; PAYNE INC (NYSE)</p>
        <p>Qtr to June 30</p>
        <p>1987</p>
        <p>1986</p>
        <p>Revenue</p>
        <p>37,334,000</p>
        <p>30,952,000</p>
        <p>Net inc</p>
        <p>3,864,000</p>
        <p>1,909,000</p>
        <p>Share earns</p>
        <p>.16</p>
        <p>.08</p>
        <p>9mo rev</p>
        <p>118,820,000</p>
        <p>130,127,000</p>
        <p>Net inc</p>
        <p>19,349,000</p>
        <p>9,691,000</p>
        <p>Share earns</p>
        <p>.80</p>
        <p>.39</p>
        <p>*3*** COMPANY REPORTS **</p>
        <p>*3*HELMERICH &amp; PAYNE INC (NYSE)</p>
        <p>Qtr to June 30</p>
        <p>1987</p>
        <p>1986</p>
        <p>Revenue</p>
        <p>37,334,000</p>
        <p>30,952,000</p>
        <p>Net inc</p>
        <p>3,864,000</p>
        <p>1,909,000</p>
        <p>Share earns</p>
        <p>.16</p>
        <p>.08</p>
        <p>9mo rev</p>
        <p>118,820,000</p>
        <p>130,127,000</p>
        <p>Net inc</p>
        <p>19,349,000</p>
        <p>9,691,000</p>
        <p>Share earns</p>
        <p>.80</p>
        <p>.39</p>
        <p>The company said the latest quarter and 9 months includes gains from the sale of securities of $2,260,000 and $15,927,000, respectively; and the year-ago periods includes similar gains of $931,000 for the quarter and $10,141,000 for the 9 months.</p>
      </block>
    </body.content>
  </body>
</nitf>
