<?xml version="1.0" encoding="UTF-8"?>
<!DOCTYPE nitf SYSTEM "http://www.nitf.org/IPTC/NITF/3.3/specification/dtd/nitf-3-3.dtd">
<nitf change.date="June 10, 2005" change.time="19:30" version="-//IPTC//DTD NITF 3.3//EN">
  <head>
    <title>German Jobless Rate</title>
    <meta content="4" name="publication_day_of_month"/>
    <meta content="6" name="publication_month"/>
    <meta content="1987" name="publication_year"/>
    <meta content="Thursday" name="publication_day_of_week"/>
    <meta content="Financial Desk" name="dsk"/>
    <meta content="2" name="print_page_number"/>
    <meta content="D" name="print_section"/>
    <meta content="6" name="print_column"/>
    <meta content="Business" name="online_sections"/>
    <docdata>
      <doc-id id-string="46432"/>
      <doc.copyright holder="The New York Times" year="1987"/>
      <identified-content>
        <classifier class="indexing_service" type="descriptor">LABOR</classifier>
        <classifier class="indexing_service" type="descriptor">UNEMPLOYMENT AND JOB MARKET</classifier>
        <location class="indexing_service">WEST GERMANY</location>
        <classifier class="online_producer" type="taxonomic_classifier">Top/News/Business</classifier>
        <classifier class="online_producer" type="taxonomic_classifier">Top/Features/Travel/Guides/Destinations/Europe</classifier>
        <classifier class="online_producer" type="taxonomic_classifier">Top/Features/Travel/Guides/Destinations/Europe/Germany</classifier>
        <classifier class="online_producer" type="general_descriptor">Unemployment</classifier>
        <classifier class="online_producer" type="general_descriptor">Labor</classifier>
      </identified-content>
    </docdata>
    <pubdata date.publication="19870604T000000" ex-ref="http://query.nytimes.com/gst/fullpage.html?res=9B0DE0D81F3AF937A35755C0A961948260" item-length="21" name="The New York Times" unit-of-measure="word"/>
  </head>
  <body>
    <body.head>
      <hedline>
        <hl1>German Jobless Rate</hl1>
      </hedline>
      <byline class="print_byline">AP</byline>
      <dateline>NUREMBERG, West Germany, June 3</dateline>
    </body.head>
    <body.content>
      <block class="lead_paragraph">
        <p>LEAD: Unemployment in West Germany fell to 8.3 percent in May from 8.8 percent in April, the Federal Labor Office said today.</p>
      </block>
      <block class="full_text">
        <p>LEAD: Unemployment in West Germany fell to 8.3 percent in May from 8.8 percent in April, the Federal Labor Office said today.</p>
        <p>Unemployment in West Germany fell to 8.3 percent in May from 8.8 percent in April, the Federal Labor Office said today.</p>
      </block>
    </body.content>
  </body>
</nitf>
