<?xml version="1.0" encoding="UTF-8"?>
<!DOCTYPE nitf SYSTEM "http://www.nitf.org/IPTC/NITF/3.3/specification/dtd/nitf-3-3.dtd">
<nitf change.date="June 10, 2005" change.time="19:30" version="-//IPTC//DTD NITF 3.3//EN">
  <head>
    <title>Hudson Shore: What's Ahead</title>
    <meta content="4" name="publication_day_of_month"/>
    <meta content="6" name="publication_month"/>
    <meta content="1987" name="publication_year"/>
    <meta content="Thursday" name="publication_day_of_week"/>
    <meta content="Metropolitan Desk" name="dsk"/>
    <meta content="3" name="print_page_number"/>
    <meta content="B" name="print_section"/>
    <meta content="3" name="print_column"/>
    <meta content="New York and Region" name="online_sections"/>
    <docdata>
      <doc-id id-string="46407"/>
      <doc.copyright holder="The New York Times" year="1987"/>
      <identified-content>
        <classifier class="indexing_service" type="descriptor">AREA PLANNING AND RENEWAL</classifier>
        <location class="indexing_service">NEW JERSEY</location>
        <location class="indexing_service">HUDSON RIVER</location>
        <classifier class="online_producer" type="types_of_material">List</classifier>
        <classifier class="online_producer" type="taxonomic_classifier">Top/News/New York and Region</classifier>
        <classifier class="online_producer" type="taxonomic_classifier">Top/Features/Travel/Guides/Destinations/North America</classifier>
        <classifier class="online_producer" type="taxonomic_classifier">Top/Features/Travel/Guides/Destinations/North America/United States</classifier>
        <classifier class="online_producer" type="taxonomic_classifier">Top/Features/Travel/Guides/Destinations/North America/United States/New Jersey</classifier>
        <classifier class="online_producer" type="general_descriptor">Area Planning and Renewal</classifier>
      </identified-content>
    </docdata>
    <pubdata date.publication="19870604T000000" ex-ref="http://query.nytimes.com/gst/fullpage.html?res=9B0DE1DC103AF937A35755C0A961948260" item-length="179" name="The New York Times" unit-of-measure="word"/>
  </head>
  <body>
    <body.head>
      <hedline>
        <hl1>Hudson Shore: What's Ahead</hl1>
      </hedline>
    </body.head>
    <body.content>
      <block class="lead_paragraph">
        <p>LEAD: These are other projects planned or under construction on the New Jersey shore of the Hudson River:  JERSEY CITY</p>
      </block>
      <block class="full_text">
        <p>LEAD: These are other projects planned or under construction on the New Jersey shore of the Hudson River:  JERSEY CITY</p>
        <p>These are other projects planned or under construction on the New Jersey shore of the Hudson River:  JERSEY CITY</p>
        <p>Port Liberte - 1,700 condominiums and town houses under construction, with 1 million square feet of offices, stores and a hotel planned.</p>
        <p>Harsimus Cove - 1,500 condominiums, 750,000 square feet of office, retail and hotel space planned.</p>
        <p>Newport - 9,000 homes, 4.5 million square feet of offices, a shopping mall, hotel and marina under construction.  HOBOKEN</p>
        <p>Hudson Center - 1,200 condominiums, 4 million square feet of office space, stores, a hotel and marina planned.  WEEHAWKEN</p>
        <p>Lincoln Center - 250 homes, 2 million square feet of office space, stores, a hotel and a marina under construction.</p>
        <p>Arcorp Properties - 12,500 condominiums, 10 million square feet of office space, stores, a hotel and a marina planned.  NORTH BERGEN</p>
        <p>Roc Harbor - 700 condominiums and a marina under construction.  EDGEWATER</p>
        <p>Renaissance Center - 709 condominiums under construction.</p>
        <p>Shelter Bay Club - 60 condominiums under construction.</p>
      </block>
    </body.content>
  </body>
</nitf>
