<?xml version="1.0" encoding="UTF-8"?>
<!DOCTYPE nitf SYSTEM "http://www.nitf.org/IPTC/NITF/3.3/specification/dtd/nitf-3-3.dtd">
<nitf change.date="June 10, 2005" change.time="19:30" version="-//IPTC//DTD NITF 3.3//EN">
  <head>
    <title>U.S. Diplomat Indicted In Scheme to Sell Visas</title>
    <meta content="4" name="publication_day_of_month"/>
    <meta content="6" name="publication_month"/>
    <meta content="1987" name="publication_year"/>
    <meta content="Thursday" name="publication_day_of_week"/>
    <meta content="Foreign Desk" name="dsk"/>
    <meta content="3" name="print_page_number"/>
    <meta content="A" name="print_section"/>
    <meta content="4" name="print_column"/>
    <meta content="World; Washington" name="online_sections"/>
    <docdata>
      <doc-id id-string="46250"/>
      <doc.copyright holder="The New York Times" year="1987"/>
      <identified-content>
        <classifier class="indexing_service" type="descriptor">VISAS</classifier>
        <classifier class="indexing_service" type="descriptor">TRAVEL AND VACATIONS</classifier>
        <classifier class="indexing_service" type="descriptor">UNITED STATES INTERNATIONAL RELATIONS</classifier>
        <classifier class="indexing_service" type="descriptor">FORGERY</classifier>
        <location class="indexing_service">IRAN</location>
        <location class="indexing_service">SPAIN</location>
        <org class="indexing_service">UNITED STATES FOREIGN SERVICE</org>
        <classifier class="online_producer" type="taxonomic_classifier">Top/News</classifier>
        <classifier class="online_producer" type="taxonomic_classifier">Top/News/World/Countries and Territories/Spain</classifier>
        <classifier class="online_producer" type="taxonomic_classifier">Top/News/World/Countries and Territories/Iran</classifier>
        <classifier class="online_producer" type="taxonomic_classifier">Top/News/World</classifier>
        <classifier class="online_producer" type="taxonomic_classifier">Top/News/World/Asia Pacific</classifier>
        <classifier class="online_producer" type="taxonomic_classifier">Top/News/World/Europe</classifier>
        <classifier class="online_producer" type="taxonomic_classifier">Top/News/Washington</classifier>
        <classifier class="online_producer" type="taxonomic_classifier">Top/News/World/Middle East</classifier>
        <classifier class="online_producer" type="taxonomic_classifier">Top/Classifieds/Job Market/Job Categories/Hospitality, Restaurant and Travel</classifier>
        <classifier class="online_producer" type="taxonomic_classifier">Top/Features/Travel/Guides/Destinations/Middle East</classifier>
        <classifier class="online_producer" type="taxonomic_classifier">Top/Features/Travel/Guides/Destinations/Middle East/Iran</classifier>
        <classifier class="online_producer" type="taxonomic_classifier">Top/Features/Travel/Guides/Destinations/Europe</classifier>
        <classifier class="online_producer" type="taxonomic_classifier">Top/Features/Travel/Guides/Destinations/Europe/Spain</classifier>
        <classifier class="online_producer" type="general_descriptor">United States International Relations</classifier>
        <classifier class="online_producer" type="general_descriptor">United States International Relations</classifier>
        <classifier class="online_producer" type="general_descriptor">Travel and Vacations</classifier>
        <classifier class="online_producer" type="general_descriptor">International Relations</classifier>
        <classifier class="online_producer" type="general_descriptor">Crime and Criminals</classifier>
        <classifier class="online_producer" type="general_descriptor">United States Politics and Government</classifier>
        <classifier class="online_producer" type="general_descriptor">Politics and Government</classifier>
      </identified-content>
    </docdata>
    <pubdata date.publication="19870604T000000" ex-ref="http://query.nytimes.com/gst/fullpage.html?res=9B0DE5DD173BF937A35755C0A961948260" item-length="163" name="The New York Times" unit-of-measure="word"/>
  </head>
  <body>
    <body.head>
      <hedline>
        <hl1>U.S. Diplomat Indicted In Scheme to Sell Visas</hl1>
      </hedline>
      <byline class="print_byline">AP</byline>
      <dateline>WASHINGTON, June 3</dateline>
    </body.head>
    <body.content>
      <block class="lead_paragraph">
        <p>LEAD: A former senior diplomat at the United States Embassy in Madrid has been charged with conspiring to sell false American entry visas to Iranians.</p>
      </block>
      <block class="full_text">
        <p>LEAD: A former senior diplomat at the United States Embassy in Madrid has been charged with conspiring to sell false American entry visas to Iranians.</p>
        <p>A former senior diplomat at the United States Embassy in Madrid has been charged with conspiring to sell false American entry visas to Iranians.</p>
        <p>The former envoy, Bernard J. Fennell, who was first secretary and consul at the embassy in Madrid and its anti-fraud officer, was named in a 21-count indictment that was unsealed Monday charging he had taken part in an elaborate scheme with six others to sell the false visas to Iranians living in Europe.</p>
        <p>As much as $5,000 was paid for a single visa, and $15,000 bought visas for a family of five, the indictment said.</p>
        <p>The indictment was returned by a Federal grand jury in Miami after Mr. Fennell was arrested Monday in his State Department office.</p>
        <p>Mr. Fennell, who supervised the visa operation at the embassy in Madrid, was scheduled to appear later today before a United States magistrate here. The indictment charged that Mr. Fennell conspired with Harry Arjad, a naturalized American citizen, to sell the false visas.</p>
      </block>
    </body.content>
  </body>
</nitf>
