<?xml version="1.0" encoding="UTF-8"?>
<!DOCTYPE nitf SYSTEM "http://www.nitf.org/IPTC/NITF/3.3/specification/dtd/nitf-3-3.dtd">
<nitf change.date="June 10, 2005" change.time="19:30" version="-//IPTC//DTD NITF 3.3//EN">
  <head>
    <title>AMERICAN CAPITAL CORP reports earnings for Qtr to June 30</title>
    <meta content="5" name="publication_day_of_month"/>
    <meta content="9" name="publication_month"/>
    <meta content="1987" name="publication_year"/>
    <meta content="Saturday" name="publication_day_of_week"/>
    <meta content="Financial Desk" name="dsk"/>
    <meta content="33" name="print_page_number"/>
    <meta content="1" name="print_section"/>
    <meta content="1" name="print_column"/>
    <meta content="Business" name="online_sections"/>
    <docdata>
      <doc-id id-string="71808"/>
      <doc.copyright holder="The New York Times" year="1987"/>
      <identified-content>
        <classifier class="indexing_service" type="descriptor">COMPANY REPORTS</classifier>
        <classifier class="online_producer" type="types_of_material">Statistics</classifier>
        <classifier class="online_producer" type="taxonomic_classifier">Top/News/Business</classifier>
        <classifier class="online_producer" type="general_descriptor">Company Reports</classifier>
        <classifier class="online_producer" type="general_descriptor">Corporations</classifier>
      </identified-content>
    </docdata>
    <pubdata date.publication="19870905T000000" ex-ref="http://query.nytimes.com/gst/fullpage.html?res=9505E0D71539F936A3575AC0A961948260" item-length="55" name="The New York Times" unit-of-measure="word"/>
  </head>
  <body>
    <body.head>
      <hedline>
        <hl1>AMERICAN CAPITAL CORP reports earnings for Qtr to June 30</hl1>
      </hedline>
    </body.head>
    <body.content>
      <block class="lead_paragraph">
        <p>LEAD:</p>
        <p>*3*** COMPANY REPORTS **</p>
        <p>*3*AMERICAN CAPITAL CORP (AMEX)</p>
        <p>Qtr to June 30</p>
        <p>1987</p>
        <p>1986</p>
        <p>Net loss</p>
        <p>179,000</p>
        <p>bc2,267,000</p>
        <p>Share earns</p>
        <p>-</p>
        <p>.15</p>
        <p>6mo net inc</p>
        <p>2,580,000</p>
        <p>c4,524,000</p>
        <p>Share earns</p>
        <p>.15</p>
        <p>.30</p>
        <p>b-Net income  c-After a charge of $467,000 for both the quarter and 6 months.</p>
      </block>
      <block class="full_text">
        <p>LEAD:</p>
        <p>*3*** COMPANY REPORTS **</p>
        <p>*3*AMERICAN CAPITAL CORP (AMEX)</p>
        <p>Qtr to June 30</p>
        <p>1987</p>
        <p>1986</p>
        <p>Net loss</p>
        <p>179,000</p>
        <p>bc2,267,000</p>
        <p>Share earns</p>
        <p>-</p>
        <p>.15</p>
        <p>6mo net inc</p>
        <p>2,580,000</p>
        <p>c4,524,000</p>
        <p>Share earns</p>
        <p>.15</p>
        <p>.30</p>
        <p>b-Net income  c-After a charge of $467,000 for both the quarter and 6 months.</p>
        <p>*3*** COMPANY REPORTS **</p>
        <p>*3*AMERICAN CAPITAL CORP (AMEX)</p>
        <p>Qtr to June 30</p>
        <p>1987</p>
        <p>1986</p>
        <p>Net loss</p>
        <p>179,000</p>
        <p>bc2,267,000</p>
        <p>Share earns</p>
        <p>-</p>
        <p>.15</p>
        <p>6mo net inc</p>
        <p>2,580,000</p>
        <p>c4,524,000</p>
        <p>Share earns</p>
        <p>.15</p>
        <p>.30</p>
        <p>b-Net income  c-After a charge of $467,000 for both the quarter and 6 months.</p>
      </block>
    </body.content>
  </body>
</nitf>
