<?xml version="1.0" encoding="UTF-8"?>
<!DOCTYPE nitf SYSTEM "http://www.nitf.org/IPTC/NITF/3.3/specification/dtd/nitf-3-3.dtd">
<nitf change.date="June 10, 2005" change.time="19:30" version="-//IPTC//DTD NITF 3.3//EN">
  <head>
    <title>GENERAL AERO PRODUCTS reports earnings for Year to Dec 31</title>
    <meta content="5" name="publication_day_of_month"/>
    <meta content="5" name="publication_month"/>
    <meta content="1987" name="publication_year"/>
    <meta content="Tuesday" name="publication_day_of_week"/>
    <meta content="Financial Desk" name="dsk"/>
    <meta content="6" name="print_page_number"/>
    <meta content="D" name="print_section"/>
    <meta content="1" name="print_column"/>
    <meta content="Business" name="online_sections"/>
    <docdata>
      <doc-id id-string="37334"/>
      <doc.copyright holder="The New York Times" year="1987"/>
      <identified-content>
        <classifier class="indexing_service" type="descriptor">COMPANY REPORTS</classifier>
        <classifier class="online_producer" type="types_of_material">Statistics</classifier>
        <classifier class="online_producer" type="taxonomic_classifier">Top/News/Business</classifier>
        <classifier class="online_producer" type="general_descriptor">Company Reports</classifier>
        <classifier class="online_producer" type="general_descriptor">Corporations</classifier>
      </identified-content>
    </docdata>
    <pubdata date.publication="19870505T000000" ex-ref="http://query.nytimes.com/gst/fullpage.html?res=9905E0D7123EF936A35756C0A961948260" item-length="54" name="The New York Times" unit-of-measure="word"/>
  </head>
  <body>
    <body.head>
      <hedline>
        <hl1>GENERAL AERO PRODUCTS reports earnings for Year to Dec 31</hl1>
      </hedline>
    </body.head>
    <body.content>
      <block class="lead_paragraph">
        <p>LEAD:</p>
        <p>*3*** COMPANY REPORTS **</p>
        <p>*3*GENERAL AERO PRODUCTS (OTC)</p>
        <p>Year to Dec 31</p>
        <p>1986</p>
        <p>1985</p>
        <p>Sales</p>
        <p>17,271,738</p>
        <p>10,899,202</p>
        <p>Net inc</p>
        <p>b177,599</p>
        <p>b491,299</p>
        <p>Share earns</p>
        <p>.02</p>
        <p>.06</p>
        <p>b-After losses from discontinued operations of $554,192 for the latest year and $5,125 for the earlier year.</p>
      </block>
      <block class="full_text">
        <p>LEAD:</p>
        <p>*3*** COMPANY REPORTS **</p>
        <p>*3*GENERAL AERO PRODUCTS (OTC)</p>
        <p>Year to Dec 31</p>
        <p>1986</p>
        <p>1985</p>
        <p>Sales</p>
        <p>17,271,738</p>
        <p>10,899,202</p>
        <p>Net inc</p>
        <p>b177,599</p>
        <p>b491,299</p>
        <p>Share earns</p>
        <p>.02</p>
        <p>.06</p>
        <p>b-After losses from discontinued operations of $554,192 for the latest year and $5,125 for the earlier year.</p>
        <p>*3*** COMPANY REPORTS **</p>
        <p>*3*GENERAL AERO PRODUCTS (OTC)</p>
        <p>Year to Dec 31</p>
        <p>1986</p>
        <p>1985</p>
        <p>Sales</p>
        <p>17,271,738</p>
        <p>10,899,202</p>
        <p>Net inc</p>
        <p>b177,599</p>
        <p>b491,299</p>
        <p>Share earns</p>
        <p>.02</p>
        <p>.06</p>
        <p>b-After losses from discontinued operations of $554,192 for the latest year and $5,125 for the earlier year.</p>
      </block>
    </body.content>
  </body>
</nitf>
