<?xml version="1.0" encoding="UTF-8"?>
<!DOCTYPE nitf SYSTEM "http://www.nitf.org/IPTC/NITF/3.3/specification/dtd/nitf-3-3.dtd">
<nitf change.date="June 10, 2005" change.time="19:30" version="-//IPTC//DTD NITF 3.3//EN">
  <head>
    <title>G.M. South Africa Gets a New Name</title>
    <meta content="21" name="publication_day_of_month"/>
    <meta content="2" name="publication_month"/>
    <meta content="1987" name="publication_year"/>
    <meta content="Saturday" name="publication_day_of_week"/>
    <meta content="Financial Desk" name="dsk"/>
    <meta content="34" name="print_page_number"/>
    <meta content="1" name="print_section"/>
    <meta content="6" name="print_column"/>
    <meta content="Business" name="online_sections"/>
    <docdata>
      <doc-id id-string="15334"/>
      <doc.copyright holder="The New York Times" year="1987"/>
      <series series.name="COMPANY NEWS"/>
      <identified-content>
        <classifier class="indexing_service" type="descriptor">MERGERS, ACQUISITIONS AND DIVESTITURES</classifier>
        <classifier class="indexing_service" type="descriptor">NAMES, ORGANIZATIONAL</classifier>
        <location class="indexing_service">SOUTH AFRICA, REPUBLIC OF</location>
        <org class="indexing_service">GENERAL MOTORS CORP</org>
        <org class="indexing_service">DELTA MOTOR CORP</org>
        <classifier class="online_producer" type="taxonomic_classifier">Top/News/Business</classifier>
        <classifier class="online_producer" type="taxonomic_classifier">Top/Features/Travel/Guides/Destinations/Africa</classifier>
        <classifier class="online_producer" type="taxonomic_classifier">Top/Features/Travel/Guides/Destinations/Africa/South Africa</classifier>
        <classifier class="online_producer" type="general_descriptor">Mergers, Acquisitions and Divestitures</classifier>
        <classifier class="online_producer" type="general_descriptor">Names, Organizational</classifier>
        <classifier class="online_producer" type="general_descriptor">Finances</classifier>
      </identified-content>
    </docdata>
    <pubdata date.publication="19870221T000000" ex-ref="http://query.nytimes.com/gst/fullpage.html?res=9B0DE7DC163EF932A15751C0A961948260" item-length="123" name="The New York Times" unit-of-measure="word"/>
  </head>
  <body>
    <body.head>
      <hedline>
        <hl1>G.M. South Africa Gets a New Name</hl1>
      </hedline>
      <byline class="print_byline">Reuters</byline>
      <dateline>PORT ELIZABETH, South Africa, Feb. 20</dateline>
    </body.head>
    <body.content>
      <block class="lead_paragraph">
        <p>LEAD: The local company that is acquiring the General Motors Corporation's South African assets said it would change its name to the Delta Motor Corporation from General Motors South Africa Ltd. G.M. officially pulled out of South Africa on Jan. 1, citing a slowing economy and the slow pace of reform for the nation's apartheid system of racial segregation.</p>
      </block>
      <block class="full_text">
        <p>LEAD: The local company that is acquiring the General Motors Corporation's South African assets said it would change its name to the Delta Motor Corporation from General Motors South Africa Ltd. G.M. officially pulled out of South Africa on Jan. 1, citing a slowing economy and the slow pace of reform for the nation's apartheid system of racial segregation.</p>
        <p>The local company that is acquiring the General Motors Corporation's South African assets said it would change its name to the Delta Motor Corporation from General Motors South Africa Ltd. G.M. officially pulled out of South Africa on Jan. 1, citing a slowing economy and the slow pace of reform for the nation's apartheid system of racial segregation.</p>
        <p>Delta also said it would not sign the Sullivan Principles, a set of guidelines on labor practices for American companies in South Africa.</p>
        <p>George Stegmann, personnel director of Delta, said, ''Like many other South African companies, we will continue to apply progressive and nondiscriminatory employment practices and exercise social responsibility in the community we serve.''  COMPANY NEWS</p>
      </block>
    </body.content>
  </body>
</nitf>
