<?xml version="1.0" encoding="UTF-8"?>
<!DOCTYPE nitf SYSTEM "http://www.nitf.org/IPTC/NITF/3.3/specification/dtd/nitf-3-3.dtd">
<nitf change.date="June 10, 2005" change.time="19:30" version="-//IPTC//DTD NITF 3.3//EN">
  <head>
    <title>RESIDENTIAL RESALES</title>
    <meta content="6" name="publication_day_of_month"/>
    <meta content="9" name="publication_month"/>
    <meta content="1987" name="publication_year"/>
    <meta content="Sunday" name="publication_day_of_week"/>
    <meta content="Real Estate Desk" name="dsk"/>
    <meta content="10" name="print_page_number"/>
    <meta content="8" name="print_section"/>
    <meta content="6" name="print_column"/>
    <meta content="Real Estate" name="online_sections"/>
    <docdata>
      <doc-id id-string="72302"/>
      <doc.copyright holder="The New York Times" year="1987"/>
      <identified-content>
        <classifier class="indexing_service" type="descriptor">HOUSING</classifier>
        <classifier class="indexing_service" type="descriptor">SALES</classifier>
        <location class="indexing_service">NEW YORK CITY</location>
        <location class="indexing_service">MANHATTAN (NYC)</location>
        <location class="indexing_service">BRONX (NYC)</location>
        <location class="indexing_service">QUEENS (NYC)</location>
        <location class="indexing_service">STATEN ISLAND (NYC)</location>
        <location class="indexing_service">BROOKLYN (NYC)</location>
        <classifier class="online_producer" type="types_of_material">List</classifier>
        <classifier class="online_producer" type="taxonomic_classifier">Top/Classifieds/Real Estate</classifier>
        <classifier class="online_producer" type="taxonomic_classifier">Top/Classifieds/Job Market/Job Categories/Sales and Business Development</classifier>
        <classifier class="online_producer" type="taxonomic_classifier">Top/Features/Travel/Guides/Destinations/North America</classifier>
        <classifier class="online_producer" type="taxonomic_classifier">Top/Features/Travel/Guides/Destinations/North America/United States</classifier>
        <classifier class="online_producer" type="taxonomic_classifier">Top/Features/Travel/Guides/Destinations/North America/United States/New York</classifier>
        <classifier class="online_producer" type="taxonomic_classifier">Top/Features/Travel/Guides/Destinations/North America/United States/New York/New York City</classifier>
        <classifier class="online_producer" type="general_descriptor">Sales</classifier>
        <classifier class="online_producer" type="general_descriptor">Housing</classifier>
      </identified-content>
    </docdata>
    <pubdata date.publication="19870906T000000" ex-ref="http://query.nytimes.com/gst/fullpage.html?res=9B0DE3DC113EF935A3575AC0A961948260" item-length="619" name="The New York Times" unit-of-measure="word"/>
  </head>
  <body>
    <body.head>
      <hedline>
        <hl1>RESIDENTIAL RESALES</hl1>
      </hedline>
    </body.head>
    <body.content>
      <block class="lead_paragraph">
        <p>LEAD:  Closings in the week ended Aug. 22  MANHATTAN  Chelsea  $364,000  471 West 22d Street  2-bedroom, 2-bath, 1,050-sq.-ft. duplex co-op in a recently renovated prewar building; dining area, 2 terraces, fireplace; maintenance $770, 50% tax-deductible (Broker: Joffee LaSalle)</p>
      </block>
      <block class="full_text">
        <p>LEAD:  Closings in the week ended Aug. 22  MANHATTAN  Chelsea  $364,000  471 West 22d Street  2-bedroom, 2-bath, 1,050-sq.-ft. duplex co-op in a recently renovated prewar building; dining area, 2 terraces, fireplace; maintenance $770, 50% tax-deductible (Broker: Joffee LaSalle)</p>
        <p>Closings in the week ended Aug. 22  MANHATTAN  Chelsea  $364,000  471 West 22d Street  2-bedroom, 2-bath, 1,050-sq.-ft. duplex co-op in a recently renovated prewar building; dining area, 2 terraces, fireplace; maintenance $770, 50% tax-deductible (Broker: Joffee LaSalle)  Stuyvesant Sq. Area  $140,000  145 East 15th Street  1-bedroom, 1-bath, 685-sq.-ft. postwar co-op; 24-hr. doorman, dining foyer, new windows; maintenance $440, 50% tax deductible (Broker:</p>
        <p>Buchbinder &amp; Warren)  Upper East Side  $840,000  525 East 86th Street  5-bedroom, 4-bath, 1,910-sq.-ft. postwar co-op; 24-hr. doorman, dining room, East River view; maintenance $1,891, 50% tax-deductible (Broker: Lyons &amp; Associates)  Upper East Side  $685,000  1020 Park Avenue (85th St.)  2-bedroom, 2 1/2-bath, 1,520-sq.-ft. postwar co-op; 24-hr. doorman, manned elevator, formal dining room; maintenance $1,278, 41% tax-deductible (Broker: B.J. Gottesman)  Upper East Side  $954,000  1165 Fifth Avenue (97th St.)  4-bedroom, 4-bath, 1,780-sq.-ft. co-op in a prewar building; 24-hr. doorman, concierge, manned elevator, dining room, fireplace; maintenance $1,250, 30% tax-deductible (Broker:</p>
        <p>Corcoran Group)  Upper West Side  $495,000  91 Central Park West (69th St.)  2-bedroom, 2-bath, 1,100-sq.-ft. co-op in a renovated prewar building; 24-hr. doorman, dining foyer, partial Central Park view; maintenance $658, 33% tax-deductible (Broker:</p>
        <p>Charles H. Greenthal Residential Sales)  BRONX  Baychester  $130,000  4015 DeRimer Avenue  2-family, attached, brick house; 3 bedrooms in primary unit; 2 bedrooms in other, 1 bath, dining area, large kitchens in both; finished basement, 1-car garage, 25- by 100-ft. lot; taxes $1,200 (Broker:</p>
        <p>Marland Real Estate)  Parkchester  $185,000  1201 Pugsley Avenue  2-family, detached, brick house; 4 bedrooms, 2 baths in primary unit; 3 bedrooms, 1 bath in other; dining room, large kitchens in each; finished basement, 1-car garage, 25- by 100-ft. lot; taxes $1,200 (Broker:</p>
        <p>Gold Circle North Realty)  BROOKLYN  Kensington  $81,450  350 Ocean Parkway  2-bedroom, 1-bath, 875-sq.-ft. postwar co-op; dining area, new windows, remodeled kitchen and bath; maintenance $410, 38% tax-deductible (Broker: Elise Franco Brown)  Park Slope  $176,000  85 6th Avenue  2-bedroom, 1 1/2-bath, 1,200-sq,-ft. condo in a recently renovated prewar building; large living room, hardwood floors, common charge $140, 100% tax-abated (Broker:</p>
        <p>John P. Barry Realty)  QUEENS  Briarwood  $82,000  141-60 84th Road  (Claridge)  1-bedroom, 1-bath, 700-sq.-ft. postwar co-op; entry foyer, large kitchen, optional garage space; maintenance $348, 52% tax-deductible (Broker: Kraham Realty)  Forest Hills  $399,500  100-38 75th Avenue  4-bedroom, 2 1/2-bath, single-family, detached, stucco frame house; dining room, powder room, fireplace, front and rear gardens, 50- by 90-ft. lot; taxes $1,450 (Broker: Terrace Realty)  STATEN ISLAND  Manor Heights  $190,000  187 Melba Street  3-bedroom, 1 1/2-bath, single-family, semi-attached, frame house; formal dining room, finished basement, 30-by 100-ft. lot; taxes $1,400 (Broker:</p>
        <p>Salmon Real Estate)  St. George  $159,000  146 Westervelt Avenue  3-bedroom, 2-bath, single-family, detached Victorian; formal dining room, sun deck, front and rear gardens, 25- by 100-ft. lot; taxes $419 (Broker: J.P. Walsh)</p>
      </block>
    </body.content>
  </body>
</nitf>
