<?xml version="1.0" encoding="UTF-8"?>
<!DOCTYPE nitf SYSTEM "http://www.nitf.org/IPTC/NITF/3.3/specification/dtd/nitf-3-3.dtd">
<nitf change.date="June 10, 2005" change.time="19:30" version="-//IPTC//DTD NITF 3.3//EN">
  <head>
    <title>LCS INDUSTRIES INC reports earnings for Qtr to Dec 31</title>
    <meta content="7" name="publication_day_of_month"/>
    <meta content="2" name="publication_month"/>
    <meta content="1987" name="publication_year"/>
    <meta content="Saturday" name="publication_day_of_week"/>
    <meta content="Financial Desk" name="dsk"/>
    <meta content="35" name="print_page_number"/>
    <meta content="1" name="print_section"/>
    <meta content="1" name="print_column"/>
    <meta content="Business" name="online_sections"/>
    <docdata>
      <doc-id id-string="11185"/>
      <doc.copyright holder="The New York Times" year="1987"/>
      <identified-content>
        <classifier class="indexing_service" type="descriptor">COMPANY REPORTS</classifier>
        <classifier class="online_producer" type="types_of_material">Statistics</classifier>
        <classifier class="online_producer" type="taxonomic_classifier">Top/News/Business</classifier>
        <classifier class="online_producer" type="general_descriptor">Company Reports</classifier>
        <classifier class="online_producer" type="general_descriptor">Corporations</classifier>
      </identified-content>
    </docdata>
    <pubdata date.publication="19870207T000000" ex-ref="http://query.nytimes.com/gst/fullpage.html?res=9E05E0D71031F934A35751C0A961948260" item-length="71" name="The New York Times" unit-of-measure="word"/>
  </head>
  <body>
    <body.head>
      <hedline>
        <hl1>LCS INDUSTRIES INC reports earnings for Qtr to Dec 31</hl1>
      </hedline>
    </body.head>
    <body.content>
      <block class="lead_paragraph">
        <p>LEAD:</p>
        <p>*3*** COMPANY REPORTS **</p>
        <p>*3*LCS INDUSTRIES INC (OTC)</p>
        <p>Qtr to Dec 31</p>
        <p>1986</p>
        <p>1985</p>
        <p>Revenue</p>
        <p>8,882,696</p>
        <p>8,612,835</p>
        <p>Net inc</p>
        <p>b310,028</p>
        <p>377,420</p>
        <p>Share earns</p>
        <p>.20</p>
        <p>.23</p>
        <p>Shares outst</p>
        <p>1,557,172</p>
        <p>1,650,841</p>
        <p>b-Includes a pre-tax gain of $280,000, or 9 cents a share, from the early termination of a contract and is after a reduction of $47,000 from the reversal of investment tax credits.</p>
      </block>
      <block class="full_text">
        <p>LEAD:</p>
        <p>*3*** COMPANY REPORTS **</p>
        <p>*3*LCS INDUSTRIES INC (OTC)</p>
        <p>Qtr to Dec 31</p>
        <p>1986</p>
        <p>1985</p>
        <p>Revenue</p>
        <p>8,882,696</p>
        <p>8,612,835</p>
        <p>Net inc</p>
        <p>b310,028</p>
        <p>377,420</p>
        <p>Share earns</p>
        <p>.20</p>
        <p>.23</p>
        <p>Shares outst</p>
        <p>1,557,172</p>
        <p>1,650,841</p>
        <p>b-Includes a pre-tax gain of $280,000, or 9 cents a share, from the early termination of a contract and is after a reduction of $47,000 from the reversal of investment tax credits.</p>
        <p>*3*** COMPANY REPORTS **</p>
        <p>*3*LCS INDUSTRIES INC (OTC)</p>
        <p>Qtr to Dec 31</p>
        <p>1986</p>
        <p>1985</p>
        <p>Revenue</p>
        <p>8,882,696</p>
        <p>8,612,835</p>
        <p>Net inc</p>
        <p>b310,028</p>
        <p>377,420</p>
        <p>Share earns</p>
        <p>.20</p>
        <p>.23</p>
        <p>Shares outst</p>
        <p>1,557,172</p>
        <p>1,650,841</p>
        <p>b-Includes a pre-tax gain of $280,000, or 9 cents a share, from the early termination of a contract and is after a reduction of $47,000 from the reversal of investment tax credits.</p>
      </block>
    </body.content>
  </body>
</nitf>
