<?xml version="1.0" encoding="UTF-8"?>
<!DOCTYPE nitf SYSTEM "http://www.nitf.org/IPTC/NITF/3.3/specification/dtd/nitf-3-3.dtd">
<nitf change.date="June 10, 2005" change.time="19:30" version="-//IPTC//DTD NITF 3.3//EN">
  <head>
    <title>VALID LOGIC SYSTEMS reports earnings for Qtr to Dec 31</title>
    <meta content="7" name="publication_day_of_month"/>
    <meta content="2" name="publication_month"/>
    <meta content="1987" name="publication_year"/>
    <meta content="Saturday" name="publication_day_of_week"/>
    <meta content="Financial Desk" name="dsk"/>
    <meta content="35" name="print_page_number"/>
    <meta content="1" name="print_section"/>
    <meta content="1" name="print_column"/>
    <meta content="Business" name="online_sections"/>
    <docdata>
      <doc-id id-string="11139"/>
      <doc.copyright holder="The New York Times" year="1987"/>
      <identified-content>
        <classifier class="indexing_service" type="descriptor">COMPANY REPORTS</classifier>
        <classifier class="online_producer" type="types_of_material">Statistics</classifier>
        <classifier class="online_producer" type="taxonomic_classifier">Top/News/Business</classifier>
        <classifier class="online_producer" type="general_descriptor">Company Reports</classifier>
        <classifier class="online_producer" type="general_descriptor">Corporations</classifier>
      </identified-content>
    </docdata>
    <pubdata date.publication="19870207T000000" ex-ref="http://query.nytimes.com/gst/fullpage.html?res=9F05E0D7153CF934A35751C0A961948260" item-length="102" name="The New York Times" unit-of-measure="word"/>
  </head>
  <body>
    <body.head>
      <hedline>
        <hl1>VALID LOGIC SYSTEMS reports earnings for Qtr to Dec 31</hl1>
      </hedline>
    </body.head>
    <body.content>
      <block class="lead_paragraph">
        <p>LEAD:</p>
        <p>*3*** COMPANY REPORTS **</p>
        <p>*3*VALID LOGIC SYSTEMS (OTC)</p>
        <p>Qtr to Dec 31</p>
        <p>1986</p>
        <p>1985</p>
        <p>Sales</p>
        <p>14,924,000</p>
        <p>13,463,000</p>
        <p>Net loss</p>
        <p>b7,841,000</p>
        <p>c513,000</p>
        <p>Yr sales</p>
        <p>50,907,000</p>
        <p>56,057,000</p>
        <p>Net loss</p>
        <p>7,067,000</p>
        <p>d1,844,000</p>
        <p>Share earns</p>
        <p>-</p>
        <p>.13</p>
        <p>b-Includes certain one-time writeoffs totaling $6,256,000 related to restructuring costs and writeoffs associated with excess capacity, inventory obsolescence and the pending merger of Valid Logic with Telesis Systems Corp.</p>
      </block>
      <block class="full_text">
        <p>LEAD:</p>
        <p>*3*** COMPANY REPORTS **</p>
        <p>*3*VALID LOGIC SYSTEMS (OTC)</p>
        <p>Qtr to Dec 31</p>
        <p>1986</p>
        <p>1985</p>
        <p>Sales</p>
        <p>14,924,000</p>
        <p>13,463,000</p>
        <p>Net loss</p>
        <p>b7,841,000</p>
        <p>c513,000</p>
        <p>Yr sales</p>
        <p>50,907,000</p>
        <p>56,057,000</p>
        <p>Net loss</p>
        <p>7,067,000</p>
        <p>d1,844,000</p>
        <p>Share earns</p>
        <p>-</p>
        <p>.13</p>
        <p>b-Includes certain one-time writeoffs totaling $6,256,000 related to restructuring costs and writeoffs associated with excess capacity, inventory obsolescence and the pending merger of Valid Logic with Telesis Systems Corp.</p>
        <p>*3*** COMPANY REPORTS **</p>
        <p>*3*VALID LOGIC SYSTEMS (OTC)</p>
        <p>Qtr to Dec 31</p>
        <p>1986</p>
        <p>1985</p>
        <p>Sales</p>
        <p>14,924,000</p>
        <p>13,463,000</p>
        <p>Net loss</p>
        <p>b7,841,000</p>
        <p>c513,000</p>
        <p>Yr sales</p>
        <p>50,907,000</p>
        <p>56,057,000</p>
        <p>Net loss</p>
        <p>7,067,000</p>
        <p>d1,844,000</p>
        <p>Share earns</p>
        <p>-</p>
        <p>.13</p>
        <p>b-Includes certain one-time writeoffs totaling $6,256,000 related to restructuring costs and writeoffs associated with excess capacity, inventory obsolescence and the pending merger of Valid Logic with Telesis Systems Corp.</p>
        <p>c-Includes a tax credit of $271,000.</p>
        <p>d-Net income and includes a tax credit of $271,000.</p>
      </block>
    </body.content>
  </body>
</nitf>
