<?xml version="1.0" encoding="UTF-8"?>
<!DOCTYPE nitf SYSTEM "http://www.nitf.org/IPTC/NITF/3.3/specification/dtd/nitf-3-3.dtd">
<nitf change.date="June 10, 2005" change.time="19:30" version="-//IPTC//DTD NITF 3.3//EN">
  <head>
    <title>ACME UNITED CORP reports earnings for Qtr to Dec 31</title>
    <meta content="2" name="publication_day_of_month"/>
    <meta content="3" name="publication_month"/>
    <meta content="1987" name="publication_year"/>
    <meta content="Monday" name="publication_day_of_week"/>
    <meta content="Financial Desk" name="dsk"/>
    <meta content="10" name="print_page_number"/>
    <meta content="D" name="print_section"/>
    <meta content="1" name="print_column"/>
    <meta content="Business" name="online_sections"/>
    <docdata>
      <doc-id id-string="17959"/>
      <doc.copyright holder="The New York Times" year="1987"/>
      <identified-content>
        <classifier class="indexing_service" type="descriptor">COMPANY REPORTS</classifier>
        <classifier class="online_producer" type="types_of_material">Statistics</classifier>
        <classifier class="online_producer" type="taxonomic_classifier">Top/News/Business</classifier>
        <classifier class="online_producer" type="general_descriptor">Company Reports</classifier>
        <classifier class="online_producer" type="general_descriptor">Corporations</classifier>
      </identified-content>
    </docdata>
    <pubdata date.publication="19870302T000000" ex-ref="http://query.nytimes.com/gst/fullpage.html?res=9F05E0D71739F931A35750C0A961948260" item-length="52" name="The New York Times" unit-of-measure="word"/>
  </head>
  <body>
    <body.head>
      <hedline>
        <hl1>ACME UNITED CORP reports earnings for Qtr to Dec 31</hl1>
      </hedline>
    </body.head>
    <body.content>
      <block class="lead_paragraph">
        <p>LEAD:</p>
        <p>*3*** COMPANY REPORTS **</p>
        <p>*3*ACME UNITED CORP (AMEX)</p>
        <p>Qtr to Dec 31</p>
        <p>1986</p>
        <p>1985</p>
        <p>Sales</p>
        <p>8,059,791</p>
        <p>7,913,167</p>
        <p>Net loss</p>
        <p>765,834</p>
        <p>b284,089</p>
        <p>Share earns</p>
        <p>-</p>
        <p>.09</p>
        <p>Yr sales</p>
        <p>35,231,946</p>
        <p>36,407,966</p>
        <p>Net loss</p>
        <p>456,047</p>
        <p>b1,227,449</p>
        <p>Share earns</p>
        <p>-</p>
        <p>.38</p>
        <p>b</p>
      </block>
      <block class="full_text">
        <p>LEAD:</p>
        <p>*3*** COMPANY REPORTS **</p>
        <p>*3*ACME UNITED CORP (AMEX)</p>
        <p>Qtr to Dec 31</p>
        <p>1986</p>
        <p>1985</p>
        <p>Sales</p>
        <p>8,059,791</p>
        <p>7,913,167</p>
        <p>Net loss</p>
        <p>765,834</p>
        <p>b284,089</p>
        <p>Share earns</p>
        <p>-</p>
        <p>.09</p>
        <p>Yr sales</p>
        <p>35,231,946</p>
        <p>36,407,966</p>
        <p>Net loss</p>
        <p>456,047</p>
        <p>b1,227,449</p>
        <p>Share earns</p>
        <p>-</p>
        <p>.38</p>
        <p>b</p>
        <p>*3*** COMPANY REPORTS **</p>
        <p>*3*ACME UNITED CORP (AMEX)</p>
        <p>Qtr to Dec 31</p>
        <p>1986</p>
        <p>1985</p>
        <p>Sales</p>
        <p>8,059,791</p>
        <p>7,913,167</p>
        <p>Net loss</p>
        <p>765,834</p>
        <p>b284,089</p>
        <p>Share earns</p>
        <p>-</p>
        <p>.09</p>
        <p>Yr sales</p>
        <p>35,231,946</p>
        <p>36,407,966</p>
        <p>Net loss</p>
        <p>456,047</p>
        <p>b1,227,449</p>
        <p>Share earns</p>
        <p>-</p>
        <p>.38</p>
        <p>b-Net income</p>
      </block>
    </body.content>
  </body>
</nitf>
