<?xml version="1.0" encoding="UTF-8"?>
<!DOCTYPE nitf SYSTEM "http://www.nitf.org/IPTC/NITF/3.3/specification/dtd/nitf-3-3.dtd">
<nitf change.date="June 10, 2005" change.time="19:30" version="-//IPTC//DTD NITF 3.3//EN">
  <head>
    <title>Big East Tournament</title>
    <meta content="2" name="publication_day_of_month"/>
    <meta content="3" name="publication_month"/>
    <meta content="1987" name="publication_year"/>
    <meta content="Monday" name="publication_day_of_week"/>
    <meta content="Sports Desk" name="dsk"/>
    <meta content="6" name="print_page_number"/>
    <meta content="C" name="print_section"/>
    <meta content="5" name="print_column"/>
    <meta content="Sports" name="online_sections"/>
    <docdata>
      <doc-id id-string="18074"/>
      <doc.copyright holder="The New York Times" year="1987"/>
      <identified-content>
        <classifier class="indexing_service" type="descriptor">BASKETBALL</classifier>
        <classifier class="indexing_service" type="descriptor">COLLEGE ATHLETICS</classifier>
        <classifier class="online_producer" type="taxonomic_classifier">Top/News</classifier>
        <classifier class="online_producer" type="taxonomic_classifier">Top/News/Sports</classifier>
        <classifier class="online_producer" type="taxonomic_classifier">Top/News/Sports/College Basketball</classifier>
        <classifier class="online_producer" type="general_descriptor">Basketball</classifier>
        <classifier class="online_producer" type="general_descriptor">College Athletics</classifier>
      </identified-content>
    </docdata>
    <pubdata date.publication="19870302T000000" ex-ref="http://query.nytimes.com/gst/fullpage.html?res=9B0DE2DB113EF931A35750C0A961948260" item-length="93" name="The New York Times" unit-of-measure="word"/>
  </head>
  <body>
    <body.head>
      <hedline>
        <hl1>Big East Tournament</hl1>
      </hedline>
    </body.head>
    <body.content>
      <block class="lead_paragraph">
        <p>LEAD:  Thursday  First Round  Boston College vs. Connecticut, 7 P.M.  Friday  Quarterfinals  Pittsburgh (2) vs. Seton Hall (7), 1 P.M.  Syracuse (3) vs. Villanova (6), 3 P.M.  Georgetown (1) vs. B.C.-Conn. winner, 7 P.M.  Providence (4 or 5) vs. St. John's (4 or 5), 9 P.M.  Saturday  Semifinals  Winners of afternoon games, 1:30 P.M.</p>
      </block>
      <block class="full_text">
        <p>LEAD:  Thursday  First Round  Boston College vs. Connecticut, 7 P.M.  Friday  Quarterfinals  Pittsburgh (2) vs. Seton Hall (7), 1 P.M.  Syracuse (3) vs. Villanova (6), 3 P.M.  Georgetown (1) vs. B.C.-Conn. winner, 7 P.M.  Providence (4 or 5) vs. St. John's (4 or 5), 9 P.M.  Saturday  Semifinals  Winners of afternoon games, 1:30 P.M.</p>
        <p>Thursday  First Round  Boston College vs. Connecticut, 7 P.M.  Friday  Quarterfinals  Pittsburgh (2) vs. Seton Hall (7), 1 P.M.  Syracuse (3) vs. Villanova (6), 3 P.M.  Georgetown (1) vs. B.C.-Conn. winner, 7 P.M.  Providence (4 or 5) vs. St. John's (4 or 5), 9 P.M.  Saturday  Semifinals  Winners of afternoon games, 1:30 P.M.  Winners of night games, 4 P.M.  Sunday  Final, 2:30 P.M.  *If Providence beats Villanova tonight, it will be seeded fourth; if it loses, it will be seeded fifth, and St. John's will be fourth.</p>
      </block>
    </body.content>
  </body>
</nitf>
