<?xml version="1.0" encoding="UTF-8"?>
<!DOCTYPE nitf SYSTEM "http://www.nitf.org/IPTC/NITF/3.3/specification/dtd/nitf-3-3.dtd">
<nitf change.date="June 10, 2005" change.time="19:30" version="-//IPTC//DTD NITF 3.3//EN">
  <head>
    <title>HYDE ATHLETIC INDUSTRIES reports earnings for Qtr to Dec 31</title>
    <meta content="5" name="publication_day_of_month"/>
    <meta content="2" name="publication_month"/>
    <meta content="1987" name="publication_year"/>
    <meta content="Thursday" name="publication_day_of_week"/>
    <meta content="Financial Desk" name="dsk"/>
    <meta content="8" name="print_page_number"/>
    <meta content="D" name="print_section"/>
    <meta content="3" name="print_column"/>
    <meta content="Business" name="online_sections"/>
    <docdata>
      <doc-id id-string="10595"/>
      <doc.copyright holder="The New York Times" year="1987"/>
      <identified-content>
        <classifier class="indexing_service" type="descriptor">COMPANY REPORTS</classifier>
        <classifier class="online_producer" type="types_of_material">Statistics</classifier>
        <classifier class="online_producer" type="taxonomic_classifier">Top/News/Business</classifier>
        <classifier class="online_producer" type="general_descriptor">Company Reports</classifier>
        <classifier class="online_producer" type="general_descriptor">Corporations</classifier>
      </identified-content>
    </docdata>
    <pubdata date.publication="19870205T000000" ex-ref="http://query.nytimes.com/gst/fullpage.html?res=9E05E0D7173EF936A35751C0A961948260" item-length="82" name="The New York Times" unit-of-measure="word"/>
  </head>
  <body>
    <body.head>
      <hedline>
        <hl1>HYDE ATHLETIC INDUSTRIES reports earnings for Qtr to Dec 31</hl1>
      </hedline>
    </body.head>
    <body.content>
      <block class="lead_paragraph">
        <p>LEAD:</p>
        <p>*3*** COMPANY REPORTS **</p>
        <p>*3*HYDE ATHLETIC INDUSTRIES (OTC)</p>
        <p>Qtr to Dec 31</p>
        <p>1986</p>
        <p>1985</p>
        <p>Revenue</p>
        <p>15,282,000</p>
        <p>13,669,000</p>
        <p>Net inc</p>
        <p>604,000</p>
        <p>b786,000</p>
        <p>Share earns</p>
        <p>.21</p>
        <p>-</p>
        <p>Shares outst</p>
        <p>2,845,098</p>
        <p>2,845,098</p>
        <p>Yr rev</p>
        <p>65,262,000</p>
        <p>57,139,000</p>
        <p>Net inc</p>
        <p>3,331,000</p>
        <p>b475,000</p>
        <p>Share earns</p>
        <p>1.17</p>
        <p>-</p>
        <p>Shares outst</p>
        <p>2,845,098</p>
        <p>2,849,788</p>
      </block>
      <block class="full_text">
        <p>LEAD:</p>
        <p>*3*** COMPANY REPORTS **</p>
        <p>*3*HYDE ATHLETIC INDUSTRIES (OTC)</p>
        <p>Qtr to Dec 31</p>
        <p>1986</p>
        <p>1985</p>
        <p>Revenue</p>
        <p>15,282,000</p>
        <p>13,669,000</p>
        <p>Net inc</p>
        <p>604,000</p>
        <p>b786,000</p>
        <p>Share earns</p>
        <p>.21</p>
        <p>-</p>
        <p>Shares outst</p>
        <p>2,845,098</p>
        <p>2,845,098</p>
        <p>Yr rev</p>
        <p>65,262,000</p>
        <p>57,139,000</p>
        <p>Net inc</p>
        <p>3,331,000</p>
        <p>b475,000</p>
        <p>Share earns</p>
        <p>1.17</p>
        <p>-</p>
        <p>Shares outst</p>
        <p>2,845,098</p>
        <p>2,849,788</p>
        <p>*3*** COMPANY REPORTS **</p>
        <p>*3*HYDE ATHLETIC INDUSTRIES (OTC)</p>
        <p>Qtr to Dec 31</p>
        <p>1986</p>
        <p>1985</p>
        <p>Revenue</p>
        <p>15,282,000</p>
        <p>13,669,000</p>
        <p>Net inc</p>
        <p>604,000</p>
        <p>b786,000</p>
        <p>Share earns</p>
        <p>.21</p>
        <p>-</p>
        <p>Shares outst</p>
        <p>2,845,098</p>
        <p>2,845,098</p>
        <p>Yr rev</p>
        <p>65,262,000</p>
        <p>57,139,000</p>
        <p>Net inc</p>
        <p>3,331,000</p>
        <p>b475,000</p>
        <p>Share earns</p>
        <p>1.17</p>
        <p>-</p>
        <p>Shares outst</p>
        <p>2,845,098</p>
        <p>2,849,788</p>
        <p>b-Net loss.</p>
        <p>The company said 1985 revenues were restated to conform with current industry standards.</p>
      </block>
    </body.content>
  </body>
</nitf>
