<?xml version="1.0" encoding="UTF-8"?>
<!DOCTYPE nitf SYSTEM "http://www.nitf.org/IPTC/NITF/3.3/specification/dtd/nitf-3-3.dtd">
<nitf change.date="June 10, 2005" change.time="19:30" version="-//IPTC//DTD NITF 3.3//EN">
  <head>
    <title>Metropolitan Life</title>
    <meta content="14" name="publication_day_of_month"/>
    <meta content="1" name="publication_month"/>
    <meta content="1987" name="publication_year"/>
    <meta content="Wednesday" name="publication_day_of_week"/>
    <meta content="Financial Desk" name="dsk"/>
    <meta content="5" name="print_page_number"/>
    <meta content="D" name="print_section"/>
    <meta content="6" name="print_column"/>
    <meta content="Business" name="online_sections"/>
    <docdata>
      <doc-id id-string="3529"/>
      <doc.copyright holder="The New York Times" year="1987"/>
      <series series.name="COMPANY NEWS"/>
      <identified-content>
        <classifier class="indexing_service" type="descriptor">LIFE INSURANCE</classifier>
        <org class="indexing_service">BALDWIN-UNITED CORP</org>
        <org class="indexing_service">METROPOLITAN LIFE INSURANCE CO</org>
        <classifier class="online_producer" type="taxonomic_classifier">Top/News/Business</classifier>
        <classifier class="online_producer" type="taxonomic_classifier">Top/Classifieds/Job Market/Job Categories/Banking, Finance and Insurance</classifier>
        <classifier class="online_producer" type="general_descriptor">Life Insurance</classifier>
        <classifier class="online_producer" type="general_descriptor">Insurance</classifier>
        <classifier class="online_producer" type="general_descriptor">Finances</classifier>
      </identified-content>
    </docdata>
    <pubdata date.publication="19870114T000000" ex-ref="http://query.nytimes.com/gst/fullpage.html?res=9B0DE2DC1F3EF937A25752C0A961948260" item-length="73" name="The New York Times" unit-of-measure="word"/>
  </head>
  <body>
    <body.head>
      <hedline>
        <hl1>Metropolitan Life</hl1>
      </hedline>
      <byline class="print_byline">AP</byline>
      <dateline>LITTLE ROCK, Ark., Jan. 13</dateline>
    </body.head>
    <body.content>
      <block class="lead_paragraph">
        <p>LEAD: A county judge has reaffirmed his decision to allow the Metropolitan Life Insurance Company of New York to assume life insurance policies issued by subsidiaries of the bankrupt Baldwin-United Corporation. The Sun Life Guaranty Company of Arkansas had asked Judge Perry Whitmore of the Pulaski County Circuit Court to reconsider his decision.</p>
      </block>
      <block class="full_text">
        <p>LEAD: A county judge has reaffirmed his decision to allow the Metropolitan Life Insurance Company of New York to assume life insurance policies issued by subsidiaries of the bankrupt Baldwin-United Corporation. The Sun Life Guaranty Company of Arkansas had asked Judge Perry Whitmore of the Pulaski County Circuit Court to reconsider his decision.</p>
        <p>A county judge has reaffirmed his decision to allow the Metropolitan Life Insurance Company of New York to assume life insurance policies issued by subsidiaries of the bankrupt Baldwin-United Corporation. The Sun Life Guaranty Company of Arkansas had asked Judge Perry Whitmore of the Pulaski County Circuit Court to reconsider his decision. Metropolitan Life will be allowed to assume about 100,000 policies worth about $2 billion.</p>
        <p>COMPANY NEWS</p>
      </block>
    </body.content>
  </body>
</nitf>
