<?xml version="1.0" encoding="UTF-8"?>
<!DOCTYPE nitf SYSTEM "http://www.nitf.org/IPTC/NITF/3.3/specification/dtd/nitf-3-3.dtd">
<nitf change.date="June 10, 2005" change.time="19:30" version="-//IPTC//DTD NITF 3.3//EN">
  <head>
    <title>GORDON JEWELRY CORP reports earnings for Qtr to Nov 30</title>
    <meta content="14" name="publication_day_of_month"/>
    <meta content="1" name="publication_month"/>
    <meta content="1987" name="publication_year"/>
    <meta content="Wednesday" name="publication_day_of_week"/>
    <meta content="Financial Desk" name="dsk"/>
    <meta content="7" name="print_page_number"/>
    <meta content="D" name="print_section"/>
    <meta content="1" name="print_column"/>
    <meta content="Business" name="online_sections"/>
    <docdata>
      <doc-id id-string="3335"/>
      <doc.copyright holder="The New York Times" year="1987"/>
      <identified-content>
        <classifier class="indexing_service" type="descriptor">COMPANY REPORTS</classifier>
        <classifier class="online_producer" type="types_of_material">Statistics</classifier>
        <classifier class="online_producer" type="taxonomic_classifier">Top/News/Business</classifier>
        <classifier class="online_producer" type="general_descriptor">Company Reports</classifier>
        <classifier class="online_producer" type="general_descriptor">Corporations</classifier>
      </identified-content>
    </docdata>
    <pubdata date.publication="19870114T000000" ex-ref="http://query.nytimes.com/gst/fullpage.html?res=9D05E0D71F39F937A25752C0A961948260" item-length="52" name="The New York Times" unit-of-measure="word"/>
  </head>
  <body>
    <body.head>
      <hedline>
        <hl1>GORDON JEWELRY CORP reports earnings for Qtr to Nov 30</hl1>
      </hedline>
    </body.head>
    <body.content>
      <block class="lead_paragraph">
        <p>LEAD:</p>
        <p>*3*** COMPANY REPORTS **</p>
        <p>*3*GORDON JEWELRY CORP (NYSE)</p>
        <p>Qtr to Nov 30</p>
        <p>1986</p>
        <p>1985</p>
        <p>Sales</p>
        <p>86,975,906</p>
        <p>79,706,651</p>
        <p>Net loss</p>
        <p>b20,083,549</p>
        <p>b950,611</p>
        <p>b-Includes losses from discontinued operations of $6,678,347 for the latest quarter and $1,712,670 for the year-ago period.</p>
      </block>
      <block class="full_text">
        <p>LEAD:</p>
        <p>*3*** COMPANY REPORTS **</p>
        <p>*3*GORDON JEWELRY CORP (NYSE)</p>
        <p>Qtr to Nov 30</p>
        <p>1986</p>
        <p>1985</p>
        <p>Sales</p>
        <p>86,975,906</p>
        <p>79,706,651</p>
        <p>Net loss</p>
        <p>b20,083,549</p>
        <p>b950,611</p>
        <p>b-Includes losses from discontinued operations of $6,678,347 for the latest quarter and $1,712,670 for the year-ago period.</p>
        <p>*3*** COMPANY REPORTS **</p>
        <p>*3*GORDON JEWELRY CORP (NYSE)</p>
        <p>Qtr to Nov 30</p>
        <p>1986</p>
        <p>1985</p>
        <p>Sales</p>
        <p>86,975,906</p>
        <p>79,706,651</p>
        <p>Net loss</p>
        <p>b20,083,549</p>
        <p>b950,611</p>
        <p>b-Includes losses from discontinued operations of $6,678,347 for the latest quarter and $1,712,670 for the year-ago period.</p>
      </block>
    </body.content>
  </body>
</nitf>
