<?xml version="1.0" encoding="UTF-8"?>
<!DOCTYPE nitf SYSTEM "http://www.nitf.org/IPTC/NITF/3.3/specification/dtd/nitf-3-3.dtd">
<nitf change.date="June 10, 2005" change.time="19:30" version="-//IPTC//DTD NITF 3.3//EN">
  <head>
    <title>FESTIVAL FOR RAW SPACE HIGHLIGHTS</title>
    <meta content="16" name="publication_day_of_month"/>
    <meta content="1" name="publication_month"/>
    <meta content="1987" name="publication_year"/>
    <meta content="Friday" name="publication_day_of_week"/>
    <meta content="Weekend Desk" name="dsk"/>
    <meta content="3" name="print_page_number"/>
    <meta content="C" name="print_section"/>
    <meta content="3" name="print_column"/>
    <meta content="Arts; Theater" name="online_sections"/>
    <docdata>
      <doc-id id-string="3957"/>
      <doc.copyright holder="The New York Times" year="1987"/>
      <series series.name="FRESH START FOR TROUPE ON 1ST AVE."/>
      <identified-content>
        <classifier class="indexing_service" type="descriptor">THEATER</classifier>
        <classifier class="indexing_service" type="descriptor">FESTIVALS</classifier>
        <org class="indexing_service">THEATER FOR THE NEW CITY</org>
        <classifier class="online_producer" type="taxonomic_classifier">Top/Features/Arts</classifier>
        <classifier class="online_producer" type="taxonomic_classifier">Top/Features/Theater</classifier>
        <classifier class="online_producer" type="taxonomic_classifier">Top/Features/Theater/News and Features</classifier>
        <classifier class="online_producer" type="taxonomic_classifier">Top/Classifieds/Job Market/Job Categories/Music, Theater and Dance</classifier>
        <classifier class="online_producer" type="general_descriptor">Theater</classifier>
        <classifier class="online_producer" type="general_descriptor">Festivals</classifier>
      </identified-content>
    </docdata>
    <pubdata date.publication="19870116T000000" ex-ref="http://query.nytimes.com/gst/fullpage.html?res=9B0DE3DC103BF935A25752C0A961948260" item-length="233" name="The New York Times" unit-of-measure="word"/>
  </head>
  <body>
    <body.head>
      <hedline>
        <hl1>FESTIVAL FOR RAW SPACE HIGHLIGHTS</hl1>
      </hedline>
    </body.head>
    <body.content>
      <block class="lead_paragraph">
        <p>LEAD: Following are the highlights of Theater for the New City's Festival for Raw Space at 155 First Avenue, corner of 10th Street. All tickets are $4. Information: 254-1109.</p>
      </block>
      <block class="full_text">
        <p>LEAD: Following are the highlights of Theater for the New City's Festival for Raw Space at 155 First Avenue, corner of 10th Street. All tickets are $4. Information: 254-1109.</p>
        <p>Following are the highlights of Theater for the New City's Festival for Raw Space at 155 First Avenue, corner of 10th Street. All tickets are $4. Information: 254-1109.</p>
        <p>Tonight to Jan. 25: 8 P.M. Thunderbird American Indians' ''Pow Wow '87,'' a collection of traditional ritual dances.</p>
        <p>Jan. 22-25: 9 P.M. Double bill of ''Time, Language, Places and the Erotic,'' by the performance artist Stuart Sherman, and ''Great Moments in Science,'' Theodora Skipitares's further adventures with Kabuki-like puppets.</p>
        <p>Jan. 29-31: 8 P.M. Double bill featuring the performance artist Alice Farley and a cabaret act by the singer-composer Mark Hardwick.</p>
        <p>Jan. 31: 8 P.M. Double bill featuring New York Street Theater Caravan's ''Liberty Road,'' and ''Walks of Indian Women: Aztalan to Anahuac,'' with Vira and Hortensia Colorado.</p>
        <p>Feb. 1-18: 8 P.M. The Strawberry Opera Company presents a modern adaptation of Mozart's ''Mercy of Titus.''</p>
        <p>Feb. 5-8: 8 P.M. Oliver Stone's film ''Salvador.''</p>
        <p>Feb. 6-8: 8 P.M. Double bill featuring the Bread and Puppet Theater's ''Hunger Cantata'' and a new work by the poet-playwright H. M. Koutoukas.</p>
        <p>Feb. 12-14: 2 P.M. ''Signal Through the Flames,'' Sheldon Rochlin's documentary about the Living Theater founders Judith Malina and Julian Beck.</p>
        <p>Feb. 12-14: 8 P.M. The Cement Company, under the direction of George Ferencz, in ''Spaceshow,'' a multimedia extravaganza.</p>
        <p>FRESH START FOR TROUPE ON 1ST AVE.</p>
      </block>
    </body.content>
  </body>
</nitf>
