<?xml version="1.0" encoding="UTF-8"?>
<!DOCTYPE nitf SYSTEM "http://www.nitf.org/IPTC/NITF/3.3/specification/dtd/nitf-3-3.dtd">
<nitf change.date="June 10, 2005" change.time="19:30" version="-//IPTC//DTD NITF 3.3//EN">
  <head>
    <title>Tolbert Signs</title>
    <meta content="14" name="publication_day_of_month"/>
    <meta content="12" name="publication_month"/>
    <meta content="1987" name="publication_year"/>
    <meta content="Monday" name="publication_day_of_week"/>
    <meta content="Sports Desk" name="dsk"/>
    <meta content="4" name="print_page_number"/>
    <meta content="C" name="print_section"/>
    <meta content="3" name="print_column"/>
    <meta content="Sports" name="online_sections"/>
    <docdata>
      <doc-id id-string="101718"/>
      <doc.copyright holder="The New York Times" year="1987"/>
      <identified-content>
        <classifier class="indexing_service" type="descriptor">BASKETBALL</classifier>
        <org class="indexing_service">LOS ANGELES LAKERS</org>
        <person class="indexing_service">TOLBERT, RAY</person>
        <classifier class="online_producer" type="taxonomic_classifier">Top/News</classifier>
        <classifier class="online_producer" type="taxonomic_classifier">Top/News/Sports</classifier>
        <classifier class="online_producer" type="taxonomic_classifier">Top/News/Sports/Pro Basketball/National Basketball Association/Los Angeles Lakers</classifier>
        <classifier class="online_producer" type="taxonomic_classifier">Top/News/Sports/Pro Basketball</classifier>
        <classifier class="online_producer" type="general_descriptor">Basketball</classifier>
      </identified-content>
    </docdata>
    <pubdata date.publication="19871214T000000" ex-ref="http://query.nytimes.com/gst/fullpage.html?res=9B0DE2DC1539F937A25751C1A961948260" item-length="64" name="The New York Times" unit-of-measure="word"/>
  </head>
  <body>
    <body.head>
      <hedline>
        <hl1>Tolbert Signs</hl1>
      </hedline>
      <byline class="print_byline">AP</byline>
      <dateline>INGLEWOOD, Calif., Dec. 13</dateline>
    </body.head>
    <body.content>
      <block class="lead_paragraph">
        <p>LEAD: Ray Tolbert, the veteran forward who was waived by the Knicks earlier this month, has signed with the Los Angeles Lakers, the team said today. No terms were disclosed. Tolbert, a 6-foot-9-inch, 240-pounder averaged 4.3 points and 3.2 rebounds in 11 games with the Knicks before they waived him Dec.</p>
      </block>
      <block class="full_text">
        <p>LEAD: Ray Tolbert, the veteran forward who was waived by the Knicks earlier this month, has signed with the Los Angeles Lakers, the team said today. No terms were disclosed. Tolbert, a 6-foot-9-inch, 240-pounder averaged 4.3 points and 3.2 rebounds in 11 games with the Knicks before they waived him Dec.</p>
        <p>Ray Tolbert, the veteran forward who was waived by the Knicks earlier this month, has signed with the Los Angeles Lakers, the team said today. No terms were disclosed. Tolbert, a 6-foot-9-inch, 240-pounder averaged 4.3 points and 3.2 rebounds in 11 games with the Knicks before they waived him Dec. 6. Tolbert, 29 years old, replaces the injured Jeff Lamp on the Lakers' roster.</p>
      </block>
    </body.content>
  </body>
</nitf>
