<?xml version="1.0" encoding="UTF-8"?>
<!DOCTYPE nitf SYSTEM "http://www.nitf.org/IPTC/NITF/3.3/specification/dtd/nitf-3-3.dtd">
<nitf change.date="June 10, 2005" change.time="19:30" version="-//IPTC//DTD NITF 3.3//EN">
  <head>
    <title>A Rare Look at an Exploding Star</title>
    <meta content="5" name="publication_day_of_month"/>
    <meta content="3" name="publication_month"/>
    <meta content="1987" name="publication_year"/>
    <meta content="Thursday" name="publication_day_of_week"/>
    <meta content="National Desk" name="dsk"/>
    <meta content="1" name="print_page_number"/>
    <meta content="A" name="print_section"/>
    <meta content="2" name="print_column"/>
    <meta content="Front Page" name="online_sections"/>
    <docdata>
      <doc-id id-string="18864"/>
      <doc.copyright holder="The New York Times" year="1987"/>
      <identified-content>
        <classifier class="indexing_service" type="descriptor">CREDIT</classifier>
        <classifier class="indexing_service" type="descriptor">STOCKS AND BONDS</classifier>
        <classifier class="indexing_service" type="descriptor">BOND PRICES AND TRADING VOLUME</classifier>
        <classifier class="indexing_service" type="descriptor">GOVERNMENT BONDS</classifier>
        <location class="indexing_service">UNITED STATES</location>
        <person class="indexing_service">QUINT, MICHAEL</person>
        <classifier class="online_producer" type="types_of_material">Caption</classifier>
        <classifier class="online_producer" type="taxonomic_classifier">Top/Classifieds/Job Market/Job Categories/Banking, Finance and Insurance</classifier>
        <classifier class="online_producer" type="taxonomic_classifier">Top/Features/Travel/Guides/Destinations/North America</classifier>
        <classifier class="online_producer" type="taxonomic_classifier">Top/Features/Travel/Guides/Destinations/North America/United States</classifier>
        <classifier class="online_producer" type="taxonomic_classifier">Top/News/Front Page</classifier>
        <classifier class="online_producer" type="general_descriptor">Credit</classifier>
        <classifier class="online_producer" type="general_descriptor">Prices (Fares, Fees and Rates)</classifier>
        <classifier class="online_producer" type="general_descriptor">Government Bonds</classifier>
        <classifier class="online_producer" type="general_descriptor">Stocks and Bonds</classifier>
        <classifier class="online_producer" type="general_descriptor">Finances</classifier>
      </identified-content>
    </docdata>
    <pubdata date.publication="19870305T000000" ex-ref="http://query.nytimes.com/gst/fullpage.html?res=9B0DE6DA143EF936A35750C0A961948260" item-length="36" name="The New York Times" unit-of-measure="word"/>
  </head>
  <body>
    <body.head>
      <hedline>
        <hl1>A Rare Look at an Exploding Star</hl1>
      </hedline>
    </body.head>
    <body.content>
      <block class="lead_paragraph">
        <p>LEAD: Photographs of same section of sky, taken three years apart, locating star thought to be the one that blazed into view last week in Southern Hemisphere. The supernova is 160,000 light years away. Page A16. (AP)</p>
      </block>
      <block class="full_text">
        <p>LEAD: Photographs of same section of sky, taken three years apart, locating star thought to be the one that blazed into view last week in Southern Hemisphere. The supernova is 160,000 light years away. Page A16. (AP)</p>
        <p>Photographs of same section of sky, taken three years apart, locating star thought to be the one that blazed into view last week in Southern Hemisphere. The supernova is 160,000 light years away. Page A16. (AP)</p>
      </block>
    </body.content>
  </body>
</nitf>
