<?xml version="1.0" encoding="UTF-8"?>
<!DOCTYPE nitf SYSTEM "http://www.nitf.org/IPTC/NITF/3.3/specification/dtd/nitf-3-3.dtd">
<nitf change.date="June 10, 2005" change.time="19:30" version="-//IPTC//DTD NITF 3.3//EN">
  <head>
    <title>Life in the 30's</title>
    <meta content="25" name="publication_day_of_month"/>
    <meta content="3" name="publication_month"/>
    <meta content="1987" name="publication_year"/>
    <meta content="Wednesday" name="publication_day_of_week"/>
    <meta content="Living Desk" name="dsk"/>
    <meta content="10" name="print_page_number"/>
    <meta content="C" name="print_section"/>
    <meta content="3" name="print_column"/>
    <meta content="Home and Garden" name="online_sections"/>
    <docdata>
      <doc-id id-string="24429"/>
      <doc.copyright holder="The New York Times" year="1987"/>
      <identified-content>
        <person class="indexing_service">QUINDLEN, ANNA</person>
        <object.title class="indexing_service">LIFE IN THE 30'S (TIMES COLUMN)</object.title>
        <classifier class="online_producer" type="taxonomic_classifier">Top/Features/Home and Garden</classifier>
      </identified-content>
    </docdata>
    <pubdata date.publication="19870325T000000" ex-ref="http://query.nytimes.com/gst/fullpage.html?res=9B0DE3D91331F936A15750C0A961948260" item-length="11" name="The New York Times" unit-of-measure="word"/>
  </head>
  <body>
    <body.head>
      <hedline>
        <hl1>Life in the 30's</hl1>
      </hedline>
    </body.head>
    <body.content>
      <block class="lead_paragraph">
        <p>LEAD: Anna Quindlen is on vacation. Her column will resume April 8.</p>
      </block>
      <block class="full_text">
        <p>LEAD: Anna Quindlen is on vacation. Her column will resume April 8.</p>
        <p>Anna Quindlen is on vacation. Her column will resume April 8.</p>
      </block>
    </body.content>
  </body>
</nitf>
