<?xml version="1.0" encoding="UTF-8"?>
<!DOCTYPE nitf SYSTEM "http://www.nitf.org/IPTC/NITF/3.3/specification/dtd/nitf-3-3.dtd">
<nitf change.date="June 10, 2005" change.time="19:30" version="-//IPTC//DTD NITF 3.3//EN">
  <head>
    <title>AMERITRUST CORP reports earnings for Qtr to Dec 31</title>
    <meta content="22" name="publication_day_of_month"/>
    <meta content="1" name="publication_month"/>
    <meta content="1987" name="publication_year"/>
    <meta content="Thursday" name="publication_day_of_week"/>
    <meta content="Financial Desk" name="dsk"/>
    <meta content="6" name="print_page_number"/>
    <meta content="D" name="print_section"/>
    <meta content="5" name="print_column"/>
    <meta content="Business" name="online_sections"/>
    <docdata>
      <doc-id id-string="5887"/>
      <doc.copyright holder="The New York Times" year="1987"/>
      <identified-content>
        <classifier class="indexing_service" type="descriptor">COMPANY REPORTS</classifier>
        <classifier class="online_producer" type="types_of_material">Statistics</classifier>
        <classifier class="online_producer" type="taxonomic_classifier">Top/News/Business</classifier>
        <classifier class="online_producer" type="general_descriptor">Company Reports</classifier>
        <classifier class="online_producer" type="general_descriptor">Corporations</classifier>
      </identified-content>
    </docdata>
    <pubdata date.publication="19870122T000000" ex-ref="http://query.nytimes.com/gst/fullpage.html?res=9D05E0D71E3FF931A15752C0A961948260" item-length="69" name="The New York Times" unit-of-measure="word"/>
  </head>
  <body>
    <body.head>
      <hedline>
        <hl1>AMERITRUST CORP reports earnings for Qtr to Dec 31</hl1>
      </hedline>
    </body.head>
    <body.content>
      <block class="lead_paragraph">
        <p>LEAD:</p>
        <p>*3*** COMPANY REPORTS **</p>
        <p>*3*AMERITRUST CORP (OTC)</p>
        <p>Qtr to Dec 31</p>
        <p>1986</p>
        <p>1985</p>
        <p>Net inc</p>
        <p>22,916,000</p>
        <p>22,175,000</p>
        <p>Per share</p>
        <p>1.10</p>
        <p>1.08</p>
        <p>Yr net inc</p>
        <p>88,480,000</p>
        <p>86,360,000</p>
        <p>Per share</p>
        <p>4.28</p>
        <p>4.24</p>
        <p>The results reflect the merger of First Indiana Bancorp into Ameritrust during the second quarter of 1986 in a transaction accounted for by the pooling of interest method.</p>
      </block>
      <block class="full_text">
        <p>LEAD:</p>
        <p>*3*** COMPANY REPORTS **</p>
        <p>*3*AMERITRUST CORP (OTC)</p>
        <p>Qtr to Dec 31</p>
        <p>1986</p>
        <p>1985</p>
        <p>Net inc</p>
        <p>22,916,000</p>
        <p>22,175,000</p>
        <p>Per share</p>
        <p>1.10</p>
        <p>1.08</p>
        <p>Yr net inc</p>
        <p>88,480,000</p>
        <p>86,360,000</p>
        <p>Per share</p>
        <p>4.28</p>
        <p>4.24</p>
        <p>The results reflect the merger of First Indiana Bancorp into Ameritrust during the second quarter of 1986 in a transaction accounted for by the pooling of interest method.</p>
        <p>*3*** COMPANY REPORTS **</p>
        <p>*3*AMERITRUST CORP (OTC)</p>
        <p>Qtr to Dec 31</p>
        <p>1986</p>
        <p>1985</p>
        <p>Net inc</p>
        <p>22,916,000</p>
        <p>22,175,000</p>
        <p>Per share</p>
        <p>1.10</p>
        <p>1.08</p>
        <p>Yr net inc</p>
        <p>88,480,000</p>
        <p>86,360,000</p>
        <p>Per share</p>
        <p>4.28</p>
        <p>4.24</p>
        <p>The results reflect the merger of First Indiana Bancorp into Ameritrust during the second quarter of 1986 in a transaction accounted for by the pooling of interest method.</p>
      </block>
    </body.content>
  </body>
</nitf>
