<?xml version="1.0" encoding="UTF-8"?>
<!DOCTYPE nitf SYSTEM "http://www.nitf.org/IPTC/NITF/3.3/specification/dtd/nitf-3-3.dtd">
<nitf change.date="June 10, 2005" change.time="19:30" version="-//IPTC//DTD NITF 3.3//EN">
  <head>
    <title>Dr. Judith Smith Weds D. E. Fairbank</title>
    <meta content="3" name="publication_day_of_month"/>
    <meta content="5" name="publication_month"/>
    <meta content="1987" name="publication_year"/>
    <meta content="Sunday" name="publication_day_of_week"/>
    <meta content="Society Desk" name="dsk"/>
    <meta content="73" name="print_page_number"/>
    <meta content="1" name="print_section"/>
    <meta content="2" name="print_column"/>
    <meta content="Style" name="online_sections"/>
    <docdata>
      <doc-id id-string="36416"/>
      <doc.copyright holder="The New York Times" year="1987"/>
      <identified-content>
        <classifier class="indexing_service" type="descriptor">WEDDINGS AND ENGAGEMENTS</classifier>
        <classifier class="online_producer" type="taxonomic_classifier">Top/Features/Style</classifier>
        <classifier class="online_producer" type="taxonomic_classifier">Top/Features/Style/Fashion and Style</classifier>
        <classifier class="online_producer" type="taxonomic_classifier">Top/Features/Style/Fashion and Style/Weddings and Celebrations</classifier>
        <classifier class="online_producer" type="general_descriptor">Weddings and Engagements</classifier>
      </identified-content>
    </docdata>
    <pubdata date.publication="19870503T000000" ex-ref="http://query.nytimes.com/gst/fullpage.html?res=9B0DE5DB163BF930A35756C0A961948260" item-length="236" name="The New York Times" unit-of-measure="word"/>
  </head>
  <body>
    <body.head>
      <hedline>
        <hl1>Dr. Judith Smith Weds D. E. Fairbank</hl1>
      </hedline>
    </body.head>
    <body.content>
      <block class="lead_paragraph">
        <p>LEAD: The marriage of Dr. Judith Wilson Smith and David Ezekiel Fairbank took place yesterday at St. Luke's Episcopal Church in Darien, Conn. The Rev. Alice Farquhar-Mayes performed the ceremony.</p>
      </block>
      <block class="full_text">
        <p>LEAD: The marriage of Dr. Judith Wilson Smith and David Ezekiel Fairbank took place yesterday at St. Luke's Episcopal Church in Darien, Conn. The Rev. Alice Farquhar-Mayes performed the ceremony.</p>
        <p>The marriage of Dr. Judith Wilson Smith and David Ezekiel Fairbank took place yesterday at St. Luke's Episcopal Church in Darien, Conn. The Rev. Alice Farquhar-Mayes performed the ceremony.</p>
        <p>The bride, a daughter of Dr. and Mrs. James W. Smith of Greenwich, Conn., is an orthopedic resident at the Hospital for Special Surgery in New York. She graduated from Miss Porter's School, Princeton University and the Columbia University College of Physicians and Surgeons. She was presented at the New York Junior League Debutante Ball and at the Debutante Cotillion and Christmas Ball.</p>
        <p>Her father is on the staff of New York Hospital and is an associate professor in the division of plastic and reconstructive surgery at the New York Hospital-Cornell University Medical College. Her mother, Nancy Keck Smith, is an owner of the Homestead Inn in Greenwich.</p>
        <p>Mr. Fairbank is a son of the late Kellogg Fairbank and the late June W. Taylor of Chicago and is a stepson of Dr. John W. Taylor of Chicago. He is a graduate of the United States Merchant Marine Academy and is eastern regional manager of the Kana Corporation of Chicago, an importer of chemicals. He will begin studies in June at the New York University Graduate School of Business Administration. His stepfather, who is retired, was president of the University of Louisville and deputy director general and acting director general of Unesco in the 1950's.</p>
      </block>
    </body.content>
  </body>
</nitf>
