<?xml version="1.0" encoding="UTF-8"?>
<!DOCTYPE nitf SYSTEM "http://www.nitf.org/IPTC/NITF/3.3/specification/dtd/nitf-3-3.dtd">
<nitf change.date="June 10, 2005" change.time="19:30" version="-//IPTC//DTD NITF 3.3//EN">
  <head>
    <title>Nina Blumenthal, A Doctor, Is Wed</title>
    <meta content="3" name="publication_day_of_month"/>
    <meta content="5" name="publication_month"/>
    <meta content="1987" name="publication_year"/>
    <meta content="Sunday" name="publication_day_of_week"/>
    <meta content="Society Desk" name="dsk"/>
    <meta content="74" name="print_page_number"/>
    <meta content="1" name="print_section"/>
    <meta content="4" name="print_column"/>
    <meta content="Style" name="online_sections"/>
    <docdata>
      <doc-id id-string="36388"/>
      <doc.copyright holder="The New York Times" year="1987"/>
      <identified-content>
        <classifier class="indexing_service" type="descriptor">WEDDINGS AND ENGAGEMENTS</classifier>
        <classifier class="online_producer" type="taxonomic_classifier">Top/Features/Style</classifier>
        <classifier class="online_producer" type="taxonomic_classifier">Top/Features/Style/Fashion and Style</classifier>
        <classifier class="online_producer" type="taxonomic_classifier">Top/Features/Style/Fashion and Style/Weddings and Celebrations</classifier>
        <classifier class="online_producer" type="general_descriptor">Weddings and Engagements</classifier>
      </identified-content>
    </docdata>
    <pubdata date.publication="19870503T000000" ex-ref="http://query.nytimes.com/gst/fullpage.html?res=9B0DE7DF163BF930A35756C0A961948260" item-length="187" name="The New York Times" unit-of-measure="word"/>
  </head>
  <body>
    <body.head>
      <hedline>
        <hl1>Nina Blumenthal, A Doctor, Is Wed</hl1>
      </hedline>
    </body.head>
    <body.content>
      <block class="lead_paragraph">
        <p>LEAD: Dr. Nina Carol Blumenthal, the daughter of Mr. and Mrs. Joseph W. Blumenthal of Southfield, Mich., was married yesterday to Dr. Scott M. Corin, a son of Mr. and Mrs. Benjamin Corin of Roslyn Harbor, L.I. Rabbi Lane Steinger performed the ceremony at the Northfield Hilton Hotel in Troy, Mich.</p>
      </block>
      <block class="full_text">
        <p>LEAD: Dr. Nina Carol Blumenthal, the daughter of Mr. and Mrs. Joseph W. Blumenthal of Southfield, Mich., was married yesterday to Dr. Scott M. Corin, a son of Mr. and Mrs. Benjamin Corin of Roslyn Harbor, L.I. Rabbi Lane Steinger performed the ceremony at the Northfield Hilton Hotel in Troy, Mich.</p>
        <p>Dr. Nina Carol Blumenthal, the daughter of Mr. and Mrs. Joseph W. Blumenthal of Southfield, Mich., was married yesterday to Dr. Scott M. Corin, a son of Mr. and Mrs. Benjamin Corin of Roslyn Harbor, L.I. Rabbi Lane Steinger performed the ceremony at the Northfield Hilton Hotel in Troy, Mich.</p>
        <p>The bride, a resident in dermatology at the Wayne State University affiliated hospitals, graduated cum laude from the University of Michigan and received her medical degree from the University of Michigan Medical School. Her father, who is retired, owned and operated the Lafayette Radio Electronics stores in Michigan. Her mother, Nancy Blumenthal, is a teacher at the Gibson School for the Gifted in Radford, Mich.</p>
        <p>Dr. Corin graduated magna cum laude from Brown University and is an alumnus of the New York University School of Medicine. He is completing a residency in ophthalmology at the Kellogg Eye Center at the University of Michigan. His father is a civil engineer in Roslyn Harbor, where he is also a Village Trustee. His mother, Lucy Corin, teaches mathematics at the John F. Kennedy High School in Bellmore, L.I.</p>
      </block>
    </body.content>
  </body>
</nitf>
