<?xml version="1.0" encoding="UTF-8"?>
<!DOCTYPE nitf SYSTEM "http://www.nitf.org/IPTC/NITF/3.3/specification/dtd/nitf-3-3.dtd">
<nitf change.date="June 10, 2005" change.time="19:30" version="-//IPTC//DTD NITF 3.3//EN">
  <head>
    <title>NATIONWIDE CELLULAR reports earnings for Qtr to March 31</title>
    <meta content="19" name="publication_day_of_month"/>
    <meta content="5" name="publication_month"/>
    <meta content="1987" name="publication_year"/>
    <meta content="Tuesday" name="publication_day_of_week"/>
    <meta content="Financial Desk" name="dsk"/>
    <meta content="8" name="print_page_number"/>
    <meta content="D" name="print_section"/>
    <meta content="5" name="print_column"/>
    <meta content="Business" name="online_sections"/>
    <docdata>
      <doc-id id-string="41893"/>
      <doc.copyright holder="The New York Times" year="1987"/>
      <identified-content>
        <classifier class="indexing_service" type="descriptor">COMPANY REPORTS</classifier>
        <classifier class="online_producer" type="types_of_material">Statistics</classifier>
        <classifier class="online_producer" type="taxonomic_classifier">Top/News/Business</classifier>
        <classifier class="online_producer" type="general_descriptor">Company Reports</classifier>
        <classifier class="online_producer" type="general_descriptor">Corporations</classifier>
      </identified-content>
    </docdata>
    <pubdata date.publication="19870519T000000" ex-ref="http://query.nytimes.com/gst/fullpage.html?res=9A05E0D71026EF32BC4D53DFB16E958A" item-length="46" name="The New York Times" unit-of-measure="word"/>
  </head>
  <body>
    <body.head>
      <hedline>
        <hl1>NATIONWIDE CELLULAR reports earnings for Qtr to March 31</hl1>
      </hedline>
    </body.head>
    <body.content>
      <block class="lead_paragraph">
        <p>LEAD:</p>
        <p>*3*** COMPANY REPORTS **</p>
        <p>*3*NATIONWIDE CELLULAR (OTC)</p>
        <p>Qtr to March 31</p>
        <p>1987</p>
        <p>1986</p>
        <p>Revenue</p>
        <p>5,097,763</p>
        <p>2,093,780</p>
        <p>Net loss</p>
        <p>363,597</p>
        <p>167,402</p>
        <p>The 1987 results include the operations of Nova Cellular Co., which was acquired Dec. 31.</p>
      </block>
      <block class="full_text">
        <p>LEAD:</p>
        <p>*3*** COMPANY REPORTS **</p>
        <p>*3*NATIONWIDE CELLULAR (OTC)</p>
        <p>Qtr to March 31</p>
        <p>1987</p>
        <p>1986</p>
        <p>Revenue</p>
        <p>5,097,763</p>
        <p>2,093,780</p>
        <p>Net loss</p>
        <p>363,597</p>
        <p>167,402</p>
        <p>The 1987 results include the operations of Nova Cellular Co., which was acquired Dec. 31.</p>
        <p>*3*** COMPANY REPORTS **</p>
        <p>*3*NATIONWIDE CELLULAR (OTC)</p>
        <p>Qtr to March 31</p>
        <p>1987</p>
        <p>1986</p>
        <p>Revenue</p>
        <p>5,097,763</p>
        <p>2,093,780</p>
        <p>Net loss</p>
        <p>363,597</p>
        <p>167,402</p>
        <p>The 1987 results include the operations of Nova Cellular Co., which was acquired Dec. 31.</p>
      </block>
    </body.content>
  </body>
</nitf>
