<?xml version="1.0" encoding="UTF-8"?>
<!DOCTYPE nitf SYSTEM "http://www.nitf.org/IPTC/NITF/3.3/specification/dtd/nitf-3-3.dtd">
<nitf change.date="June 10, 2005" change.time="19:30" version="-//IPTC//DTD NITF 3.3//EN">
  <head>
    <title>G.M. Optimistic</title>
    <meta content="22" name="publication_day_of_month"/>
    <meta content="12" name="publication_month"/>
    <meta content="1987" name="publication_year"/>
    <meta content="Tuesday" name="publication_day_of_week"/>
    <meta content="Financial Desk" name="dsk"/>
    <meta content="4" name="print_page_number"/>
    <meta content="D" name="print_section"/>
    <meta content="5" name="print_column"/>
    <meta content="Business" name="online_sections"/>
    <docdata>
      <doc-id id-string="103964"/>
      <doc.copyright holder="The New York Times" year="1987"/>
      <series series.name="COMPANY NEWS"/>
      <identified-content>
        <classifier class="indexing_service" type="descriptor">AUTOMOBILES</classifier>
        <location class="indexing_service">EUROPE, WEST</location>
        <org class="indexing_service">GENERAL MOTORS CORP</org>
        <org class="indexing_service">OPEL, ADAM, DIVISION OF GENERAL MOTORS CORP</org>
        <org class="indexing_service">VAUXHALL MOTORS LTD</org>
        <classifier class="online_producer" type="taxonomic_classifier">Top/News/Business</classifier>
        <classifier class="online_producer" type="taxonomic_classifier">Top/Features/Travel/Guides/Activities and Interests/Road Trips</classifier>
        <classifier class="online_producer" type="taxonomic_classifier">Top/Features/Travel/Guides/Destinations/Europe</classifier>
        <classifier class="online_producer" type="general_descriptor">Automobiles</classifier>
      </identified-content>
    </docdata>
    <pubdata date.publication="19871222T000000" ex-ref="http://query.nytimes.com/gst/fullpage.html?res=9B0DE3D9133DF931A15751C1A961948260" item-length="73" name="The New York Times" unit-of-measure="word"/>
  </head>
  <body>
    <body.head>
      <hedline>
        <hl1>G.M. Optimistic</hl1>
      </hedline>
      <byline class="print_byline">Special to the New York Times</byline>
      <dateline>DETROIT, Dec. 21</dateline>
    </body.head>
    <body.content>
      <block class="lead_paragraph">
        <p>LEAD: The General Motors Corporation said it had projected sales of 1.3 million Opel and Vauxhall cars in Europe in 1987. The projections are 3 percent more than last year's sales of 1.2 million and equal to 10.7 percent of the market, compared with 10.9 percent in 1986. John F. Smith Jr., the president of G.M.</p>
      </block>
      <block class="full_text">
        <p>LEAD: The General Motors Corporation said it had projected sales of 1.3 million Opel and Vauxhall cars in Europe in 1987. The projections are 3 percent more than last year's sales of 1.2 million and equal to 10.7 percent of the market, compared with 10.9 percent in 1986. John F. Smith Jr., the president of G.M.</p>
        <p>The General Motors Corporation said it had projected sales of 1.3 million Opel and Vauxhall cars in Europe in 1987. The projections are 3 percent more than last year's sales of 1.2 million and equal to 10.7 percent of the market, compared with 10.9 percent in 1986. John F. Smith Jr., the president of G.M. Europe, said the company was profitable again now that an extensive program of capital investment had been largely completed.</p>
        <p>COMPANY NEWS</p>
      </block>
    </body.content>
  </body>
</nitf>
