<?xml version="1.0" encoding="UTF-8"?>
<!DOCTYPE nitf SYSTEM "http://www.nitf.org/IPTC/NITF/3.3/specification/dtd/nitf-3-3.dtd">
<nitf change.date="June 10, 2005" change.time="19:30" version="-//IPTC//DTD NITF 3.3//EN">
  <head>
    <title>HMG PROPERTY INVESTORS reports earnings for Qtr to Dec 31</title>
    <meta content="31" name="publication_day_of_month"/>
    <meta content="3" name="publication_month"/>
    <meta content="1987" name="publication_year"/>
    <meta content="Tuesday" name="publication_day_of_week"/>
    <meta content="Financial Desk" name="dsk"/>
    <meta content="21" name="print_page_number"/>
    <meta content="D" name="print_section"/>
    <meta content="3" name="print_column"/>
    <meta content="Business" name="online_sections"/>
    <docdata>
      <doc-id id-string="25924"/>
      <doc.copyright holder="The New York Times" year="1987"/>
      <identified-content>
        <classifier class="indexing_service" type="descriptor">COMPANY REPORTS</classifier>
        <classifier class="online_producer" type="types_of_material">Statistics</classifier>
        <classifier class="online_producer" type="taxonomic_classifier">Top/News/Business</classifier>
        <classifier class="online_producer" type="general_descriptor">Company Reports</classifier>
        <classifier class="online_producer" type="general_descriptor">Corporations</classifier>
      </identified-content>
    </docdata>
    <pubdata date.publication="19870331T000000" ex-ref="http://query.nytimes.com/gst/fullpage.html?res=9F05E0D7153BF932A05750C0A961948260" item-length="99" name="The New York Times" unit-of-measure="word"/>
  </head>
  <body>
    <body.head>
      <hedline>
        <hl1>HMG PROPERTY INVESTORS reports earnings for Qtr to Dec 31</hl1>
      </hedline>
    </body.head>
    <body.content>
      <block class="lead_paragraph">
        <p>LEAD:</p>
        <p>*3*** COMPANY REPORTS **</p>
        <p>*3*HMG PROPERTY INVESTORS (AMEX)</p>
        <p>Qtr to Dec 31</p>
        <p>1986</p>
        <p>1985</p>
        <p>Revenue</p>
        <p>4,219,612</p>
        <p>3,088,175</p>
        <p>Net loss</p>
        <p>b1,126,065</p>
        <p>c1,208,724</p>
        <p>Share earns</p>
        <p>-</p>
        <p>.99</p>
        <p>Yr rev</p>
        <p>12,831,830</p>
        <p>11,329,497</p>
        <p>Net loss</p>
        <p>b1,272,933</p>
        <p>c12,372</p>
        <p>Share earns</p>
        <p>-</p>
        <p>.01</p>
      </block>
      <block class="full_text">
        <p>LEAD:</p>
        <p>*3*** COMPANY REPORTS **</p>
        <p>*3*HMG PROPERTY INVESTORS (AMEX)</p>
        <p>Qtr to Dec 31</p>
        <p>1986</p>
        <p>1985</p>
        <p>Revenue</p>
        <p>4,219,612</p>
        <p>3,088,175</p>
        <p>Net loss</p>
        <p>b1,126,065</p>
        <p>c1,208,724</p>
        <p>Share earns</p>
        <p>-</p>
        <p>.99</p>
        <p>Yr rev</p>
        <p>12,831,830</p>
        <p>11,329,497</p>
        <p>Net loss</p>
        <p>b1,272,933</p>
        <p>c12,372</p>
        <p>Share earns</p>
        <p>-</p>
        <p>.01</p>
        <p>*3*** COMPANY REPORTS **</p>
        <p>*3*HMG PROPERTY INVESTORS (AMEX)</p>
        <p>Qtr to Dec 31</p>
        <p>1986</p>
        <p>1985</p>
        <p>Revenue</p>
        <p>4,219,612</p>
        <p>3,088,175</p>
        <p>Net loss</p>
        <p>b1,126,065</p>
        <p>c1,208,724</p>
        <p>Share earns</p>
        <p>-</p>
        <p>.99</p>
        <p>Yr rev</p>
        <p>12,831,830</p>
        <p>11,329,497</p>
        <p>Net loss</p>
        <p>b1,272,933</p>
        <p>c12,372</p>
        <p>Share earns</p>
        <p>-</p>
        <p>.01</p>
        <p>b-Includes a loss of $180,000 from the sale of real estate for the quarter; and the year include a gain of $3,382,483 on the sale of real estate.</p>
        <p>c-Net income and includes gains from the sale of real estate of $3,959,813 and $5,328,626 for the quarter and year, respectively.</p>
      </block>
    </body.content>
  </body>
</nitf>
