<?xml version="1.0" encoding="UTF-8"?>
<!DOCTYPE nitf SYSTEM "http://www.nitf.org/IPTC/NITF/3.3/specification/dtd/nitf-3-3.dtd">
<nitf change.date="June 10, 2005" change.time="19:30" version="-//IPTC//DTD NITF 3.3//EN">
  <head>
    <title>WORLCO DATA SYSTEMS reports earnings for Qtr to Dec 31</title>
    <meta content="31" name="publication_day_of_month"/>
    <meta content="3" name="publication_month"/>
    <meta content="1987" name="publication_year"/>
    <meta content="Tuesday" name="publication_day_of_week"/>
    <meta content="Financial Desk" name="dsk"/>
    <meta content="21" name="print_page_number"/>
    <meta content="D" name="print_section"/>
    <meta content="3" name="print_column"/>
    <meta content="Business" name="online_sections"/>
    <docdata>
      <doc-id id-string="26183"/>
      <doc.copyright holder="The New York Times" year="1987"/>
      <identified-content>
        <classifier class="indexing_service" type="descriptor">COMPANY REPORTS</classifier>
        <classifier class="online_producer" type="types_of_material">Statistics</classifier>
        <classifier class="online_producer" type="taxonomic_classifier">Top/News/Business</classifier>
        <classifier class="online_producer" type="general_descriptor">Company Reports</classifier>
        <classifier class="online_producer" type="general_descriptor">Corporations</classifier>
      </identified-content>
    </docdata>
    <pubdata date.publication="19870331T000000" ex-ref="http://query.nytimes.com/gst/fullpage.html?res=9F05E0D7113FF932A05750C0A961948260" item-length="127" name="The New York Times" unit-of-measure="word"/>
  </head>
  <body>
    <body.head>
      <hedline>
        <hl1>WORLCO DATA SYSTEMS reports earnings for Qtr to Dec 31</hl1>
      </hedline>
    </body.head>
    <body.content>
      <block class="lead_paragraph">
        <p>LEAD:</p>
        <p>*3*** COMPANY REPORTS **</p>
        <p>*3*WORLCO DATA SYSTEMS (OTC)</p>
        <p>Qtr to Dec 31</p>
        <p>1986</p>
        <p>1985</p>
        <p>Revenue</p>
        <p>2,716,577</p>
        <p>2,088,198</p>
        <p>Net inc</p>
        <p>152,475</p>
        <p>247,147</p>
        <p>Share earns</p>
        <p>.05</p>
        <p>.09</p>
        <p>9mo rev</p>
        <p>7,701,050</p>
        <p>5,992,326</p>
        <p>Net inc</p>
        <p>312,303</p>
        <p>88,451</p>
        <p>Share earns</p>
        <p>.11</p>
        <p>.03</p>
      </block>
      <block class="full_text">
        <p>LEAD:</p>
        <p>*3*** COMPANY REPORTS **</p>
        <p>*3*WORLCO DATA SYSTEMS (OTC)</p>
        <p>Qtr to Dec 31</p>
        <p>1986</p>
        <p>1985</p>
        <p>Revenue</p>
        <p>2,716,577</p>
        <p>2,088,198</p>
        <p>Net inc</p>
        <p>152,475</p>
        <p>247,147</p>
        <p>Share earns</p>
        <p>.05</p>
        <p>.09</p>
        <p>9mo rev</p>
        <p>7,701,050</p>
        <p>5,992,326</p>
        <p>Net inc</p>
        <p>312,303</p>
        <p>88,451</p>
        <p>Share earns</p>
        <p>.11</p>
        <p>.03</p>
        <p>*3*** COMPANY REPORTS **</p>
        <p>*3*WORLCO DATA SYSTEMS (OTC)</p>
        <p>Qtr to Dec 31</p>
        <p>1986</p>
        <p>1985</p>
        <p>Revenue</p>
        <p>2,716,577</p>
        <p>2,088,198</p>
        <p>Net inc</p>
        <p>152,475</p>
        <p>247,147</p>
        <p>Share earns</p>
        <p>.05</p>
        <p>.09</p>
        <p>9mo rev</p>
        <p>7,701,050</p>
        <p>5,992,326</p>
        <p>Net inc</p>
        <p>312,303</p>
        <p>88,451</p>
        <p>Share earns</p>
        <p>.11</p>
        <p>.03</p>
      </block>
    </body.content>
  </body>
</nitf>
