<?xml version="1.0" encoding="UTF-8"?>
<!DOCTYPE nitf SYSTEM "http://www.nitf.org/IPTC/NITF/3.3/specification/dtd/nitf-3-3.dtd">
<nitf change.date="June 10, 2005" change.time="19:30" version="-//IPTC//DTD NITF 3.3//EN">
  <head>
    <title>FRUEHAUF CORP reports earnings for Qtr to June 30</title>
    <meta content="29" name="publication_day_of_month"/>
    <meta content="7" name="publication_month"/>
    <meta content="1987" name="publication_year"/>
    <meta content="Wednesday" name="publication_day_of_week"/>
    <meta content="Financial Desk" name="dsk"/>
    <meta content="16" name="print_page_number"/>
    <meta content="D" name="print_section"/>
    <meta content="1" name="print_column"/>
    <meta content="Business" name="online_sections"/>
    <docdata>
      <doc-id id-string="61009"/>
      <doc.copyright holder="The New York Times" year="1987"/>
      <identified-content>
        <classifier class="indexing_service" type="descriptor">COMPANY REPORTS</classifier>
        <classifier class="online_producer" type="types_of_material">Statistics</classifier>
        <classifier class="online_producer" type="taxonomic_classifier">Top/News/Business</classifier>
        <classifier class="online_producer" type="general_descriptor">Company Reports</classifier>
        <classifier class="online_producer" type="general_descriptor">Corporations</classifier>
      </identified-content>
    </docdata>
    <pubdata date.publication="19870729T000000" ex-ref="http://query.nytimes.com/gst/fullpage.html?res=9B05E0D7133CF93AA15754C0A961948260" item-length="155" name="The New York Times" unit-of-measure="word"/>
  </head>
  <body>
    <body.head>
      <hedline>
        <hl1>FRUEHAUF CORP reports earnings for Qtr to June 30</hl1>
      </hedline>
    </body.head>
    <body.content>
      <block class="lead_paragraph">
        <p>LEAD:</p>
        <p>*3*** COMPANY REPORTS **</p>
        <p>*3*FRUEHAUF CORP (NYSE)</p>
        <p>Qtr to June 30</p>
        <p>1987</p>
        <p>1986</p>
        <p>Sales</p>
        <p>655,812,000</p>
        <p>630,553,000</p>
        <p>Net loss</p>
        <p>b9,668,000</p>
        <p>c6,549,000</p>
        <p>6mo sales</p>
        <p>1,261,387,000</p>
        <p>1,161,249,000</p>
        <p>Net loss</p>
        <p>b15,331,000</p>
        <p>c12,369,000</p>
        <p>b-Includes tax credits of $6,000,000 for the quarter and $15,600,000 for the 6 months; and gains from discontinued operations of $5,561,000 and $13,778,000 for the quarter and 6 months, respectively.</p>
      </block>
      <block class="full_text">
        <p>LEAD:</p>
        <p>*3*** COMPANY REPORTS **</p>
        <p>*3*FRUEHAUF CORP (NYSE)</p>
        <p>Qtr to June 30</p>
        <p>1987</p>
        <p>1986</p>
        <p>Sales</p>
        <p>655,812,000</p>
        <p>630,553,000</p>
        <p>Net loss</p>
        <p>b9,668,000</p>
        <p>c6,549,000</p>
        <p>6mo sales</p>
        <p>1,261,387,000</p>
        <p>1,161,249,000</p>
        <p>Net loss</p>
        <p>b15,331,000</p>
        <p>c12,369,000</p>
        <p>b-Includes tax credits of $6,000,000 for the quarter and $15,600,000 for the 6 months; and gains from discontinued operations of $5,561,000 and $13,778,000 for the quarter and 6 months, respectively.</p>
        <p>*3*** COMPANY REPORTS **</p>
        <p>*3*FRUEHAUF CORP (NYSE)</p>
        <p>Qtr to June 30</p>
        <p>1987</p>
        <p>1986</p>
        <p>Sales</p>
        <p>655,812,000</p>
        <p>630,553,000</p>
        <p>Net loss</p>
        <p>b9,668,000</p>
        <p>c6,549,000</p>
        <p>6mo sales</p>
        <p>1,261,387,000</p>
        <p>1,161,249,000</p>
        <p>Net loss</p>
        <p>b15,331,000</p>
        <p>c12,369,000</p>
        <p>b-Includes tax credits of $6,000,000 for the quarter and $15,600,000 for the 6 months; and gains from discontinued operations of $5,561,000 and $13,778,000 for the quarter and 6 months, respectively.</p>
        <p>c-Net income and after tax credits of $2,600,000 and $5 million for the quarter and 6 months, respectively; and gains from discontinued operations of $8,958,000 for the quarter and $17,403,000 for the 6 months, and extraordinary charges of $4,191,000 and $7,739,000 for the quarter and 6 months, respectively.</p>
        <p>The company said year-ago share earnings were not presented because the capitalization was not comparable to the new capital structure.</p>
      </block>
    </body.content>
  </body>
</nitf>
