<?xml version="1.0" encoding="UTF-8"?>
<!DOCTYPE nitf SYSTEM "http://www.nitf.org/IPTC/NITF/3.3/specification/dtd/nitf-3-3.dtd">
<nitf change.date="June 10, 2005" change.time="19:30" version="-//IPTC//DTD NITF 3.3//EN">
  <head>
    <title>HUNTER HARRIS Jr.</title>
    <meta content="12" name="publication_day_of_month"/>
    <meta content="3" name="publication_month"/>
    <meta content="1987" name="publication_year"/>
    <meta content="Thursday" name="publication_day_of_week"/>
    <meta content="Obituary" name="dsk"/>
    <meta content="16" name="print_page_number"/>
    <meta content="B" name="print_section"/>
    <meta content="3" name="print_column"/>
    <meta content="Obituaries" name="online_sections"/>
    <docdata>
      <doc-id id-string="20769"/>
      <doc.copyright holder="The New York Times" year="1987"/>
      <identified-content>
        <classifier class="indexing_service" type="descriptor">DEATHS</classifier>
        <person class="indexing_service">HARRIS, HUNTER JR</person>
        <classifier class="online_producer" type="types_of_material">Obituary</classifier>
        <classifier class="online_producer" type="taxonomic_classifier">Top/News/Obituaries</classifier>
      </identified-content>
    </docdata>
    <pubdata date.publication="19870312T000000" ex-ref="http://query.nytimes.com/gst/fullpage.html?res=9B0DE7D6123DF931A25750C0A961948260" item-length="75" name="The New York Times" unit-of-measure="word"/>
  </head>
  <body>
    <body.head>
      <hedline>
        <hl1>HUNTER HARRIS Jr.</hl1>
      </hedline>
      <byline class="print_byline">AP</byline>
      <dateline>HONOLULU, March 11</dateline>
    </body.head>
    <body.content>
      <block class="lead_paragraph">
        <p>LEAD: Gen. Hunter Harris Jr., former commander of Pacific Air Forces, died last Thursday. He was 77 years old.</p>
      </block>
      <block class="full_text">
        <p>LEAD: Gen. Hunter Harris Jr., former commander of Pacific Air Forces, died last Thursday. He was 77 years old.</p>
        <p>Gen. Hunter Harris Jr., former commander of Pacific Air Forces, died last Thursday. He was 77 years old.</p>
        <p>General Harris, a graduate of the United States Military Academy, was Pacaf commander from 1964 until his retirement in 1967. He was previously vice commander of the Strategic Air Command at Offutt Air Force Base, Neb.</p>
        <p>General Harris, who was born in Fort Sam Houston, Tex., had been living here since his retirement after 35 years service.</p>
      </block>
    </body.content>
  </body>
</nitf>
